// Code generated by gen_unicodedata_tables.py from the pinned CPython 3.14.6
// unicodedata (Unicode Character Database 16.0.0). DO NOT EDIT.
//
// The canonical and compatibility decomposition mappings, canonical combining
// classes, and canonical composition pairs behind unicodedata.normalize, plus the
// decimal/digit/numeric values and the Bidi_Mirrored flag. Hangul syllables are
// handled arithmetically in unicodedatamod.go and are absent from the decomposition
// tables here.

package runtime

var ucdCanonDecomp = map[rune][]rune{
	0xC0:    {0x41, 0x300},
	0xC1:    {0x41, 0x301},
	0xC2:    {0x41, 0x302},
	0xC3:    {0x41, 0x303},
	0xC4:    {0x41, 0x308},
	0xC5:    {0x41, 0x30A},
	0xC7:    {0x43, 0x327},
	0xC8:    {0x45, 0x300},
	0xC9:    {0x45, 0x301},
	0xCA:    {0x45, 0x302},
	0xCB:    {0x45, 0x308},
	0xCC:    {0x49, 0x300},
	0xCD:    {0x49, 0x301},
	0xCE:    {0x49, 0x302},
	0xCF:    {0x49, 0x308},
	0xD1:    {0x4E, 0x303},
	0xD2:    {0x4F, 0x300},
	0xD3:    {0x4F, 0x301},
	0xD4:    {0x4F, 0x302},
	0xD5:    {0x4F, 0x303},
	0xD6:    {0x4F, 0x308},
	0xD9:    {0x55, 0x300},
	0xDA:    {0x55, 0x301},
	0xDB:    {0x55, 0x302},
	0xDC:    {0x55, 0x308},
	0xDD:    {0x59, 0x301},
	0xE0:    {0x61, 0x300},
	0xE1:    {0x61, 0x301},
	0xE2:    {0x61, 0x302},
	0xE3:    {0x61, 0x303},
	0xE4:    {0x61, 0x308},
	0xE5:    {0x61, 0x30A},
	0xE7:    {0x63, 0x327},
	0xE8:    {0x65, 0x300},
	0xE9:    {0x65, 0x301},
	0xEA:    {0x65, 0x302},
	0xEB:    {0x65, 0x308},
	0xEC:    {0x69, 0x300},
	0xED:    {0x69, 0x301},
	0xEE:    {0x69, 0x302},
	0xEF:    {0x69, 0x308},
	0xF1:    {0x6E, 0x303},
	0xF2:    {0x6F, 0x300},
	0xF3:    {0x6F, 0x301},
	0xF4:    {0x6F, 0x302},
	0xF5:    {0x6F, 0x303},
	0xF6:    {0x6F, 0x308},
	0xF9:    {0x75, 0x300},
	0xFA:    {0x75, 0x301},
	0xFB:    {0x75, 0x302},
	0xFC:    {0x75, 0x308},
	0xFD:    {0x79, 0x301},
	0xFF:    {0x79, 0x308},
	0x100:   {0x41, 0x304},
	0x101:   {0x61, 0x304},
	0x102:   {0x41, 0x306},
	0x103:   {0x61, 0x306},
	0x104:   {0x41, 0x328},
	0x105:   {0x61, 0x328},
	0x106:   {0x43, 0x301},
	0x107:   {0x63, 0x301},
	0x108:   {0x43, 0x302},
	0x109:   {0x63, 0x302},
	0x10A:   {0x43, 0x307},
	0x10B:   {0x63, 0x307},
	0x10C:   {0x43, 0x30C},
	0x10D:   {0x63, 0x30C},
	0x10E:   {0x44, 0x30C},
	0x10F:   {0x64, 0x30C},
	0x112:   {0x45, 0x304},
	0x113:   {0x65, 0x304},
	0x114:   {0x45, 0x306},
	0x115:   {0x65, 0x306},
	0x116:   {0x45, 0x307},
	0x117:   {0x65, 0x307},
	0x118:   {0x45, 0x328},
	0x119:   {0x65, 0x328},
	0x11A:   {0x45, 0x30C},
	0x11B:   {0x65, 0x30C},
	0x11C:   {0x47, 0x302},
	0x11D:   {0x67, 0x302},
	0x11E:   {0x47, 0x306},
	0x11F:   {0x67, 0x306},
	0x120:   {0x47, 0x307},
	0x121:   {0x67, 0x307},
	0x122:   {0x47, 0x327},
	0x123:   {0x67, 0x327},
	0x124:   {0x48, 0x302},
	0x125:   {0x68, 0x302},
	0x128:   {0x49, 0x303},
	0x129:   {0x69, 0x303},
	0x12A:   {0x49, 0x304},
	0x12B:   {0x69, 0x304},
	0x12C:   {0x49, 0x306},
	0x12D:   {0x69, 0x306},
	0x12E:   {0x49, 0x328},
	0x12F:   {0x69, 0x328},
	0x130:   {0x49, 0x307},
	0x134:   {0x4A, 0x302},
	0x135:   {0x6A, 0x302},
	0x136:   {0x4B, 0x327},
	0x137:   {0x6B, 0x327},
	0x139:   {0x4C, 0x301},
	0x13A:   {0x6C, 0x301},
	0x13B:   {0x4C, 0x327},
	0x13C:   {0x6C, 0x327},
	0x13D:   {0x4C, 0x30C},
	0x13E:   {0x6C, 0x30C},
	0x143:   {0x4E, 0x301},
	0x144:   {0x6E, 0x301},
	0x145:   {0x4E, 0x327},
	0x146:   {0x6E, 0x327},
	0x147:   {0x4E, 0x30C},
	0x148:   {0x6E, 0x30C},
	0x14C:   {0x4F, 0x304},
	0x14D:   {0x6F, 0x304},
	0x14E:   {0x4F, 0x306},
	0x14F:   {0x6F, 0x306},
	0x150:   {0x4F, 0x30B},
	0x151:   {0x6F, 0x30B},
	0x154:   {0x52, 0x301},
	0x155:   {0x72, 0x301},
	0x156:   {0x52, 0x327},
	0x157:   {0x72, 0x327},
	0x158:   {0x52, 0x30C},
	0x159:   {0x72, 0x30C},
	0x15A:   {0x53, 0x301},
	0x15B:   {0x73, 0x301},
	0x15C:   {0x53, 0x302},
	0x15D:   {0x73, 0x302},
	0x15E:   {0x53, 0x327},
	0x15F:   {0x73, 0x327},
	0x160:   {0x53, 0x30C},
	0x161:   {0x73, 0x30C},
	0x162:   {0x54, 0x327},
	0x163:   {0x74, 0x327},
	0x164:   {0x54, 0x30C},
	0x165:   {0x74, 0x30C},
	0x168:   {0x55, 0x303},
	0x169:   {0x75, 0x303},
	0x16A:   {0x55, 0x304},
	0x16B:   {0x75, 0x304},
	0x16C:   {0x55, 0x306},
	0x16D:   {0x75, 0x306},
	0x16E:   {0x55, 0x30A},
	0x16F:   {0x75, 0x30A},
	0x170:   {0x55, 0x30B},
	0x171:   {0x75, 0x30B},
	0x172:   {0x55, 0x328},
	0x173:   {0x75, 0x328},
	0x174:   {0x57, 0x302},
	0x175:   {0x77, 0x302},
	0x176:   {0x59, 0x302},
	0x177:   {0x79, 0x302},
	0x178:   {0x59, 0x308},
	0x179:   {0x5A, 0x301},
	0x17A:   {0x7A, 0x301},
	0x17B:   {0x5A, 0x307},
	0x17C:   {0x7A, 0x307},
	0x17D:   {0x5A, 0x30C},
	0x17E:   {0x7A, 0x30C},
	0x1A0:   {0x4F, 0x31B},
	0x1A1:   {0x6F, 0x31B},
	0x1AF:   {0x55, 0x31B},
	0x1B0:   {0x75, 0x31B},
	0x1CD:   {0x41, 0x30C},
	0x1CE:   {0x61, 0x30C},
	0x1CF:   {0x49, 0x30C},
	0x1D0:   {0x69, 0x30C},
	0x1D1:   {0x4F, 0x30C},
	0x1D2:   {0x6F, 0x30C},
	0x1D3:   {0x55, 0x30C},
	0x1D4:   {0x75, 0x30C},
	0x1D5:   {0x55, 0x308, 0x304},
	0x1D6:   {0x75, 0x308, 0x304},
	0x1D7:   {0x55, 0x308, 0x301},
	0x1D8:   {0x75, 0x308, 0x301},
	0x1D9:   {0x55, 0x308, 0x30C},
	0x1DA:   {0x75, 0x308, 0x30C},
	0x1DB:   {0x55, 0x308, 0x300},
	0x1DC:   {0x75, 0x308, 0x300},
	0x1DE:   {0x41, 0x308, 0x304},
	0x1DF:   {0x61, 0x308, 0x304},
	0x1E0:   {0x41, 0x307, 0x304},
	0x1E1:   {0x61, 0x307, 0x304},
	0x1E2:   {0xC6, 0x304},
	0x1E3:   {0xE6, 0x304},
	0x1E6:   {0x47, 0x30C},
	0x1E7:   {0x67, 0x30C},
	0x1E8:   {0x4B, 0x30C},
	0x1E9:   {0x6B, 0x30C},
	0x1EA:   {0x4F, 0x328},
	0x1EB:   {0x6F, 0x328},
	0x1EC:   {0x4F, 0x328, 0x304},
	0x1ED:   {0x6F, 0x328, 0x304},
	0x1EE:   {0x1B7, 0x30C},
	0x1EF:   {0x292, 0x30C},
	0x1F0:   {0x6A, 0x30C},
	0x1F4:   {0x47, 0x301},
	0x1F5:   {0x67, 0x301},
	0x1F8:   {0x4E, 0x300},
	0x1F9:   {0x6E, 0x300},
	0x1FA:   {0x41, 0x30A, 0x301},
	0x1FB:   {0x61, 0x30A, 0x301},
	0x1FC:   {0xC6, 0x301},
	0x1FD:   {0xE6, 0x301},
	0x1FE:   {0xD8, 0x301},
	0x1FF:   {0xF8, 0x301},
	0x200:   {0x41, 0x30F},
	0x201:   {0x61, 0x30F},
	0x202:   {0x41, 0x311},
	0x203:   {0x61, 0x311},
	0x204:   {0x45, 0x30F},
	0x205:   {0x65, 0x30F},
	0x206:   {0x45, 0x311},
	0x207:   {0x65, 0x311},
	0x208:   {0x49, 0x30F},
	0x209:   {0x69, 0x30F},
	0x20A:   {0x49, 0x311},
	0x20B:   {0x69, 0x311},
	0x20C:   {0x4F, 0x30F},
	0x20D:   {0x6F, 0x30F},
	0x20E:   {0x4F, 0x311},
	0x20F:   {0x6F, 0x311},
	0x210:   {0x52, 0x30F},
	0x211:   {0x72, 0x30F},
	0x212:   {0x52, 0x311},
	0x213:   {0x72, 0x311},
	0x214:   {0x55, 0x30F},
	0x215:   {0x75, 0x30F},
	0x216:   {0x55, 0x311},
	0x217:   {0x75, 0x311},
	0x218:   {0x53, 0x326},
	0x219:   {0x73, 0x326},
	0x21A:   {0x54, 0x326},
	0x21B:   {0x74, 0x326},
	0x21E:   {0x48, 0x30C},
	0x21F:   {0x68, 0x30C},
	0x226:   {0x41, 0x307},
	0x227:   {0x61, 0x307},
	0x228:   {0x45, 0x327},
	0x229:   {0x65, 0x327},
	0x22A:   {0x4F, 0x308, 0x304},
	0x22B:   {0x6F, 0x308, 0x304},
	0x22C:   {0x4F, 0x303, 0x304},
	0x22D:   {0x6F, 0x303, 0x304},
	0x22E:   {0x4F, 0x307},
	0x22F:   {0x6F, 0x307},
	0x230:   {0x4F, 0x307, 0x304},
	0x231:   {0x6F, 0x307, 0x304},
	0x232:   {0x59, 0x304},
	0x233:   {0x79, 0x304},
	0x340:   {0x300},
	0x341:   {0x301},
	0x343:   {0x313},
	0x344:   {0x308, 0x301},
	0x374:   {0x2B9},
	0x37E:   {0x3B},
	0x385:   {0xA8, 0x301},
	0x386:   {0x391, 0x301},
	0x387:   {0xB7},
	0x388:   {0x395, 0x301},
	0x389:   {0x397, 0x301},
	0x38A:   {0x399, 0x301},
	0x38C:   {0x39F, 0x301},
	0x38E:   {0x3A5, 0x301},
	0x38F:   {0x3A9, 0x301},
	0x390:   {0x3B9, 0x308, 0x301},
	0x3AA:   {0x399, 0x308},
	0x3AB:   {0x3A5, 0x308},
	0x3AC:   {0x3B1, 0x301},
	0x3AD:   {0x3B5, 0x301},
	0x3AE:   {0x3B7, 0x301},
	0x3AF:   {0x3B9, 0x301},
	0x3B0:   {0x3C5, 0x308, 0x301},
	0x3CA:   {0x3B9, 0x308},
	0x3CB:   {0x3C5, 0x308},
	0x3CC:   {0x3BF, 0x301},
	0x3CD:   {0x3C5, 0x301},
	0x3CE:   {0x3C9, 0x301},
	0x3D3:   {0x3D2, 0x301},
	0x3D4:   {0x3D2, 0x308},
	0x400:   {0x415, 0x300},
	0x401:   {0x415, 0x308},
	0x403:   {0x413, 0x301},
	0x407:   {0x406, 0x308},
	0x40C:   {0x41A, 0x301},
	0x40D:   {0x418, 0x300},
	0x40E:   {0x423, 0x306},
	0x419:   {0x418, 0x306},
	0x439:   {0x438, 0x306},
	0x450:   {0x435, 0x300},
	0x451:   {0x435, 0x308},
	0x453:   {0x433, 0x301},
	0x457:   {0x456, 0x308},
	0x45C:   {0x43A, 0x301},
	0x45D:   {0x438, 0x300},
	0x45E:   {0x443, 0x306},
	0x476:   {0x474, 0x30F},
	0x477:   {0x475, 0x30F},
	0x4C1:   {0x416, 0x306},
	0x4C2:   {0x436, 0x306},
	0x4D0:   {0x410, 0x306},
	0x4D1:   {0x430, 0x306},
	0x4D2:   {0x410, 0x308},
	0x4D3:   {0x430, 0x308},
	0x4D6:   {0x415, 0x306},
	0x4D7:   {0x435, 0x306},
	0x4DA:   {0x4D8, 0x308},
	0x4DB:   {0x4D9, 0x308},
	0x4DC:   {0x416, 0x308},
	0x4DD:   {0x436, 0x308},
	0x4DE:   {0x417, 0x308},
	0x4DF:   {0x437, 0x308},
	0x4E2:   {0x418, 0x304},
	0x4E3:   {0x438, 0x304},
	0x4E4:   {0x418, 0x308},
	0x4E5:   {0x438, 0x308},
	0x4E6:   {0x41E, 0x308},
	0x4E7:   {0x43E, 0x308},
	0x4EA:   {0x4E8, 0x308},
	0x4EB:   {0x4E9, 0x308},
	0x4EC:   {0x42D, 0x308},
	0x4ED:   {0x44D, 0x308},
	0x4EE:   {0x423, 0x304},
	0x4EF:   {0x443, 0x304},
	0x4F0:   {0x423, 0x308},
	0x4F1:   {0x443, 0x308},
	0x4F2:   {0x423, 0x30B},
	0x4F3:   {0x443, 0x30B},
	0x4F4:   {0x427, 0x308},
	0x4F5:   {0x447, 0x308},
	0x4F8:   {0x42B, 0x308},
	0x4F9:   {0x44B, 0x308},
	0x622:   {0x627, 0x653},
	0x623:   {0x627, 0x654},
	0x624:   {0x648, 0x654},
	0x625:   {0x627, 0x655},
	0x626:   {0x64A, 0x654},
	0x6C0:   {0x6D5, 0x654},
	0x6C2:   {0x6C1, 0x654},
	0x6D3:   {0x6D2, 0x654},
	0x929:   {0x928, 0x93C},
	0x931:   {0x930, 0x93C},
	0x934:   {0x933, 0x93C},
	0x958:   {0x915, 0x93C},
	0x959:   {0x916, 0x93C},
	0x95A:   {0x917, 0x93C},
	0x95B:   {0x91C, 0x93C},
	0x95C:   {0x921, 0x93C},
	0x95D:   {0x922, 0x93C},
	0x95E:   {0x92B, 0x93C},
	0x95F:   {0x92F, 0x93C},
	0x9CB:   {0x9C7, 0x9BE},
	0x9CC:   {0x9C7, 0x9D7},
	0x9DC:   {0x9A1, 0x9BC},
	0x9DD:   {0x9A2, 0x9BC},
	0x9DF:   {0x9AF, 0x9BC},
	0xA33:   {0xA32, 0xA3C},
	0xA36:   {0xA38, 0xA3C},
	0xA59:   {0xA16, 0xA3C},
	0xA5A:   {0xA17, 0xA3C},
	0xA5B:   {0xA1C, 0xA3C},
	0xA5E:   {0xA2B, 0xA3C},
	0xB48:   {0xB47, 0xB56},
	0xB4B:   {0xB47, 0xB3E},
	0xB4C:   {0xB47, 0xB57},
	0xB5C:   {0xB21, 0xB3C},
	0xB5D:   {0xB22, 0xB3C},
	0xB94:   {0xB92, 0xBD7},
	0xBCA:   {0xBC6, 0xBBE},
	0xBCB:   {0xBC7, 0xBBE},
	0xBCC:   {0xBC6, 0xBD7},
	0xC48:   {0xC46, 0xC56},
	0xCC0:   {0xCBF, 0xCD5},
	0xCC7:   {0xCC6, 0xCD5},
	0xCC8:   {0xCC6, 0xCD6},
	0xCCA:   {0xCC6, 0xCC2},
	0xCCB:   {0xCC6, 0xCC2, 0xCD5},
	0xD4A:   {0xD46, 0xD3E},
	0xD4B:   {0xD47, 0xD3E},
	0xD4C:   {0xD46, 0xD57},
	0xDDA:   {0xDD9, 0xDCA},
	0xDDC:   {0xDD9, 0xDCF},
	0xDDD:   {0xDD9, 0xDCF, 0xDCA},
	0xDDE:   {0xDD9, 0xDDF},
	0xF43:   {0xF42, 0xFB7},
	0xF4D:   {0xF4C, 0xFB7},
	0xF52:   {0xF51, 0xFB7},
	0xF57:   {0xF56, 0xFB7},
	0xF5C:   {0xF5B, 0xFB7},
	0xF69:   {0xF40, 0xFB5},
	0xF73:   {0xF71, 0xF72},
	0xF75:   {0xF71, 0xF74},
	0xF76:   {0xFB2, 0xF80},
	0xF78:   {0xFB3, 0xF80},
	0xF81:   {0xF71, 0xF80},
	0xF93:   {0xF92, 0xFB7},
	0xF9D:   {0xF9C, 0xFB7},
	0xFA2:   {0xFA1, 0xFB7},
	0xFA7:   {0xFA6, 0xFB7},
	0xFAC:   {0xFAB, 0xFB7},
	0xFB9:   {0xF90, 0xFB5},
	0x1026:  {0x1025, 0x102E},
	0x1B06:  {0x1B05, 0x1B35},
	0x1B08:  {0x1B07, 0x1B35},
	0x1B0A:  {0x1B09, 0x1B35},
	0x1B0C:  {0x1B0B, 0x1B35},
	0x1B0E:  {0x1B0D, 0x1B35},
	0x1B12:  {0x1B11, 0x1B35},
	0x1B3B:  {0x1B3A, 0x1B35},
	0x1B3D:  {0x1B3C, 0x1B35},
	0x1B40:  {0x1B3E, 0x1B35},
	0x1B41:  {0x1B3F, 0x1B35},
	0x1B43:  {0x1B42, 0x1B35},
	0x1E00:  {0x41, 0x325},
	0x1E01:  {0x61, 0x325},
	0x1E02:  {0x42, 0x307},
	0x1E03:  {0x62, 0x307},
	0x1E04:  {0x42, 0x323},
	0x1E05:  {0x62, 0x323},
	0x1E06:  {0x42, 0x331},
	0x1E07:  {0x62, 0x331},
	0x1E08:  {0x43, 0x327, 0x301},
	0x1E09:  {0x63, 0x327, 0x301},
	0x1E0A:  {0x44, 0x307},
	0x1E0B:  {0x64, 0x307},
	0x1E0C:  {0x44, 0x323},
	0x1E0D:  {0x64, 0x323},
	0x1E0E:  {0x44, 0x331},
	0x1E0F:  {0x64, 0x331},
	0x1E10:  {0x44, 0x327},
	0x1E11:  {0x64, 0x327},
	0x1E12:  {0x44, 0x32D},
	0x1E13:  {0x64, 0x32D},
	0x1E14:  {0x45, 0x304, 0x300},
	0x1E15:  {0x65, 0x304, 0x300},
	0x1E16:  {0x45, 0x304, 0x301},
	0x1E17:  {0x65, 0x304, 0x301},
	0x1E18:  {0x45, 0x32D},
	0x1E19:  {0x65, 0x32D},
	0x1E1A:  {0x45, 0x330},
	0x1E1B:  {0x65, 0x330},
	0x1E1C:  {0x45, 0x327, 0x306},
	0x1E1D:  {0x65, 0x327, 0x306},
	0x1E1E:  {0x46, 0x307},
	0x1E1F:  {0x66, 0x307},
	0x1E20:  {0x47, 0x304},
	0x1E21:  {0x67, 0x304},
	0x1E22:  {0x48, 0x307},
	0x1E23:  {0x68, 0x307},
	0x1E24:  {0x48, 0x323},
	0x1E25:  {0x68, 0x323},
	0x1E26:  {0x48, 0x308},
	0x1E27:  {0x68, 0x308},
	0x1E28:  {0x48, 0x327},
	0x1E29:  {0x68, 0x327},
	0x1E2A:  {0x48, 0x32E},
	0x1E2B:  {0x68, 0x32E},
	0x1E2C:  {0x49, 0x330},
	0x1E2D:  {0x69, 0x330},
	0x1E2E:  {0x49, 0x308, 0x301},
	0x1E2F:  {0x69, 0x308, 0x301},
	0x1E30:  {0x4B, 0x301},
	0x1E31:  {0x6B, 0x301},
	0x1E32:  {0x4B, 0x323},
	0x1E33:  {0x6B, 0x323},
	0x1E34:  {0x4B, 0x331},
	0x1E35:  {0x6B, 0x331},
	0x1E36:  {0x4C, 0x323},
	0x1E37:  {0x6C, 0x323},
	0x1E38:  {0x4C, 0x323, 0x304},
	0x1E39:  {0x6C, 0x323, 0x304},
	0x1E3A:  {0x4C, 0x331},
	0x1E3B:  {0x6C, 0x331},
	0x1E3C:  {0x4C, 0x32D},
	0x1E3D:  {0x6C, 0x32D},
	0x1E3E:  {0x4D, 0x301},
	0x1E3F:  {0x6D, 0x301},
	0x1E40:  {0x4D, 0x307},
	0x1E41:  {0x6D, 0x307},
	0x1E42:  {0x4D, 0x323},
	0x1E43:  {0x6D, 0x323},
	0x1E44:  {0x4E, 0x307},
	0x1E45:  {0x6E, 0x307},
	0x1E46:  {0x4E, 0x323},
	0x1E47:  {0x6E, 0x323},
	0x1E48:  {0x4E, 0x331},
	0x1E49:  {0x6E, 0x331},
	0x1E4A:  {0x4E, 0x32D},
	0x1E4B:  {0x6E, 0x32D},
	0x1E4C:  {0x4F, 0x303, 0x301},
	0x1E4D:  {0x6F, 0x303, 0x301},
	0x1E4E:  {0x4F, 0x303, 0x308},
	0x1E4F:  {0x6F, 0x303, 0x308},
	0x1E50:  {0x4F, 0x304, 0x300},
	0x1E51:  {0x6F, 0x304, 0x300},
	0x1E52:  {0x4F, 0x304, 0x301},
	0x1E53:  {0x6F, 0x304, 0x301},
	0x1E54:  {0x50, 0x301},
	0x1E55:  {0x70, 0x301},
	0x1E56:  {0x50, 0x307},
	0x1E57:  {0x70, 0x307},
	0x1E58:  {0x52, 0x307},
	0x1E59:  {0x72, 0x307},
	0x1E5A:  {0x52, 0x323},
	0x1E5B:  {0x72, 0x323},
	0x1E5C:  {0x52, 0x323, 0x304},
	0x1E5D:  {0x72, 0x323, 0x304},
	0x1E5E:  {0x52, 0x331},
	0x1E5F:  {0x72, 0x331},
	0x1E60:  {0x53, 0x307},
	0x1E61:  {0x73, 0x307},
	0x1E62:  {0x53, 0x323},
	0x1E63:  {0x73, 0x323},
	0x1E64:  {0x53, 0x301, 0x307},
	0x1E65:  {0x73, 0x301, 0x307},
	0x1E66:  {0x53, 0x30C, 0x307},
	0x1E67:  {0x73, 0x30C, 0x307},
	0x1E68:  {0x53, 0x323, 0x307},
	0x1E69:  {0x73, 0x323, 0x307},
	0x1E6A:  {0x54, 0x307},
	0x1E6B:  {0x74, 0x307},
	0x1E6C:  {0x54, 0x323},
	0x1E6D:  {0x74, 0x323},
	0x1E6E:  {0x54, 0x331},
	0x1E6F:  {0x74, 0x331},
	0x1E70:  {0x54, 0x32D},
	0x1E71:  {0x74, 0x32D},
	0x1E72:  {0x55, 0x324},
	0x1E73:  {0x75, 0x324},
	0x1E74:  {0x55, 0x330},
	0x1E75:  {0x75, 0x330},
	0x1E76:  {0x55, 0x32D},
	0x1E77:  {0x75, 0x32D},
	0x1E78:  {0x55, 0x303, 0x301},
	0x1E79:  {0x75, 0x303, 0x301},
	0x1E7A:  {0x55, 0x304, 0x308},
	0x1E7B:  {0x75, 0x304, 0x308},
	0x1E7C:  {0x56, 0x303},
	0x1E7D:  {0x76, 0x303},
	0x1E7E:  {0x56, 0x323},
	0x1E7F:  {0x76, 0x323},
	0x1E80:  {0x57, 0x300},
	0x1E81:  {0x77, 0x300},
	0x1E82:  {0x57, 0x301},
	0x1E83:  {0x77, 0x301},
	0x1E84:  {0x57, 0x308},
	0x1E85:  {0x77, 0x308},
	0x1E86:  {0x57, 0x307},
	0x1E87:  {0x77, 0x307},
	0x1E88:  {0x57, 0x323},
	0x1E89:  {0x77, 0x323},
	0x1E8A:  {0x58, 0x307},
	0x1E8B:  {0x78, 0x307},
	0x1E8C:  {0x58, 0x308},
	0x1E8D:  {0x78, 0x308},
	0x1E8E:  {0x59, 0x307},
	0x1E8F:  {0x79, 0x307},
	0x1E90:  {0x5A, 0x302},
	0x1E91:  {0x7A, 0x302},
	0x1E92:  {0x5A, 0x323},
	0x1E93:  {0x7A, 0x323},
	0x1E94:  {0x5A, 0x331},
	0x1E95:  {0x7A, 0x331},
	0x1E96:  {0x68, 0x331},
	0x1E97:  {0x74, 0x308},
	0x1E98:  {0x77, 0x30A},
	0x1E99:  {0x79, 0x30A},
	0x1E9B:  {0x17F, 0x307},
	0x1EA0:  {0x41, 0x323},
	0x1EA1:  {0x61, 0x323},
	0x1EA2:  {0x41, 0x309},
	0x1EA3:  {0x61, 0x309},
	0x1EA4:  {0x41, 0x302, 0x301},
	0x1EA5:  {0x61, 0x302, 0x301},
	0x1EA6:  {0x41, 0x302, 0x300},
	0x1EA7:  {0x61, 0x302, 0x300},
	0x1EA8:  {0x41, 0x302, 0x309},
	0x1EA9:  {0x61, 0x302, 0x309},
	0x1EAA:  {0x41, 0x302, 0x303},
	0x1EAB:  {0x61, 0x302, 0x303},
	0x1EAC:  {0x41, 0x323, 0x302},
	0x1EAD:  {0x61, 0x323, 0x302},
	0x1EAE:  {0x41, 0x306, 0x301},
	0x1EAF:  {0x61, 0x306, 0x301},
	0x1EB0:  {0x41, 0x306, 0x300},
	0x1EB1:  {0x61, 0x306, 0x300},
	0x1EB2:  {0x41, 0x306, 0x309},
	0x1EB3:  {0x61, 0x306, 0x309},
	0x1EB4:  {0x41, 0x306, 0x303},
	0x1EB5:  {0x61, 0x306, 0x303},
	0x1EB6:  {0x41, 0x323, 0x306},
	0x1EB7:  {0x61, 0x323, 0x306},
	0x1EB8:  {0x45, 0x323},
	0x1EB9:  {0x65, 0x323},
	0x1EBA:  {0x45, 0x309},
	0x1EBB:  {0x65, 0x309},
	0x1EBC:  {0x45, 0x303},
	0x1EBD:  {0x65, 0x303},
	0x1EBE:  {0x45, 0x302, 0x301},
	0x1EBF:  {0x65, 0x302, 0x301},
	0x1EC0:  {0x45, 0x302, 0x300},
	0x1EC1:  {0x65, 0x302, 0x300},
	0x1EC2:  {0x45, 0x302, 0x309},
	0x1EC3:  {0x65, 0x302, 0x309},
	0x1EC4:  {0x45, 0x302, 0x303},
	0x1EC5:  {0x65, 0x302, 0x303},
	0x1EC6:  {0x45, 0x323, 0x302},
	0x1EC7:  {0x65, 0x323, 0x302},
	0x1EC8:  {0x49, 0x309},
	0x1EC9:  {0x69, 0x309},
	0x1ECA:  {0x49, 0x323},
	0x1ECB:  {0x69, 0x323},
	0x1ECC:  {0x4F, 0x323},
	0x1ECD:  {0x6F, 0x323},
	0x1ECE:  {0x4F, 0x309},
	0x1ECF:  {0x6F, 0x309},
	0x1ED0:  {0x4F, 0x302, 0x301},
	0x1ED1:  {0x6F, 0x302, 0x301},
	0x1ED2:  {0x4F, 0x302, 0x300},
	0x1ED3:  {0x6F, 0x302, 0x300},
	0x1ED4:  {0x4F, 0x302, 0x309},
	0x1ED5:  {0x6F, 0x302, 0x309},
	0x1ED6:  {0x4F, 0x302, 0x303},
	0x1ED7:  {0x6F, 0x302, 0x303},
	0x1ED8:  {0x4F, 0x323, 0x302},
	0x1ED9:  {0x6F, 0x323, 0x302},
	0x1EDA:  {0x4F, 0x31B, 0x301},
	0x1EDB:  {0x6F, 0x31B, 0x301},
	0x1EDC:  {0x4F, 0x31B, 0x300},
	0x1EDD:  {0x6F, 0x31B, 0x300},
	0x1EDE:  {0x4F, 0x31B, 0x309},
	0x1EDF:  {0x6F, 0x31B, 0x309},
	0x1EE0:  {0x4F, 0x31B, 0x303},
	0x1EE1:  {0x6F, 0x31B, 0x303},
	0x1EE2:  {0x4F, 0x31B, 0x323},
	0x1EE3:  {0x6F, 0x31B, 0x323},
	0x1EE4:  {0x55, 0x323},
	0x1EE5:  {0x75, 0x323},
	0x1EE6:  {0x55, 0x309},
	0x1EE7:  {0x75, 0x309},
	0x1EE8:  {0x55, 0x31B, 0x301},
	0x1EE9:  {0x75, 0x31B, 0x301},
	0x1EEA:  {0x55, 0x31B, 0x300},
	0x1EEB:  {0x75, 0x31B, 0x300},
	0x1EEC:  {0x55, 0x31B, 0x309},
	0x1EED:  {0x75, 0x31B, 0x309},
	0x1EEE:  {0x55, 0x31B, 0x303},
	0x1EEF:  {0x75, 0x31B, 0x303},
	0x1EF0:  {0x55, 0x31B, 0x323},
	0x1EF1:  {0x75, 0x31B, 0x323},
	0x1EF2:  {0x59, 0x300},
	0x1EF3:  {0x79, 0x300},
	0x1EF4:  {0x59, 0x323},
	0x1EF5:  {0x79, 0x323},
	0x1EF6:  {0x59, 0x309},
	0x1EF7:  {0x79, 0x309},
	0x1EF8:  {0x59, 0x303},
	0x1EF9:  {0x79, 0x303},
	0x1F00:  {0x3B1, 0x313},
	0x1F01:  {0x3B1, 0x314},
	0x1F02:  {0x3B1, 0x313, 0x300},
	0x1F03:  {0x3B1, 0x314, 0x300},
	0x1F04:  {0x3B1, 0x313, 0x301},
	0x1F05:  {0x3B1, 0x314, 0x301},
	0x1F06:  {0x3B1, 0x313, 0x342},
	0x1F07:  {0x3B1, 0x314, 0x342},
	0x1F08:  {0x391, 0x313},
	0x1F09:  {0x391, 0x314},
	0x1F0A:  {0x391, 0x313, 0x300},
	0x1F0B:  {0x391, 0x314, 0x300},
	0x1F0C:  {0x391, 0x313, 0x301},
	0x1F0D:  {0x391, 0x314, 0x301},
	0x1F0E:  {0x391, 0x313, 0x342},
	0x1F0F:  {0x391, 0x314, 0x342},
	0x1F10:  {0x3B5, 0x313},
	0x1F11:  {0x3B5, 0x314},
	0x1F12:  {0x3B5, 0x313, 0x300},
	0x1F13:  {0x3B5, 0x314, 0x300},
	0x1F14:  {0x3B5, 0x313, 0x301},
	0x1F15:  {0x3B5, 0x314, 0x301},
	0x1F18:  {0x395, 0x313},
	0x1F19:  {0x395, 0x314},
	0x1F1A:  {0x395, 0x313, 0x300},
	0x1F1B:  {0x395, 0x314, 0x300},
	0x1F1C:  {0x395, 0x313, 0x301},
	0x1F1D:  {0x395, 0x314, 0x301},
	0x1F20:  {0x3B7, 0x313},
	0x1F21:  {0x3B7, 0x314},
	0x1F22:  {0x3B7, 0x313, 0x300},
	0x1F23:  {0x3B7, 0x314, 0x300},
	0x1F24:  {0x3B7, 0x313, 0x301},
	0x1F25:  {0x3B7, 0x314, 0x301},
	0x1F26:  {0x3B7, 0x313, 0x342},
	0x1F27:  {0x3B7, 0x314, 0x342},
	0x1F28:  {0x397, 0x313},
	0x1F29:  {0x397, 0x314},
	0x1F2A:  {0x397, 0x313, 0x300},
	0x1F2B:  {0x397, 0x314, 0x300},
	0x1F2C:  {0x397, 0x313, 0x301},
	0x1F2D:  {0x397, 0x314, 0x301},
	0x1F2E:  {0x397, 0x313, 0x342},
	0x1F2F:  {0x397, 0x314, 0x342},
	0x1F30:  {0x3B9, 0x313},
	0x1F31:  {0x3B9, 0x314},
	0x1F32:  {0x3B9, 0x313, 0x300},
	0x1F33:  {0x3B9, 0x314, 0x300},
	0x1F34:  {0x3B9, 0x313, 0x301},
	0x1F35:  {0x3B9, 0x314, 0x301},
	0x1F36:  {0x3B9, 0x313, 0x342},
	0x1F37:  {0x3B9, 0x314, 0x342},
	0x1F38:  {0x399, 0x313},
	0x1F39:  {0x399, 0x314},
	0x1F3A:  {0x399, 0x313, 0x300},
	0x1F3B:  {0x399, 0x314, 0x300},
	0x1F3C:  {0x399, 0x313, 0x301},
	0x1F3D:  {0x399, 0x314, 0x301},
	0x1F3E:  {0x399, 0x313, 0x342},
	0x1F3F:  {0x399, 0x314, 0x342},
	0x1F40:  {0x3BF, 0x313},
	0x1F41:  {0x3BF, 0x314},
	0x1F42:  {0x3BF, 0x313, 0x300},
	0x1F43:  {0x3BF, 0x314, 0x300},
	0x1F44:  {0x3BF, 0x313, 0x301},
	0x1F45:  {0x3BF, 0x314, 0x301},
	0x1F48:  {0x39F, 0x313},
	0x1F49:  {0x39F, 0x314},
	0x1F4A:  {0x39F, 0x313, 0x300},
	0x1F4B:  {0x39F, 0x314, 0x300},
	0x1F4C:  {0x39F, 0x313, 0x301},
	0x1F4D:  {0x39F, 0x314, 0x301},
	0x1F50:  {0x3C5, 0x313},
	0x1F51:  {0x3C5, 0x314},
	0x1F52:  {0x3C5, 0x313, 0x300},
	0x1F53:  {0x3C5, 0x314, 0x300},
	0x1F54:  {0x3C5, 0x313, 0x301},
	0x1F55:  {0x3C5, 0x314, 0x301},
	0x1F56:  {0x3C5, 0x313, 0x342},
	0x1F57:  {0x3C5, 0x314, 0x342},
	0x1F59:  {0x3A5, 0x314},
	0x1F5B:  {0x3A5, 0x314, 0x300},
	0x1F5D:  {0x3A5, 0x314, 0x301},
	0x1F5F:  {0x3A5, 0x314, 0x342},
	0x1F60:  {0x3C9, 0x313},
	0x1F61:  {0x3C9, 0x314},
	0x1F62:  {0x3C9, 0x313, 0x300},
	0x1F63:  {0x3C9, 0x314, 0x300},
	0x1F64:  {0x3C9, 0x313, 0x301},
	0x1F65:  {0x3C9, 0x314, 0x301},
	0x1F66:  {0x3C9, 0x313, 0x342},
	0x1F67:  {0x3C9, 0x314, 0x342},
	0x1F68:  {0x3A9, 0x313},
	0x1F69:  {0x3A9, 0x314},
	0x1F6A:  {0x3A9, 0x313, 0x300},
	0x1F6B:  {0x3A9, 0x314, 0x300},
	0x1F6C:  {0x3A9, 0x313, 0x301},
	0x1F6D:  {0x3A9, 0x314, 0x301},
	0x1F6E:  {0x3A9, 0x313, 0x342},
	0x1F6F:  {0x3A9, 0x314, 0x342},
	0x1F70:  {0x3B1, 0x300},
	0x1F71:  {0x3B1, 0x301},
	0x1F72:  {0x3B5, 0x300},
	0x1F73:  {0x3B5, 0x301},
	0x1F74:  {0x3B7, 0x300},
	0x1F75:  {0x3B7, 0x301},
	0x1F76:  {0x3B9, 0x300},
	0x1F77:  {0x3B9, 0x301},
	0x1F78:  {0x3BF, 0x300},
	0x1F79:  {0x3BF, 0x301},
	0x1F7A:  {0x3C5, 0x300},
	0x1F7B:  {0x3C5, 0x301},
	0x1F7C:  {0x3C9, 0x300},
	0x1F7D:  {0x3C9, 0x301},
	0x1F80:  {0x3B1, 0x313, 0x345},
	0x1F81:  {0x3B1, 0x314, 0x345},
	0x1F82:  {0x3B1, 0x313, 0x300, 0x345},
	0x1F83:  {0x3B1, 0x314, 0x300, 0x345},
	0x1F84:  {0x3B1, 0x313, 0x301, 0x345},
	0x1F85:  {0x3B1, 0x314, 0x301, 0x345},
	0x1F86:  {0x3B1, 0x313, 0x342, 0x345},
	0x1F87:  {0x3B1, 0x314, 0x342, 0x345},
	0x1F88:  {0x391, 0x313, 0x345},
	0x1F89:  {0x391, 0x314, 0x345},
	0x1F8A:  {0x391, 0x313, 0x300, 0x345},
	0x1F8B:  {0x391, 0x314, 0x300, 0x345},
	0x1F8C:  {0x391, 0x313, 0x301, 0x345},
	0x1F8D:  {0x391, 0x314, 0x301, 0x345},
	0x1F8E:  {0x391, 0x313, 0x342, 0x345},
	0x1F8F:  {0x391, 0x314, 0x342, 0x345},
	0x1F90:  {0x3B7, 0x313, 0x345},
	0x1F91:  {0x3B7, 0x314, 0x345},
	0x1F92:  {0x3B7, 0x313, 0x300, 0x345},
	0x1F93:  {0x3B7, 0x314, 0x300, 0x345},
	0x1F94:  {0x3B7, 0x313, 0x301, 0x345},
	0x1F95:  {0x3B7, 0x314, 0x301, 0x345},
	0x1F96:  {0x3B7, 0x313, 0x342, 0x345},
	0x1F97:  {0x3B7, 0x314, 0x342, 0x345},
	0x1F98:  {0x397, 0x313, 0x345},
	0x1F99:  {0x397, 0x314, 0x345},
	0x1F9A:  {0x397, 0x313, 0x300, 0x345},
	0x1F9B:  {0x397, 0x314, 0x300, 0x345},
	0x1F9C:  {0x397, 0x313, 0x301, 0x345},
	0x1F9D:  {0x397, 0x314, 0x301, 0x345},
	0x1F9E:  {0x397, 0x313, 0x342, 0x345},
	0x1F9F:  {0x397, 0x314, 0x342, 0x345},
	0x1FA0:  {0x3C9, 0x313, 0x345},
	0x1FA1:  {0x3C9, 0x314, 0x345},
	0x1FA2:  {0x3C9, 0x313, 0x300, 0x345},
	0x1FA3:  {0x3C9, 0x314, 0x300, 0x345},
	0x1FA4:  {0x3C9, 0x313, 0x301, 0x345},
	0x1FA5:  {0x3C9, 0x314, 0x301, 0x345},
	0x1FA6:  {0x3C9, 0x313, 0x342, 0x345},
	0x1FA7:  {0x3C9, 0x314, 0x342, 0x345},
	0x1FA8:  {0x3A9, 0x313, 0x345},
	0x1FA9:  {0x3A9, 0x314, 0x345},
	0x1FAA:  {0x3A9, 0x313, 0x300, 0x345},
	0x1FAB:  {0x3A9, 0x314, 0x300, 0x345},
	0x1FAC:  {0x3A9, 0x313, 0x301, 0x345},
	0x1FAD:  {0x3A9, 0x314, 0x301, 0x345},
	0x1FAE:  {0x3A9, 0x313, 0x342, 0x345},
	0x1FAF:  {0x3A9, 0x314, 0x342, 0x345},
	0x1FB0:  {0x3B1, 0x306},
	0x1FB1:  {0x3B1, 0x304},
	0x1FB2:  {0x3B1, 0x300, 0x345},
	0x1FB3:  {0x3B1, 0x345},
	0x1FB4:  {0x3B1, 0x301, 0x345},
	0x1FB6:  {0x3B1, 0x342},
	0x1FB7:  {0x3B1, 0x342, 0x345},
	0x1FB8:  {0x391, 0x306},
	0x1FB9:  {0x391, 0x304},
	0x1FBA:  {0x391, 0x300},
	0x1FBB:  {0x391, 0x301},
	0x1FBC:  {0x391, 0x345},
	0x1FBE:  {0x3B9},
	0x1FC1:  {0xA8, 0x342},
	0x1FC2:  {0x3B7, 0x300, 0x345},
	0x1FC3:  {0x3B7, 0x345},
	0x1FC4:  {0x3B7, 0x301, 0x345},
	0x1FC6:  {0x3B7, 0x342},
	0x1FC7:  {0x3B7, 0x342, 0x345},
	0x1FC8:  {0x395, 0x300},
	0x1FC9:  {0x395, 0x301},
	0x1FCA:  {0x397, 0x300},
	0x1FCB:  {0x397, 0x301},
	0x1FCC:  {0x397, 0x345},
	0x1FCD:  {0x1FBF, 0x300},
	0x1FCE:  {0x1FBF, 0x301},
	0x1FCF:  {0x1FBF, 0x342},
	0x1FD0:  {0x3B9, 0x306},
	0x1FD1:  {0x3B9, 0x304},
	0x1FD2:  {0x3B9, 0x308, 0x300},
	0x1FD3:  {0x3B9, 0x308, 0x301},
	0x1FD6:  {0x3B9, 0x342},
	0x1FD7:  {0x3B9, 0x308, 0x342},
	0x1FD8:  {0x399, 0x306},
	0x1FD9:  {0x399, 0x304},
	0x1FDA:  {0x399, 0x300},
	0x1FDB:  {0x399, 0x301},
	0x1FDD:  {0x1FFE, 0x300},
	0x1FDE:  {0x1FFE, 0x301},
	0x1FDF:  {0x1FFE, 0x342},
	0x1FE0:  {0x3C5, 0x306},
	0x1FE1:  {0x3C5, 0x304},
	0x1FE2:  {0x3C5, 0x308, 0x300},
	0x1FE3:  {0x3C5, 0x308, 0x301},
	0x1FE4:  {0x3C1, 0x313},
	0x1FE5:  {0x3C1, 0x314},
	0x1FE6:  {0x3C5, 0x342},
	0x1FE7:  {0x3C5, 0x308, 0x342},
	0x1FE8:  {0x3A5, 0x306},
	0x1FE9:  {0x3A5, 0x304},
	0x1FEA:  {0x3A5, 0x300},
	0x1FEB:  {0x3A5, 0x301},
	0x1FEC:  {0x3A1, 0x314},
	0x1FED:  {0xA8, 0x300},
	0x1FEE:  {0xA8, 0x301},
	0x1FEF:  {0x60},
	0x1FF2:  {0x3C9, 0x300, 0x345},
	0x1FF3:  {0x3C9, 0x345},
	0x1FF4:  {0x3C9, 0x301, 0x345},
	0x1FF6:  {0x3C9, 0x342},
	0x1FF7:  {0x3C9, 0x342, 0x345},
	0x1FF8:  {0x39F, 0x300},
	0x1FF9:  {0x39F, 0x301},
	0x1FFA:  {0x3A9, 0x300},
	0x1FFB:  {0x3A9, 0x301},
	0x1FFC:  {0x3A9, 0x345},
	0x1FFD:  {0xB4},
	0x2000:  {0x2002},
	0x2001:  {0x2003},
	0x2126:  {0x3A9},
	0x212A:  {0x4B},
	0x212B:  {0x41, 0x30A},
	0x219A:  {0x2190, 0x338},
	0x219B:  {0x2192, 0x338},
	0x21AE:  {0x2194, 0x338},
	0x21CD:  {0x21D0, 0x338},
	0x21CE:  {0x21D4, 0x338},
	0x21CF:  {0x21D2, 0x338},
	0x2204:  {0x2203, 0x338},
	0x2209:  {0x2208, 0x338},
	0x220C:  {0x220B, 0x338},
	0x2224:  {0x2223, 0x338},
	0x2226:  {0x2225, 0x338},
	0x2241:  {0x223C, 0x338},
	0x2244:  {0x2243, 0x338},
	0x2247:  {0x2245, 0x338},
	0x2249:  {0x2248, 0x338},
	0x2260:  {0x3D, 0x338},
	0x2262:  {0x2261, 0x338},
	0x226D:  {0x224D, 0x338},
	0x226E:  {0x3C, 0x338},
	0x226F:  {0x3E, 0x338},
	0x2270:  {0x2264, 0x338},
	0x2271:  {0x2265, 0x338},
	0x2274:  {0x2272, 0x338},
	0x2275:  {0x2273, 0x338},
	0x2278:  {0x2276, 0x338},
	0x2279:  {0x2277, 0x338},
	0x2280:  {0x227A, 0x338},
	0x2281:  {0x227B, 0x338},
	0x2284:  {0x2282, 0x338},
	0x2285:  {0x2283, 0x338},
	0x2288:  {0x2286, 0x338},
	0x2289:  {0x2287, 0x338},
	0x22AC:  {0x22A2, 0x338},
	0x22AD:  {0x22A8, 0x338},
	0x22AE:  {0x22A9, 0x338},
	0x22AF:  {0x22AB, 0x338},
	0x22E0:  {0x227C, 0x338},
	0x22E1:  {0x227D, 0x338},
	0x22E2:  {0x2291, 0x338},
	0x22E3:  {0x2292, 0x338},
	0x22EA:  {0x22B2, 0x338},
	0x22EB:  {0x22B3, 0x338},
	0x22EC:  {0x22B4, 0x338},
	0x22ED:  {0x22B5, 0x338},
	0x2329:  {0x3008},
	0x232A:  {0x3009},
	0x2ADC:  {0x2ADD, 0x338},
	0x304C:  {0x304B, 0x3099},
	0x304E:  {0x304D, 0x3099},
	0x3050:  {0x304F, 0x3099},
	0x3052:  {0x3051, 0x3099},
	0x3054:  {0x3053, 0x3099},
	0x3056:  {0x3055, 0x3099},
	0x3058:  {0x3057, 0x3099},
	0x305A:  {0x3059, 0x3099},
	0x305C:  {0x305B, 0x3099},
	0x305E:  {0x305D, 0x3099},
	0x3060:  {0x305F, 0x3099},
	0x3062:  {0x3061, 0x3099},
	0x3065:  {0x3064, 0x3099},
	0x3067:  {0x3066, 0x3099},
	0x3069:  {0x3068, 0x3099},
	0x3070:  {0x306F, 0x3099},
	0x3071:  {0x306F, 0x309A},
	0x3073:  {0x3072, 0x3099},
	0x3074:  {0x3072, 0x309A},
	0x3076:  {0x3075, 0x3099},
	0x3077:  {0x3075, 0x309A},
	0x3079:  {0x3078, 0x3099},
	0x307A:  {0x3078, 0x309A},
	0x307C:  {0x307B, 0x3099},
	0x307D:  {0x307B, 0x309A},
	0x3094:  {0x3046, 0x3099},
	0x309E:  {0x309D, 0x3099},
	0x30AC:  {0x30AB, 0x3099},
	0x30AE:  {0x30AD, 0x3099},
	0x30B0:  {0x30AF, 0x3099},
	0x30B2:  {0x30B1, 0x3099},
	0x30B4:  {0x30B3, 0x3099},
	0x30B6:  {0x30B5, 0x3099},
	0x30B8:  {0x30B7, 0x3099},
	0x30BA:  {0x30B9, 0x3099},
	0x30BC:  {0x30BB, 0x3099},
	0x30BE:  {0x30BD, 0x3099},
	0x30C0:  {0x30BF, 0x3099},
	0x30C2:  {0x30C1, 0x3099},
	0x30C5:  {0x30C4, 0x3099},
	0x30C7:  {0x30C6, 0x3099},
	0x30C9:  {0x30C8, 0x3099},
	0x30D0:  {0x30CF, 0x3099},
	0x30D1:  {0x30CF, 0x309A},
	0x30D3:  {0x30D2, 0x3099},
	0x30D4:  {0x30D2, 0x309A},
	0x30D6:  {0x30D5, 0x3099},
	0x30D7:  {0x30D5, 0x309A},
	0x30D9:  {0x30D8, 0x3099},
	0x30DA:  {0x30D8, 0x309A},
	0x30DC:  {0x30DB, 0x3099},
	0x30DD:  {0x30DB, 0x309A},
	0x30F4:  {0x30A6, 0x3099},
	0x30F7:  {0x30EF, 0x3099},
	0x30F8:  {0x30F0, 0x3099},
	0x30F9:  {0x30F1, 0x3099},
	0x30FA:  {0x30F2, 0x3099},
	0x30FE:  {0x30FD, 0x3099},
	0xF900:  {0x8C48},
	0xF901:  {0x66F4},
	0xF902:  {0x8ECA},
	0xF903:  {0x8CC8},
	0xF904:  {0x6ED1},
	0xF905:  {0x4E32},
	0xF906:  {0x53E5},
	0xF907:  {0x9F9C},
	0xF908:  {0x9F9C},
	0xF909:  {0x5951},
	0xF90A:  {0x91D1},
	0xF90B:  {0x5587},
	0xF90C:  {0x5948},
	0xF90D:  {0x61F6},
	0xF90E:  {0x7669},
	0xF90F:  {0x7F85},
	0xF910:  {0x863F},
	0xF911:  {0x87BA},
	0xF912:  {0x88F8},
	0xF913:  {0x908F},
	0xF914:  {0x6A02},
	0xF915:  {0x6D1B},
	0xF916:  {0x70D9},
	0xF917:  {0x73DE},
	0xF918:  {0x843D},
	0xF919:  {0x916A},
	0xF91A:  {0x99F1},
	0xF91B:  {0x4E82},
	0xF91C:  {0x5375},
	0xF91D:  {0x6B04},
	0xF91E:  {0x721B},
	0xF91F:  {0x862D},
	0xF920:  {0x9E1E},
	0xF921:  {0x5D50},
	0xF922:  {0x6FEB},
	0xF923:  {0x85CD},
	0xF924:  {0x8964},
	0xF925:  {0x62C9},
	0xF926:  {0x81D8},
	0xF927:  {0x881F},
	0xF928:  {0x5ECA},
	0xF929:  {0x6717},
	0xF92A:  {0x6D6A},
	0xF92B:  {0x72FC},
	0xF92C:  {0x90CE},
	0xF92D:  {0x4F86},
	0xF92E:  {0x51B7},
	0xF92F:  {0x52DE},
	0xF930:  {0x64C4},
	0xF931:  {0x6AD3},
	0xF932:  {0x7210},
	0xF933:  {0x76E7},
	0xF934:  {0x8001},
	0xF935:  {0x8606},
	0xF936:  {0x865C},
	0xF937:  {0x8DEF},
	0xF938:  {0x9732},
	0xF939:  {0x9B6F},
	0xF93A:  {0x9DFA},
	0xF93B:  {0x788C},
	0xF93C:  {0x797F},
	0xF93D:  {0x7DA0},
	0xF93E:  {0x83C9},
	0xF93F:  {0x9304},
	0xF940:  {0x9E7F},
	0xF941:  {0x8AD6},
	0xF942:  {0x58DF},
	0xF943:  {0x5F04},
	0xF944:  {0x7C60},
	0xF945:  {0x807E},
	0xF946:  {0x7262},
	0xF947:  {0x78CA},
	0xF948:  {0x8CC2},
	0xF949:  {0x96F7},
	0xF94A:  {0x58D8},
	0xF94B:  {0x5C62},
	0xF94C:  {0x6A13},
	0xF94D:  {0x6DDA},
	0xF94E:  {0x6F0F},
	0xF94F:  {0x7D2F},
	0xF950:  {0x7E37},
	0xF951:  {0x964B},
	0xF952:  {0x52D2},
	0xF953:  {0x808B},
	0xF954:  {0x51DC},
	0xF955:  {0x51CC},
	0xF956:  {0x7A1C},
	0xF957:  {0x7DBE},
	0xF958:  {0x83F1},
	0xF959:  {0x9675},
	0xF95A:  {0x8B80},
	0xF95B:  {0x62CF},
	0xF95C:  {0x6A02},
	0xF95D:  {0x8AFE},
	0xF95E:  {0x4E39},
	0xF95F:  {0x5BE7},
	0xF960:  {0x6012},
	0xF961:  {0x7387},
	0xF962:  {0x7570},
	0xF963:  {0x5317},
	0xF964:  {0x78FB},
	0xF965:  {0x4FBF},
	0xF966:  {0x5FA9},
	0xF967:  {0x4E0D},
	0xF968:  {0x6CCC},
	0xF969:  {0x6578},
	0xF96A:  {0x7D22},
	0xF96B:  {0x53C3},
	0xF96C:  {0x585E},
	0xF96D:  {0x7701},
	0xF96E:  {0x8449},
	0xF96F:  {0x8AAA},
	0xF970:  {0x6BBA},
	0xF971:  {0x8FB0},
	0xF972:  {0x6C88},
	0xF973:  {0x62FE},
	0xF974:  {0x82E5},
	0xF975:  {0x63A0},
	0xF976:  {0x7565},
	0xF977:  {0x4EAE},
	0xF978:  {0x5169},
	0xF979:  {0x51C9},
	0xF97A:  {0x6881},
	0xF97B:  {0x7CE7},
	0xF97C:  {0x826F},
	0xF97D:  {0x8AD2},
	0xF97E:  {0x91CF},
	0xF97F:  {0x52F5},
	0xF980:  {0x5442},
	0xF981:  {0x5973},
	0xF982:  {0x5EEC},
	0xF983:  {0x65C5},
	0xF984:  {0x6FFE},
	0xF985:  {0x792A},
	0xF986:  {0x95AD},
	0xF987:  {0x9A6A},
	0xF988:  {0x9E97},
	0xF989:  {0x9ECE},
	0xF98A:  {0x529B},
	0xF98B:  {0x66C6},
	0xF98C:  {0x6B77},
	0xF98D:  {0x8F62},
	0xF98E:  {0x5E74},
	0xF98F:  {0x6190},
	0xF990:  {0x6200},
	0xF991:  {0x649A},
	0xF992:  {0x6F23},
	0xF993:  {0x7149},
	0xF994:  {0x7489},
	0xF995:  {0x79CA},
	0xF996:  {0x7DF4},
	0xF997:  {0x806F},
	0xF998:  {0x8F26},
	0xF999:  {0x84EE},
	0xF99A:  {0x9023},
	0xF99B:  {0x934A},
	0xF99C:  {0x5217},
	0xF99D:  {0x52A3},
	0xF99E:  {0x54BD},
	0xF99F:  {0x70C8},
	0xF9A0:  {0x88C2},
	0xF9A1:  {0x8AAA},
	0xF9A2:  {0x5EC9},
	0xF9A3:  {0x5FF5},
	0xF9A4:  {0x637B},
	0xF9A5:  {0x6BAE},
	0xF9A6:  {0x7C3E},
	0xF9A7:  {0x7375},
	0xF9A8:  {0x4EE4},
	0xF9A9:  {0x56F9},
	0xF9AA:  {0x5BE7},
	0xF9AB:  {0x5DBA},
	0xF9AC:  {0x601C},
	0xF9AD:  {0x73B2},
	0xF9AE:  {0x7469},
	0xF9AF:  {0x7F9A},
	0xF9B0:  {0x8046},
	0xF9B1:  {0x9234},
	0xF9B2:  {0x96F6},
	0xF9B3:  {0x9748},
	0xF9B4:  {0x9818},
	0xF9B5:  {0x4F8B},
	0xF9B6:  {0x79AE},
	0xF9B7:  {0x91B4},
	0xF9B8:  {0x96B8},
	0xF9B9:  {0x60E1},
	0xF9BA:  {0x4E86},
	0xF9BB:  {0x50DA},
	0xF9BC:  {0x5BEE},
	0xF9BD:  {0x5C3F},
	0xF9BE:  {0x6599},
	0xF9BF:  {0x6A02},
	0xF9C0:  {0x71CE},
	0xF9C1:  {0x7642},
	0xF9C2:  {0x84FC},
	0xF9C3:  {0x907C},
	0xF9C4:  {0x9F8D},
	0xF9C5:  {0x6688},
	0xF9C6:  {0x962E},
	0xF9C7:  {0x5289},
	0xF9C8:  {0x677B},
	0xF9C9:  {0x67F3},
	0xF9CA:  {0x6D41},
	0xF9CB:  {0x6E9C},
	0xF9CC:  {0x7409},
	0xF9CD:  {0x7559},
	0xF9CE:  {0x786B},
	0xF9CF:  {0x7D10},
	0xF9D0:  {0x985E},
	0xF9D1:  {0x516D},
	0xF9D2:  {0x622E},
	0xF9D3:  {0x9678},
	0xF9D4:  {0x502B},
	0xF9D5:  {0x5D19},
	0xF9D6:  {0x6DEA},
	0xF9D7:  {0x8F2A},
	0xF9D8:  {0x5F8B},
	0xF9D9:  {0x6144},
	0xF9DA:  {0x6817},
	0xF9DB:  {0x7387},
	0xF9DC:  {0x9686},
	0xF9DD:  {0x5229},
	0xF9DE:  {0x540F},
	0xF9DF:  {0x5C65},
	0xF9E0:  {0x6613},
	0xF9E1:  {0x674E},
	0xF9E2:  {0x68A8},
	0xF9E3:  {0x6CE5},
	0xF9E4:  {0x7406},
	0xF9E5:  {0x75E2},
	0xF9E6:  {0x7F79},
	0xF9E7:  {0x88CF},
	0xF9E8:  {0x88E1},
	0xF9E9:  {0x91CC},
	0xF9EA:  {0x96E2},
	0xF9EB:  {0x533F},
	0xF9EC:  {0x6EBA},
	0xF9ED:  {0x541D},
	0xF9EE:  {0x71D0},
	0xF9EF:  {0x7498},
	0xF9F0:  {0x85FA},
	0xF9F1:  {0x96A3},
	0xF9F2:  {0x9C57},
	0xF9F3:  {0x9E9F},
	0xF9F4:  {0x6797},
	0xF9F5:  {0x6DCB},
	0xF9F6:  {0x81E8},
	0xF9F7:  {0x7ACB},
	0xF9F8:  {0x7B20},
	0xF9F9:  {0x7C92},
	0xF9FA:  {0x72C0},
	0xF9FB:  {0x7099},
	0xF9FC:  {0x8B58},
	0xF9FD:  {0x4EC0},
	0xF9FE:  {0x8336},
	0xF9FF:  {0x523A},
	0xFA00:  {0x5207},
	0xFA01:  {0x5EA6},
	0xFA02:  {0x62D3},
	0xFA03:  {0x7CD6},
	0xFA04:  {0x5B85},
	0xFA05:  {0x6D1E},
	0xFA06:  {0x66B4},
	0xFA07:  {0x8F3B},
	0xFA08:  {0x884C},
	0xFA09:  {0x964D},
	0xFA0A:  {0x898B},
	0xFA0B:  {0x5ED3},
	0xFA0C:  {0x5140},
	0xFA0D:  {0x55C0},
	0xFA10:  {0x585A},
	0xFA12:  {0x6674},
	0xFA15:  {0x51DE},
	0xFA16:  {0x732A},
	0xFA17:  {0x76CA},
	0xFA18:  {0x793C},
	0xFA19:  {0x795E},
	0xFA1A:  {0x7965},
	0xFA1B:  {0x798F},
	0xFA1C:  {0x9756},
	0xFA1D:  {0x7CBE},
	0xFA1E:  {0x7FBD},
	0xFA20:  {0x8612},
	0xFA22:  {0x8AF8},
	0xFA25:  {0x9038},
	0xFA26:  {0x90FD},
	0xFA2A:  {0x98EF},
	0xFA2B:  {0x98FC},
	0xFA2C:  {0x9928},
	0xFA2D:  {0x9DB4},
	0xFA2E:  {0x90DE},
	0xFA2F:  {0x96B7},
	0xFA30:  {0x4FAE},
	0xFA31:  {0x50E7},
	0xFA32:  {0x514D},
	0xFA33:  {0x52C9},
	0xFA34:  {0x52E4},
	0xFA35:  {0x5351},
	0xFA36:  {0x559D},
	0xFA37:  {0x5606},
	0xFA38:  {0x5668},
	0xFA39:  {0x5840},
	0xFA3A:  {0x58A8},
	0xFA3B:  {0x5C64},
	0xFA3C:  {0x5C6E},
	0xFA3D:  {0x6094},
	0xFA3E:  {0x6168},
	0xFA3F:  {0x618E},
	0xFA40:  {0x61F2},
	0xFA41:  {0x654F},
	0xFA42:  {0x65E2},
	0xFA43:  {0x6691},
	0xFA44:  {0x6885},
	0xFA45:  {0x6D77},
	0xFA46:  {0x6E1A},
	0xFA47:  {0x6F22},
	0xFA48:  {0x716E},
	0xFA49:  {0x722B},
	0xFA4A:  {0x7422},
	0xFA4B:  {0x7891},
	0xFA4C:  {0x793E},
	0xFA4D:  {0x7949},
	0xFA4E:  {0x7948},
	0xFA4F:  {0x7950},
	0xFA50:  {0x7956},
	0xFA51:  {0x795D},
	0xFA52:  {0x798D},
	0xFA53:  {0x798E},
	0xFA54:  {0x7A40},
	0xFA55:  {0x7A81},
	0xFA56:  {0x7BC0},
	0xFA57:  {0x7DF4},
	0xFA58:  {0x7E09},
	0xFA59:  {0x7E41},
	0xFA5A:  {0x7F72},
	0xFA5B:  {0x8005},
	0xFA5C:  {0x81ED},
	0xFA5D:  {0x8279},
	0xFA5E:  {0x8279},
	0xFA5F:  {0x8457},
	0xFA60:  {0x8910},
	0xFA61:  {0x8996},
	0xFA62:  {0x8B01},
	0xFA63:  {0x8B39},
	0xFA64:  {0x8CD3},
	0xFA65:  {0x8D08},
	0xFA66:  {0x8FB6},
	0xFA67:  {0x9038},
	0xFA68:  {0x96E3},
	0xFA69:  {0x97FF},
	0xFA6A:  {0x983B},
	0xFA6B:  {0x6075},
	0xFA6C:  {0x242EE},
	0xFA6D:  {0x8218},
	0xFA70:  {0x4E26},
	0xFA71:  {0x51B5},
	0xFA72:  {0x5168},
	0xFA73:  {0x4F80},
	0xFA74:  {0x5145},
	0xFA75:  {0x5180},
	0xFA76:  {0x52C7},
	0xFA77:  {0x52FA},
	0xFA78:  {0x559D},
	0xFA79:  {0x5555},
	0xFA7A:  {0x5599},
	0xFA7B:  {0x55E2},
	0xFA7C:  {0x585A},
	0xFA7D:  {0x58B3},
	0xFA7E:  {0x5944},
	0xFA7F:  {0x5954},
	0xFA80:  {0x5A62},
	0xFA81:  {0x5B28},
	0xFA82:  {0x5ED2},
	0xFA83:  {0x5ED9},
	0xFA84:  {0x5F69},
	0xFA85:  {0x5FAD},
	0xFA86:  {0x60D8},
	0xFA87:  {0x614E},
	0xFA88:  {0x6108},
	0xFA89:  {0x618E},
	0xFA8A:  {0x6160},
	0xFA8B:  {0x61F2},
	0xFA8C:  {0x6234},
	0xFA8D:  {0x63C4},
	0xFA8E:  {0x641C},
	0xFA8F:  {0x6452},
	0xFA90:  {0x6556},
	0xFA91:  {0x6674},
	0xFA92:  {0x6717},
	0xFA93:  {0x671B},
	0xFA94:  {0x6756},
	0xFA95:  {0x6B79},
	0xFA96:  {0x6BBA},
	0xFA97:  {0x6D41},
	0xFA98:  {0x6EDB},
	0xFA99:  {0x6ECB},
	0xFA9A:  {0x6F22},
	0xFA9B:  {0x701E},
	0xFA9C:  {0x716E},
	0xFA9D:  {0x77A7},
	0xFA9E:  {0x7235},
	0xFA9F:  {0x72AF},
	0xFAA0:  {0x732A},
	0xFAA1:  {0x7471},
	0xFAA2:  {0x7506},
	0xFAA3:  {0x753B},
	0xFAA4:  {0x761D},
	0xFAA5:  {0x761F},
	0xFAA6:  {0x76CA},
	0xFAA7:  {0x76DB},
	0xFAA8:  {0x76F4},
	0xFAA9:  {0x774A},
	0xFAAA:  {0x7740},
	0xFAAB:  {0x78CC},
	0xFAAC:  {0x7AB1},
	0xFAAD:  {0x7BC0},
	0xFAAE:  {0x7C7B},
	0xFAAF:  {0x7D5B},
	0xFAB0:  {0x7DF4},
	0xFAB1:  {0x7F3E},
	0xFAB2:  {0x8005},
	0xFAB3:  {0x8352},
	0xFAB4:  {0x83EF},
	0xFAB5:  {0x8779},
	0xFAB6:  {0x8941},
	0xFAB7:  {0x8986},
	0xFAB8:  {0x8996},
	0xFAB9:  {0x8ABF},
	0xFABA:  {0x8AF8},
	0xFABB:  {0x8ACB},
	0xFABC:  {0x8B01},
	0xFABD:  {0x8AFE},
	0xFABE:  {0x8AED},
	0xFABF:  {0x8B39},
	0xFAC0:  {0x8B8A},
	0xFAC1:  {0x8D08},
	0xFAC2:  {0x8F38},
	0xFAC3:  {0x9072},
	0xFAC4:  {0x9199},
	0xFAC5:  {0x9276},
	0xFAC6:  {0x967C},
	0xFAC7:  {0x96E3},
	0xFAC8:  {0x9756},
	0xFAC9:  {0x97DB},
	0xFACA:  {0x97FF},
	0xFACB:  {0x980B},
	0xFACC:  {0x983B},
	0xFACD:  {0x9B12},
	0xFACE:  {0x9F9C},
	0xFACF:  {0x2284A},
	0xFAD0:  {0x22844},
	0xFAD1:  {0x233D5},
	0xFAD2:  {0x3B9D},
	0xFAD3:  {0x4018},
	0xFAD4:  {0x4039},
	0xFAD5:  {0x25249},
	0xFAD6:  {0x25CD0},
	0xFAD7:  {0x27ED3},
	0xFAD8:  {0x9F43},
	0xFAD9:  {0x9F8E},
	0xFB1D:  {0x5D9, 0x5B4},
	0xFB1F:  {0x5F2, 0x5B7},
	0xFB2A:  {0x5E9, 0x5C1},
	0xFB2B:  {0x5E9, 0x5C2},
	0xFB2C:  {0x5E9, 0x5BC, 0x5C1},
	0xFB2D:  {0x5E9, 0x5BC, 0x5C2},
	0xFB2E:  {0x5D0, 0x5B7},
	0xFB2F:  {0x5D0, 0x5B8},
	0xFB30:  {0x5D0, 0x5BC},
	0xFB31:  {0x5D1, 0x5BC},
	0xFB32:  {0x5D2, 0x5BC},
	0xFB33:  {0x5D3, 0x5BC},
	0xFB34:  {0x5D4, 0x5BC},
	0xFB35:  {0x5D5, 0x5BC},
	0xFB36:  {0x5D6, 0x5BC},
	0xFB38:  {0x5D8, 0x5BC},
	0xFB39:  {0x5D9, 0x5BC},
	0xFB3A:  {0x5DA, 0x5BC},
	0xFB3B:  {0x5DB, 0x5BC},
	0xFB3C:  {0x5DC, 0x5BC},
	0xFB3E:  {0x5DE, 0x5BC},
	0xFB40:  {0x5E0, 0x5BC},
	0xFB41:  {0x5E1, 0x5BC},
	0xFB43:  {0x5E3, 0x5BC},
	0xFB44:  {0x5E4, 0x5BC},
	0xFB46:  {0x5E6, 0x5BC},
	0xFB47:  {0x5E7, 0x5BC},
	0xFB48:  {0x5E8, 0x5BC},
	0xFB49:  {0x5E9, 0x5BC},
	0xFB4A:  {0x5EA, 0x5BC},
	0xFB4B:  {0x5D5, 0x5B9},
	0xFB4C:  {0x5D1, 0x5BF},
	0xFB4D:  {0x5DB, 0x5BF},
	0xFB4E:  {0x5E4, 0x5BF},
	0x105C9: {0x105D2, 0x307},
	0x105E4: {0x105DA, 0x307},
	0x1109A: {0x11099, 0x110BA},
	0x1109C: {0x1109B, 0x110BA},
	0x110AB: {0x110A5, 0x110BA},
	0x1112E: {0x11131, 0x11127},
	0x1112F: {0x11132, 0x11127},
	0x1134B: {0x11347, 0x1133E},
	0x1134C: {0x11347, 0x11357},
	0x11383: {0x11382, 0x113C9},
	0x11385: {0x11384, 0x113BB},
	0x1138E: {0x1138B, 0x113C2},
	0x11391: {0x11390, 0x113C9},
	0x113C5: {0x113C2, 0x113C2},
	0x113C7: {0x113C2, 0x113B8},
	0x113C8: {0x113C2, 0x113C9},
	0x114BB: {0x114B9, 0x114BA},
	0x114BC: {0x114B9, 0x114B0},
	0x114BE: {0x114B9, 0x114BD},
	0x115BA: {0x115B8, 0x115AF},
	0x115BB: {0x115B9, 0x115AF},
	0x11938: {0x11935, 0x11930},
	0x16121: {0x1611E, 0x1611E},
	0x16122: {0x1611E, 0x16129},
	0x16123: {0x1611E, 0x1611F},
	0x16124: {0x16129, 0x1611F},
	0x16125: {0x1611E, 0x16120},
	0x16126: {0x1611E, 0x1611E, 0x1611F},
	0x16127: {0x1611E, 0x16129, 0x1611F},
	0x16128: {0x1611E, 0x1611E, 0x16120},
	0x16D68: {0x16D67, 0x16D67},
	0x16D69: {0x16D63, 0x16D67},
	0x16D6A: {0x16D63, 0x16D67, 0x16D67},
	0x1D15E: {0x1D157, 0x1D165},
	0x1D15F: {0x1D158, 0x1D165},
	0x1D160: {0x1D158, 0x1D165, 0x1D16E},
	0x1D161: {0x1D158, 0x1D165, 0x1D16F},
	0x1D162: {0x1D158, 0x1D165, 0x1D170},
	0x1D163: {0x1D158, 0x1D165, 0x1D171},
	0x1D164: {0x1D158, 0x1D165, 0x1D172},
	0x1D1BB: {0x1D1B9, 0x1D165},
	0x1D1BC: {0x1D1BA, 0x1D165},
	0x1D1BD: {0x1D1B9, 0x1D165, 0x1D16E},
	0x1D1BE: {0x1D1BA, 0x1D165, 0x1D16E},
	0x1D1BF: {0x1D1B9, 0x1D165, 0x1D16F},
	0x1D1C0: {0x1D1BA, 0x1D165, 0x1D16F},
	0x2F800: {0x4E3D},
	0x2F801: {0x4E38},
	0x2F802: {0x4E41},
	0x2F803: {0x20122},
	0x2F804: {0x4F60},
	0x2F805: {0x4FAE},
	0x2F806: {0x4FBB},
	0x2F807: {0x5002},
	0x2F808: {0x507A},
	0x2F809: {0x5099},
	0x2F80A: {0x50E7},
	0x2F80B: {0x50CF},
	0x2F80C: {0x349E},
	0x2F80D: {0x2063A},
	0x2F80E: {0x514D},
	0x2F80F: {0x5154},
	0x2F810: {0x5164},
	0x2F811: {0x5177},
	0x2F812: {0x2051C},
	0x2F813: {0x34B9},
	0x2F814: {0x5167},
	0x2F815: {0x518D},
	0x2F816: {0x2054B},
	0x2F817: {0x5197},
	0x2F818: {0x51A4},
	0x2F819: {0x4ECC},
	0x2F81A: {0x51AC},
	0x2F81B: {0x51B5},
	0x2F81C: {0x291DF},
	0x2F81D: {0x51F5},
	0x2F81E: {0x5203},
	0x2F81F: {0x34DF},
	0x2F820: {0x523B},
	0x2F821: {0x5246},
	0x2F822: {0x5272},
	0x2F823: {0x5277},
	0x2F824: {0x3515},
	0x2F825: {0x52C7},
	0x2F826: {0x52C9},
	0x2F827: {0x52E4},
	0x2F828: {0x52FA},
	0x2F829: {0x5305},
	0x2F82A: {0x5306},
	0x2F82B: {0x5317},
	0x2F82C: {0x5349},
	0x2F82D: {0x5351},
	0x2F82E: {0x535A},
	0x2F82F: {0x5373},
	0x2F830: {0x537D},
	0x2F831: {0x537F},
	0x2F832: {0x537F},
	0x2F833: {0x537F},
	0x2F834: {0x20A2C},
	0x2F835: {0x7070},
	0x2F836: {0x53CA},
	0x2F837: {0x53DF},
	0x2F838: {0x20B63},
	0x2F839: {0x53EB},
	0x2F83A: {0x53F1},
	0x2F83B: {0x5406},
	0x2F83C: {0x549E},
	0x2F83D: {0x5438},
	0x2F83E: {0x5448},
	0x2F83F: {0x5468},
	0x2F840: {0x54A2},
	0x2F841: {0x54F6},
	0x2F842: {0x5510},
	0x2F843: {0x5553},
	0x2F844: {0x5563},
	0x2F845: {0x5584},
	0x2F846: {0x5584},
	0x2F847: {0x5599},
	0x2F848: {0x55AB},
	0x2F849: {0x55B3},
	0x2F84A: {0x55C2},
	0x2F84B: {0x5716},
	0x2F84C: {0x5606},
	0x2F84D: {0x5717},
	0x2F84E: {0x5651},
	0x2F84F: {0x5674},
	0x2F850: {0x5207},
	0x2F851: {0x58EE},
	0x2F852: {0x57CE},
	0x2F853: {0x57F4},
	0x2F854: {0x580D},
	0x2F855: {0x578B},
	0x2F856: {0x5832},
	0x2F857: {0x5831},
	0x2F858: {0x58AC},
	0x2F859: {0x214E4},
	0x2F85A: {0x58F2},
	0x2F85B: {0x58F7},
	0x2F85C: {0x5906},
	0x2F85D: {0x591A},
	0x2F85E: {0x5922},
	0x2F85F: {0x5962},
	0x2F860: {0x216A8},
	0x2F861: {0x216EA},
	0x2F862: {0x59EC},
	0x2F863: {0x5A1B},
	0x2F864: {0x5A27},
	0x2F865: {0x59D8},
	0x2F866: {0x5A66},
	0x2F867: {0x36EE},
	0x2F868: {0x36FC},
	0x2F869: {0x5B08},
	0x2F86A: {0x5B3E},
	0x2F86B: {0x5B3E},
	0x2F86C: {0x219C8},
	0x2F86D: {0x5BC3},
	0x2F86E: {0x5BD8},
	0x2F86F: {0x5BE7},
	0x2F870: {0x5BF3},
	0x2F871: {0x21B18},
	0x2F872: {0x5BFF},
	0x2F873: {0x5C06},
	0x2F874: {0x5F53},
	0x2F875: {0x5C22},
	0x2F876: {0x3781},
	0x2F877: {0x5C60},
	0x2F878: {0x5C6E},
	0x2F879: {0x5CC0},
	0x2F87A: {0x5C8D},
	0x2F87B: {0x21DE4},
	0x2F87C: {0x5D43},
	0x2F87D: {0x21DE6},
	0x2F87E: {0x5D6E},
	0x2F87F: {0x5D6B},
	0x2F880: {0x5D7C},
	0x2F881: {0x5DE1},
	0x2F882: {0x5DE2},
	0x2F883: {0x382F},
	0x2F884: {0x5DFD},
	0x2F885: {0x5E28},
	0x2F886: {0x5E3D},
	0x2F887: {0x5E69},
	0x2F888: {0x3862},
	0x2F889: {0x22183},
	0x2F88A: {0x387C},
	0x2F88B: {0x5EB0},
	0x2F88C: {0x5EB3},
	0x2F88D: {0x5EB6},
	0x2F88E: {0x5ECA},
	0x2F88F: {0x2A392},
	0x2F890: {0x5EFE},
	0x2F891: {0x22331},
	0x2F892: {0x22331},
	0x2F893: {0x8201},
	0x2F894: {0x5F22},
	0x2F895: {0x5F22},
	0x2F896: {0x38C7},
	0x2F897: {0x232B8},
	0x2F898: {0x261DA},
	0x2F899: {0x5F62},
	0x2F89A: {0x5F6B},
	0x2F89B: {0x38E3},
	0x2F89C: {0x5F9A},
	0x2F89D: {0x5FCD},
	0x2F89E: {0x5FD7},
	0x2F89F: {0x5FF9},
	0x2F8A0: {0x6081},
	0x2F8A1: {0x393A},
	0x2F8A2: {0x391C},
	0x2F8A3: {0x6094},
	0x2F8A4: {0x226D4},
	0x2F8A5: {0x60C7},
	0x2F8A6: {0x6148},
	0x2F8A7: {0x614C},
	0x2F8A8: {0x614E},
	0x2F8A9: {0x614C},
	0x2F8AA: {0x617A},
	0x2F8AB: {0x618E},
	0x2F8AC: {0x61B2},
	0x2F8AD: {0x61A4},
	0x2F8AE: {0x61AF},
	0x2F8AF: {0x61DE},
	0x2F8B0: {0x61F2},
	0x2F8B1: {0x61F6},
	0x2F8B2: {0x6210},
	0x2F8B3: {0x621B},
	0x2F8B4: {0x625D},
	0x2F8B5: {0x62B1},
	0x2F8B6: {0x62D4},
	0x2F8B7: {0x6350},
	0x2F8B8: {0x22B0C},
	0x2F8B9: {0x633D},
	0x2F8BA: {0x62FC},
	0x2F8BB: {0x6368},
	0x2F8BC: {0x6383},
	0x2F8BD: {0x63E4},
	0x2F8BE: {0x22BF1},
	0x2F8BF: {0x6422},
	0x2F8C0: {0x63C5},
	0x2F8C1: {0x63A9},
	0x2F8C2: {0x3A2E},
	0x2F8C3: {0x6469},
	0x2F8C4: {0x647E},
	0x2F8C5: {0x649D},
	0x2F8C6: {0x6477},
	0x2F8C7: {0x3A6C},
	0x2F8C8: {0x654F},
	0x2F8C9: {0x656C},
	0x2F8CA: {0x2300A},
	0x2F8CB: {0x65E3},
	0x2F8CC: {0x66F8},
	0x2F8CD: {0x6649},
	0x2F8CE: {0x3B19},
	0x2F8CF: {0x6691},
	0x2F8D0: {0x3B08},
	0x2F8D1: {0x3AE4},
	0x2F8D2: {0x5192},
	0x2F8D3: {0x5195},
	0x2F8D4: {0x6700},
	0x2F8D5: {0x669C},
	0x2F8D6: {0x80AD},
	0x2F8D7: {0x43D9},
	0x2F8D8: {0x6717},
	0x2F8D9: {0x671B},
	0x2F8DA: {0x6721},
	0x2F8DB: {0x675E},
	0x2F8DC: {0x6753},
	0x2F8DD: {0x233C3},
	0x2F8DE: {0x3B49},
	0x2F8DF: {0x67FA},
	0x2F8E0: {0x6785},
	0x2F8E1: {0x6852},
	0x2F8E2: {0x6885},
	0x2F8E3: {0x2346D},
	0x2F8E4: {0x688E},
	0x2F8E5: {0x681F},
	0x2F8E6: {0x6914},
	0x2F8E7: {0x3B9D},
	0x2F8E8: {0x6942},
	0x2F8E9: {0x69A3},
	0x2F8EA: {0x69EA},
	0x2F8EB: {0x6AA8},
	0x2F8EC: {0x236A3},
	0x2F8ED: {0x6ADB},
	0x2F8EE: {0x3C18},
	0x2F8EF: {0x6B21},
	0x2F8F0: {0x238A7},
	0x2F8F1: {0x6B54},
	0x2F8F2: {0x3C4E},
	0x2F8F3: {0x6B72},
	0x2F8F4: {0x6B9F},
	0x2F8F5: {0x6BBA},
	0x2F8F6: {0x6BBB},
	0x2F8F7: {0x23A8D},
	0x2F8F8: {0x21D0B},
	0x2F8F9: {0x23AFA},
	0x2F8FA: {0x6C4E},
	0x2F8FB: {0x23CBC},
	0x2F8FC: {0x6CBF},
	0x2F8FD: {0x6CCD},
	0x2F8FE: {0x6C67},
	0x2F8FF: {0x6D16},
	0x2F900: {0x6D3E},
	0x2F901: {0x6D77},
	0x2F902: {0x6D41},
	0x2F903: {0x6D69},
	0x2F904: {0x6D78},
	0x2F905: {0x6D85},
	0x2F906: {0x23D1E},
	0x2F907: {0x6D34},
	0x2F908: {0x6E2F},
	0x2F909: {0x6E6E},
	0x2F90A: {0x3D33},
	0x2F90B: {0x6ECB},
	0x2F90C: {0x6EC7},
	0x2F90D: {0x23ED1},
	0x2F90E: {0x6DF9},
	0x2F90F: {0x6F6E},
	0x2F910: {0x23F5E},
	0x2F911: {0x23F8E},
	0x2F912: {0x6FC6},
	0x2F913: {0x7039},
	0x2F914: {0x701E},
	0x2F915: {0x701B},
	0x2F916: {0x3D96},
	0x2F917: {0x704A},
	0x2F918: {0x707D},
	0x2F919: {0x7077},
	0x2F91A: {0x70AD},
	0x2F91B: {0x20525},
	0x2F91C: {0x7145},
	0x2F91D: {0x24263},
	0x2F91E: {0x719C},
	0x2F91F: {0x243AB},
	0x2F920: {0x7228},
	0x2F921: {0x7235},
	0x2F922: {0x7250},
	0x2F923: {0x24608},
	0x2F924: {0x7280},
	0x2F925: {0x7295},
	0x2F926: {0x24735},
	0x2F927: {0x24814},
	0x2F928: {0x737A},
	0x2F929: {0x738B},
	0x2F92A: {0x3EAC},
	0x2F92B: {0x73A5},
	0x2F92C: {0x3EB8},
	0x2F92D: {0x3EB8},
	0x2F92E: {0x7447},
	0x2F92F: {0x745C},
	0x2F930: {0x7471},
	0x2F931: {0x7485},
	0x2F932: {0x74CA},
	0x2F933: {0x3F1B},
	0x2F934: {0x7524},
	0x2F935: {0x24C36},
	0x2F936: {0x753E},
	0x2F937: {0x24C92},
	0x2F938: {0x7570},
	0x2F939: {0x2219F},
	0x2F93A: {0x7610},
	0x2F93B: {0x24FA1},
	0x2F93C: {0x24FB8},
	0x2F93D: {0x25044},
	0x2F93E: {0x3FFC},
	0x2F93F: {0x4008},
	0x2F940: {0x76F4},
	0x2F941: {0x250F3},
	0x2F942: {0x250F2},
	0x2F943: {0x25119},
	0x2F944: {0x25133},
	0x2F945: {0x771E},
	0x2F946: {0x771F},
	0x2F947: {0x771F},
	0x2F948: {0x774A},
	0x2F949: {0x4039},
	0x2F94A: {0x778B},
	0x2F94B: {0x4046},
	0x2F94C: {0x4096},
	0x2F94D: {0x2541D},
	0x2F94E: {0x784E},
	0x2F94F: {0x788C},
	0x2F950: {0x78CC},
	0x2F951: {0x40E3},
	0x2F952: {0x25626},
	0x2F953: {0x7956},
	0x2F954: {0x2569A},
	0x2F955: {0x256C5},
	0x2F956: {0x798F},
	0x2F957: {0x79EB},
	0x2F958: {0x412F},
	0x2F959: {0x7A40},
	0x2F95A: {0x7A4A},
	0x2F95B: {0x7A4F},
	0x2F95C: {0x2597C},
	0x2F95D: {0x25AA7},
	0x2F95E: {0x25AA7},
	0x2F95F: {0x7AEE},
	0x2F960: {0x4202},
	0x2F961: {0x25BAB},
	0x2F962: {0x7BC6},
	0x2F963: {0x7BC9},
	0x2F964: {0x4227},
	0x2F965: {0x25C80},
	0x2F966: {0x7CD2},
	0x2F967: {0x42A0},
	0x2F968: {0x7CE8},
	0x2F969: {0x7CE3},
	0x2F96A: {0x7D00},
	0x2F96B: {0x25F86},
	0x2F96C: {0x7D63},
	0x2F96D: {0x4301},
	0x2F96E: {0x7DC7},
	0x2F96F: {0x7E02},
	0x2F970: {0x7E45},
	0x2F971: {0x4334},
	0x2F972: {0x26228},
	0x2F973: {0x26247},
	0x2F974: {0x4359},
	0x2F975: {0x262D9},
	0x2F976: {0x7F7A},
	0x2F977: {0x2633E},
	0x2F978: {0x7F95},
	0x2F979: {0x7FFA},
	0x2F97A: {0x8005},
	0x2F97B: {0x264DA},
	0x2F97C: {0x26523},
	0x2F97D: {0x8060},
	0x2F97E: {0x265A8},
	0x2F97F: {0x8070},
	0x2F980: {0x2335F},
	0x2F981: {0x43D5},
	0x2F982: {0x80B2},
	0x2F983: {0x8103},
	0x2F984: {0x440B},
	0x2F985: {0x813E},
	0x2F986: {0x5AB5},
	0x2F987: {0x267A7},
	0x2F988: {0x267B5},
	0x2F989: {0x23393},
	0x2F98A: {0x2339C},
	0x2F98B: {0x8201},
	0x2F98C: {0x8204},
	0x2F98D: {0x8F9E},
	0x2F98E: {0x446B},
	0x2F98F: {0x8291},
	0x2F990: {0x828B},
	0x2F991: {0x829D},
	0x2F992: {0x52B3},
	0x2F993: {0x82B1},
	0x2F994: {0x82B3},
	0x2F995: {0x82BD},
	0x2F996: {0x82E6},
	0x2F997: {0x26B3C},
	0x2F998: {0x82E5},
	0x2F999: {0x831D},
	0x2F99A: {0x8363},
	0x2F99B: {0x83AD},
	0x2F99C: {0x8323},
	0x2F99D: {0x83BD},
	0x2F99E: {0x83E7},
	0x2F99F: {0x8457},
	0x2F9A0: {0x8353},
	0x2F9A1: {0x83CA},
	0x2F9A2: {0x83CC},
	0x2F9A3: {0x83DC},
	0x2F9A4: {0x26C36},
	0x2F9A5: {0x26D6B},
	0x2F9A6: {0x26CD5},
	0x2F9A7: {0x452B},
	0x2F9A8: {0x84F1},
	0x2F9A9: {0x84F3},
	0x2F9AA: {0x8516},
	0x2F9AB: {0x273CA},
	0x2F9AC: {0x8564},
	0x2F9AD: {0x26F2C},
	0x2F9AE: {0x455D},
	0x2F9AF: {0x4561},
	0x2F9B0: {0x26FB1},
	0x2F9B1: {0x270D2},
	0x2F9B2: {0x456B},
	0x2F9B3: {0x8650},
	0x2F9B4: {0x865C},
	0x2F9B5: {0x8667},
	0x2F9B6: {0x8669},
	0x2F9B7: {0x86A9},
	0x2F9B8: {0x8688},
	0x2F9B9: {0x870E},
	0x2F9BA: {0x86E2},
	0x2F9BB: {0x8779},
	0x2F9BC: {0x8728},
	0x2F9BD: {0x876B},
	0x2F9BE: {0x8786},
	0x2F9BF: {0x45D7},
	0x2F9C0: {0x87E1},
	0x2F9C1: {0x8801},
	0x2F9C2: {0x45F9},
	0x2F9C3: {0x8860},
	0x2F9C4: {0x8863},
	0x2F9C5: {0x27667},
	0x2F9C6: {0x88D7},
	0x2F9C7: {0x88DE},
	0x2F9C8: {0x4635},
	0x2F9C9: {0x88FA},
	0x2F9CA: {0x34BB},
	0x2F9CB: {0x278AE},
	0x2F9CC: {0x27966},
	0x2F9CD: {0x46BE},
	0x2F9CE: {0x46C7},
	0x2F9CF: {0x8AA0},
	0x2F9D0: {0x8AED},
	0x2F9D1: {0x8B8A},
	0x2F9D2: {0x8C55},
	0x2F9D3: {0x27CA8},
	0x2F9D4: {0x8CAB},
	0x2F9D5: {0x8CC1},
	0x2F9D6: {0x8D1B},
	0x2F9D7: {0x8D77},
	0x2F9D8: {0x27F2F},
	0x2F9D9: {0x20804},
	0x2F9DA: {0x8DCB},
	0x2F9DB: {0x8DBC},
	0x2F9DC: {0x8DF0},
	0x2F9DD: {0x208DE},
	0x2F9DE: {0x8ED4},
	0x2F9DF: {0x8F38},
	0x2F9E0: {0x285D2},
	0x2F9E1: {0x285ED},
	0x2F9E2: {0x9094},
	0x2F9E3: {0x90F1},
	0x2F9E4: {0x9111},
	0x2F9E5: {0x2872E},
	0x2F9E6: {0x911B},
	0x2F9E7: {0x9238},
	0x2F9E8: {0x92D7},
	0x2F9E9: {0x92D8},
	0x2F9EA: {0x927C},
	0x2F9EB: {0x93F9},
	0x2F9EC: {0x9415},
	0x2F9ED: {0x28BFA},
	0x2F9EE: {0x958B},
	0x2F9EF: {0x4995},
	0x2F9F0: {0x95B7},
	0x2F9F1: {0x28D77},
	0x2F9F2: {0x49E6},
	0x2F9F3: {0x96C3},
	0x2F9F4: {0x5DB2},
	0x2F9F5: {0x9723},
	0x2F9F6: {0x29145},
	0x2F9F7: {0x2921A},
	0x2F9F8: {0x4A6E},
	0x2F9F9: {0x4A76},
	0x2F9FA: {0x97E0},
	0x2F9FB: {0x2940A},
	0x2F9FC: {0x4AB2},
	0x2F9FD: {0x29496},
	0x2F9FE: {0x980B},
	0x2F9FF: {0x980B},
	0x2FA00: {0x9829},
	0x2FA01: {0x295B6},
	0x2FA02: {0x98E2},
	0x2FA03: {0x4B33},
	0x2FA04: {0x9929},
	0x2FA05: {0x99A7},
	0x2FA06: {0x99C2},
	0x2FA07: {0x99FE},
	0x2FA08: {0x4BCE},
	0x2FA09: {0x29B30},
	0x2FA0A: {0x9B12},
	0x2FA0B: {0x9C40},
	0x2FA0C: {0x9CFD},
	0x2FA0D: {0x4CCE},
	0x2FA0E: {0x4CED},
	0x2FA0F: {0x9D67},
	0x2FA10: {0x2A0CE},
	0x2FA11: {0x4CF8},
	0x2FA12: {0x2A105},
	0x2FA13: {0x2A20E},
	0x2FA14: {0x2A291},
	0x2FA15: {0x9EBB},
	0x2FA16: {0x4D56},
	0x2FA17: {0x9EF9},
	0x2FA18: {0x9EFE},
	0x2FA19: {0x9F05},
	0x2FA1A: {0x9F0F},
	0x2FA1B: {0x9F16},
	0x2FA1C: {0x9F3B},
	0x2FA1D: {0x2A600},
}

var ucdCompatDecomp = map[rune][]rune{
	0xA0:    {0x20},
	0xA8:    {0x20, 0x308},
	0xAA:    {0x61},
	0xAF:    {0x20, 0x304},
	0xB2:    {0x32},
	0xB3:    {0x33},
	0xB4:    {0x20, 0x301},
	0xB5:    {0x3BC},
	0xB8:    {0x20, 0x327},
	0xB9:    {0x31},
	0xBA:    {0x6F},
	0xBC:    {0x31, 0x2044, 0x34},
	0xBD:    {0x31, 0x2044, 0x32},
	0xBE:    {0x33, 0x2044, 0x34},
	0xC0:    {0x41, 0x300},
	0xC1:    {0x41, 0x301},
	0xC2:    {0x41, 0x302},
	0xC3:    {0x41, 0x303},
	0xC4:    {0x41, 0x308},
	0xC5:    {0x41, 0x30A},
	0xC7:    {0x43, 0x327},
	0xC8:    {0x45, 0x300},
	0xC9:    {0x45, 0x301},
	0xCA:    {0x45, 0x302},
	0xCB:    {0x45, 0x308},
	0xCC:    {0x49, 0x300},
	0xCD:    {0x49, 0x301},
	0xCE:    {0x49, 0x302},
	0xCF:    {0x49, 0x308},
	0xD1:    {0x4E, 0x303},
	0xD2:    {0x4F, 0x300},
	0xD3:    {0x4F, 0x301},
	0xD4:    {0x4F, 0x302},
	0xD5:    {0x4F, 0x303},
	0xD6:    {0x4F, 0x308},
	0xD9:    {0x55, 0x300},
	0xDA:    {0x55, 0x301},
	0xDB:    {0x55, 0x302},
	0xDC:    {0x55, 0x308},
	0xDD:    {0x59, 0x301},
	0xE0:    {0x61, 0x300},
	0xE1:    {0x61, 0x301},
	0xE2:    {0x61, 0x302},
	0xE3:    {0x61, 0x303},
	0xE4:    {0x61, 0x308},
	0xE5:    {0x61, 0x30A},
	0xE7:    {0x63, 0x327},
	0xE8:    {0x65, 0x300},
	0xE9:    {0x65, 0x301},
	0xEA:    {0x65, 0x302},
	0xEB:    {0x65, 0x308},
	0xEC:    {0x69, 0x300},
	0xED:    {0x69, 0x301},
	0xEE:    {0x69, 0x302},
	0xEF:    {0x69, 0x308},
	0xF1:    {0x6E, 0x303},
	0xF2:    {0x6F, 0x300},
	0xF3:    {0x6F, 0x301},
	0xF4:    {0x6F, 0x302},
	0xF5:    {0x6F, 0x303},
	0xF6:    {0x6F, 0x308},
	0xF9:    {0x75, 0x300},
	0xFA:    {0x75, 0x301},
	0xFB:    {0x75, 0x302},
	0xFC:    {0x75, 0x308},
	0xFD:    {0x79, 0x301},
	0xFF:    {0x79, 0x308},
	0x100:   {0x41, 0x304},
	0x101:   {0x61, 0x304},
	0x102:   {0x41, 0x306},
	0x103:   {0x61, 0x306},
	0x104:   {0x41, 0x328},
	0x105:   {0x61, 0x328},
	0x106:   {0x43, 0x301},
	0x107:   {0x63, 0x301},
	0x108:   {0x43, 0x302},
	0x109:   {0x63, 0x302},
	0x10A:   {0x43, 0x307},
	0x10B:   {0x63, 0x307},
	0x10C:   {0x43, 0x30C},
	0x10D:   {0x63, 0x30C},
	0x10E:   {0x44, 0x30C},
	0x10F:   {0x64, 0x30C},
	0x112:   {0x45, 0x304},
	0x113:   {0x65, 0x304},
	0x114:   {0x45, 0x306},
	0x115:   {0x65, 0x306},
	0x116:   {0x45, 0x307},
	0x117:   {0x65, 0x307},
	0x118:   {0x45, 0x328},
	0x119:   {0x65, 0x328},
	0x11A:   {0x45, 0x30C},
	0x11B:   {0x65, 0x30C},
	0x11C:   {0x47, 0x302},
	0x11D:   {0x67, 0x302},
	0x11E:   {0x47, 0x306},
	0x11F:   {0x67, 0x306},
	0x120:   {0x47, 0x307},
	0x121:   {0x67, 0x307},
	0x122:   {0x47, 0x327},
	0x123:   {0x67, 0x327},
	0x124:   {0x48, 0x302},
	0x125:   {0x68, 0x302},
	0x128:   {0x49, 0x303},
	0x129:   {0x69, 0x303},
	0x12A:   {0x49, 0x304},
	0x12B:   {0x69, 0x304},
	0x12C:   {0x49, 0x306},
	0x12D:   {0x69, 0x306},
	0x12E:   {0x49, 0x328},
	0x12F:   {0x69, 0x328},
	0x130:   {0x49, 0x307},
	0x132:   {0x49, 0x4A},
	0x133:   {0x69, 0x6A},
	0x134:   {0x4A, 0x302},
	0x135:   {0x6A, 0x302},
	0x136:   {0x4B, 0x327},
	0x137:   {0x6B, 0x327},
	0x139:   {0x4C, 0x301},
	0x13A:   {0x6C, 0x301},
	0x13B:   {0x4C, 0x327},
	0x13C:   {0x6C, 0x327},
	0x13D:   {0x4C, 0x30C},
	0x13E:   {0x6C, 0x30C},
	0x13F:   {0x4C, 0xB7},
	0x140:   {0x6C, 0xB7},
	0x143:   {0x4E, 0x301},
	0x144:   {0x6E, 0x301},
	0x145:   {0x4E, 0x327},
	0x146:   {0x6E, 0x327},
	0x147:   {0x4E, 0x30C},
	0x148:   {0x6E, 0x30C},
	0x149:   {0x2BC, 0x6E},
	0x14C:   {0x4F, 0x304},
	0x14D:   {0x6F, 0x304},
	0x14E:   {0x4F, 0x306},
	0x14F:   {0x6F, 0x306},
	0x150:   {0x4F, 0x30B},
	0x151:   {0x6F, 0x30B},
	0x154:   {0x52, 0x301},
	0x155:   {0x72, 0x301},
	0x156:   {0x52, 0x327},
	0x157:   {0x72, 0x327},
	0x158:   {0x52, 0x30C},
	0x159:   {0x72, 0x30C},
	0x15A:   {0x53, 0x301},
	0x15B:   {0x73, 0x301},
	0x15C:   {0x53, 0x302},
	0x15D:   {0x73, 0x302},
	0x15E:   {0x53, 0x327},
	0x15F:   {0x73, 0x327},
	0x160:   {0x53, 0x30C},
	0x161:   {0x73, 0x30C},
	0x162:   {0x54, 0x327},
	0x163:   {0x74, 0x327},
	0x164:   {0x54, 0x30C},
	0x165:   {0x74, 0x30C},
	0x168:   {0x55, 0x303},
	0x169:   {0x75, 0x303},
	0x16A:   {0x55, 0x304},
	0x16B:   {0x75, 0x304},
	0x16C:   {0x55, 0x306},
	0x16D:   {0x75, 0x306},
	0x16E:   {0x55, 0x30A},
	0x16F:   {0x75, 0x30A},
	0x170:   {0x55, 0x30B},
	0x171:   {0x75, 0x30B},
	0x172:   {0x55, 0x328},
	0x173:   {0x75, 0x328},
	0x174:   {0x57, 0x302},
	0x175:   {0x77, 0x302},
	0x176:   {0x59, 0x302},
	0x177:   {0x79, 0x302},
	0x178:   {0x59, 0x308},
	0x179:   {0x5A, 0x301},
	0x17A:   {0x7A, 0x301},
	0x17B:   {0x5A, 0x307},
	0x17C:   {0x7A, 0x307},
	0x17D:   {0x5A, 0x30C},
	0x17E:   {0x7A, 0x30C},
	0x17F:   {0x73},
	0x1A0:   {0x4F, 0x31B},
	0x1A1:   {0x6F, 0x31B},
	0x1AF:   {0x55, 0x31B},
	0x1B0:   {0x75, 0x31B},
	0x1C4:   {0x44, 0x5A, 0x30C},
	0x1C5:   {0x44, 0x7A, 0x30C},
	0x1C6:   {0x64, 0x7A, 0x30C},
	0x1C7:   {0x4C, 0x4A},
	0x1C8:   {0x4C, 0x6A},
	0x1C9:   {0x6C, 0x6A},
	0x1CA:   {0x4E, 0x4A},
	0x1CB:   {0x4E, 0x6A},
	0x1CC:   {0x6E, 0x6A},
	0x1CD:   {0x41, 0x30C},
	0x1CE:   {0x61, 0x30C},
	0x1CF:   {0x49, 0x30C},
	0x1D0:   {0x69, 0x30C},
	0x1D1:   {0x4F, 0x30C},
	0x1D2:   {0x6F, 0x30C},
	0x1D3:   {0x55, 0x30C},
	0x1D4:   {0x75, 0x30C},
	0x1D5:   {0x55, 0x308, 0x304},
	0x1D6:   {0x75, 0x308, 0x304},
	0x1D7:   {0x55, 0x308, 0x301},
	0x1D8:   {0x75, 0x308, 0x301},
	0x1D9:   {0x55, 0x308, 0x30C},
	0x1DA:   {0x75, 0x308, 0x30C},
	0x1DB:   {0x55, 0x308, 0x300},
	0x1DC:   {0x75, 0x308, 0x300},
	0x1DE:   {0x41, 0x308, 0x304},
	0x1DF:   {0x61, 0x308, 0x304},
	0x1E0:   {0x41, 0x307, 0x304},
	0x1E1:   {0x61, 0x307, 0x304},
	0x1E2:   {0xC6, 0x304},
	0x1E3:   {0xE6, 0x304},
	0x1E6:   {0x47, 0x30C},
	0x1E7:   {0x67, 0x30C},
	0x1E8:   {0x4B, 0x30C},
	0x1E9:   {0x6B, 0x30C},
	0x1EA:   {0x4F, 0x328},
	0x1EB:   {0x6F, 0x328},
	0x1EC:   {0x4F, 0x328, 0x304},
	0x1ED:   {0x6F, 0x328, 0x304},
	0x1EE:   {0x1B7, 0x30C},
	0x1EF:   {0x292, 0x30C},
	0x1F0:   {0x6A, 0x30C},
	0x1F1:   {0x44, 0x5A},
	0x1F2:   {0x44, 0x7A},
	0x1F3:   {0x64, 0x7A},
	0x1F4:   {0x47, 0x301},
	0x1F5:   {0x67, 0x301},
	0x1F8:   {0x4E, 0x300},
	0x1F9:   {0x6E, 0x300},
	0x1FA:   {0x41, 0x30A, 0x301},
	0x1FB:   {0x61, 0x30A, 0x301},
	0x1FC:   {0xC6, 0x301},
	0x1FD:   {0xE6, 0x301},
	0x1FE:   {0xD8, 0x301},
	0x1FF:   {0xF8, 0x301},
	0x200:   {0x41, 0x30F},
	0x201:   {0x61, 0x30F},
	0x202:   {0x41, 0x311},
	0x203:   {0x61, 0x311},
	0x204:   {0x45, 0x30F},
	0x205:   {0x65, 0x30F},
	0x206:   {0x45, 0x311},
	0x207:   {0x65, 0x311},
	0x208:   {0x49, 0x30F},
	0x209:   {0x69, 0x30F},
	0x20A:   {0x49, 0x311},
	0x20B:   {0x69, 0x311},
	0x20C:   {0x4F, 0x30F},
	0x20D:   {0x6F, 0x30F},
	0x20E:   {0x4F, 0x311},
	0x20F:   {0x6F, 0x311},
	0x210:   {0x52, 0x30F},
	0x211:   {0x72, 0x30F},
	0x212:   {0x52, 0x311},
	0x213:   {0x72, 0x311},
	0x214:   {0x55, 0x30F},
	0x215:   {0x75, 0x30F},
	0x216:   {0x55, 0x311},
	0x217:   {0x75, 0x311},
	0x218:   {0x53, 0x326},
	0x219:   {0x73, 0x326},
	0x21A:   {0x54, 0x326},
	0x21B:   {0x74, 0x326},
	0x21E:   {0x48, 0x30C},
	0x21F:   {0x68, 0x30C},
	0x226:   {0x41, 0x307},
	0x227:   {0x61, 0x307},
	0x228:   {0x45, 0x327},
	0x229:   {0x65, 0x327},
	0x22A:   {0x4F, 0x308, 0x304},
	0x22B:   {0x6F, 0x308, 0x304},
	0x22C:   {0x4F, 0x303, 0x304},
	0x22D:   {0x6F, 0x303, 0x304},
	0x22E:   {0x4F, 0x307},
	0x22F:   {0x6F, 0x307},
	0x230:   {0x4F, 0x307, 0x304},
	0x231:   {0x6F, 0x307, 0x304},
	0x232:   {0x59, 0x304},
	0x233:   {0x79, 0x304},
	0x2B0:   {0x68},
	0x2B1:   {0x266},
	0x2B2:   {0x6A},
	0x2B3:   {0x72},
	0x2B4:   {0x279},
	0x2B5:   {0x27B},
	0x2B6:   {0x281},
	0x2B7:   {0x77},
	0x2B8:   {0x79},
	0x2D8:   {0x20, 0x306},
	0x2D9:   {0x20, 0x307},
	0x2DA:   {0x20, 0x30A},
	0x2DB:   {0x20, 0x328},
	0x2DC:   {0x20, 0x303},
	0x2DD:   {0x20, 0x30B},
	0x2E0:   {0x263},
	0x2E1:   {0x6C},
	0x2E2:   {0x73},
	0x2E3:   {0x78},
	0x2E4:   {0x295},
	0x340:   {0x300},
	0x341:   {0x301},
	0x343:   {0x313},
	0x344:   {0x308, 0x301},
	0x374:   {0x2B9},
	0x37A:   {0x20, 0x345},
	0x37E:   {0x3B},
	0x384:   {0x20, 0x301},
	0x385:   {0x20, 0x308, 0x301},
	0x386:   {0x391, 0x301},
	0x387:   {0xB7},
	0x388:   {0x395, 0x301},
	0x389:   {0x397, 0x301},
	0x38A:   {0x399, 0x301},
	0x38C:   {0x39F, 0x301},
	0x38E:   {0x3A5, 0x301},
	0x38F:   {0x3A9, 0x301},
	0x390:   {0x3B9, 0x308, 0x301},
	0x3AA:   {0x399, 0x308},
	0x3AB:   {0x3A5, 0x308},
	0x3AC:   {0x3B1, 0x301},
	0x3AD:   {0x3B5, 0x301},
	0x3AE:   {0x3B7, 0x301},
	0x3AF:   {0x3B9, 0x301},
	0x3B0:   {0x3C5, 0x308, 0x301},
	0x3CA:   {0x3B9, 0x308},
	0x3CB:   {0x3C5, 0x308},
	0x3CC:   {0x3BF, 0x301},
	0x3CD:   {0x3C5, 0x301},
	0x3CE:   {0x3C9, 0x301},
	0x3D0:   {0x3B2},
	0x3D1:   {0x3B8},
	0x3D2:   {0x3A5},
	0x3D3:   {0x3A5, 0x301},
	0x3D4:   {0x3A5, 0x308},
	0x3D5:   {0x3C6},
	0x3D6:   {0x3C0},
	0x3F0:   {0x3BA},
	0x3F1:   {0x3C1},
	0x3F2:   {0x3C2},
	0x3F4:   {0x398},
	0x3F5:   {0x3B5},
	0x3F9:   {0x3A3},
	0x400:   {0x415, 0x300},
	0x401:   {0x415, 0x308},
	0x403:   {0x413, 0x301},
	0x407:   {0x406, 0x308},
	0x40C:   {0x41A, 0x301},
	0x40D:   {0x418, 0x300},
	0x40E:   {0x423, 0x306},
	0x419:   {0x418, 0x306},
	0x439:   {0x438, 0x306},
	0x450:   {0x435, 0x300},
	0x451:   {0x435, 0x308},
	0x453:   {0x433, 0x301},
	0x457:   {0x456, 0x308},
	0x45C:   {0x43A, 0x301},
	0x45D:   {0x438, 0x300},
	0x45E:   {0x443, 0x306},
	0x476:   {0x474, 0x30F},
	0x477:   {0x475, 0x30F},
	0x4C1:   {0x416, 0x306},
	0x4C2:   {0x436, 0x306},
	0x4D0:   {0x410, 0x306},
	0x4D1:   {0x430, 0x306},
	0x4D2:   {0x410, 0x308},
	0x4D3:   {0x430, 0x308},
	0x4D6:   {0x415, 0x306},
	0x4D7:   {0x435, 0x306},
	0x4DA:   {0x4D8, 0x308},
	0x4DB:   {0x4D9, 0x308},
	0x4DC:   {0x416, 0x308},
	0x4DD:   {0x436, 0x308},
	0x4DE:   {0x417, 0x308},
	0x4DF:   {0x437, 0x308},
	0x4E2:   {0x418, 0x304},
	0x4E3:   {0x438, 0x304},
	0x4E4:   {0x418, 0x308},
	0x4E5:   {0x438, 0x308},
	0x4E6:   {0x41E, 0x308},
	0x4E7:   {0x43E, 0x308},
	0x4EA:   {0x4E8, 0x308},
	0x4EB:   {0x4E9, 0x308},
	0x4EC:   {0x42D, 0x308},
	0x4ED:   {0x44D, 0x308},
	0x4EE:   {0x423, 0x304},
	0x4EF:   {0x443, 0x304},
	0x4F0:   {0x423, 0x308},
	0x4F1:   {0x443, 0x308},
	0x4F2:   {0x423, 0x30B},
	0x4F3:   {0x443, 0x30B},
	0x4F4:   {0x427, 0x308},
	0x4F5:   {0x447, 0x308},
	0x4F8:   {0x42B, 0x308},
	0x4F9:   {0x44B, 0x308},
	0x587:   {0x565, 0x582},
	0x622:   {0x627, 0x653},
	0x623:   {0x627, 0x654},
	0x624:   {0x648, 0x654},
	0x625:   {0x627, 0x655},
	0x626:   {0x64A, 0x654},
	0x675:   {0x627, 0x674},
	0x676:   {0x648, 0x674},
	0x677:   {0x6C7, 0x674},
	0x678:   {0x64A, 0x674},
	0x6C0:   {0x6D5, 0x654},
	0x6C2:   {0x6C1, 0x654},
	0x6D3:   {0x6D2, 0x654},
	0x929:   {0x928, 0x93C},
	0x931:   {0x930, 0x93C},
	0x934:   {0x933, 0x93C},
	0x958:   {0x915, 0x93C},
	0x959:   {0x916, 0x93C},
	0x95A:   {0x917, 0x93C},
	0x95B:   {0x91C, 0x93C},
	0x95C:   {0x921, 0x93C},
	0x95D:   {0x922, 0x93C},
	0x95E:   {0x92B, 0x93C},
	0x95F:   {0x92F, 0x93C},
	0x9CB:   {0x9C7, 0x9BE},
	0x9CC:   {0x9C7, 0x9D7},
	0x9DC:   {0x9A1, 0x9BC},
	0x9DD:   {0x9A2, 0x9BC},
	0x9DF:   {0x9AF, 0x9BC},
	0xA33:   {0xA32, 0xA3C},
	0xA36:   {0xA38, 0xA3C},
	0xA59:   {0xA16, 0xA3C},
	0xA5A:   {0xA17, 0xA3C},
	0xA5B:   {0xA1C, 0xA3C},
	0xA5E:   {0xA2B, 0xA3C},
	0xB48:   {0xB47, 0xB56},
	0xB4B:   {0xB47, 0xB3E},
	0xB4C:   {0xB47, 0xB57},
	0xB5C:   {0xB21, 0xB3C},
	0xB5D:   {0xB22, 0xB3C},
	0xB94:   {0xB92, 0xBD7},
	0xBCA:   {0xBC6, 0xBBE},
	0xBCB:   {0xBC7, 0xBBE},
	0xBCC:   {0xBC6, 0xBD7},
	0xC48:   {0xC46, 0xC56},
	0xCC0:   {0xCBF, 0xCD5},
	0xCC7:   {0xCC6, 0xCD5},
	0xCC8:   {0xCC6, 0xCD6},
	0xCCA:   {0xCC6, 0xCC2},
	0xCCB:   {0xCC6, 0xCC2, 0xCD5},
	0xD4A:   {0xD46, 0xD3E},
	0xD4B:   {0xD47, 0xD3E},
	0xD4C:   {0xD46, 0xD57},
	0xDDA:   {0xDD9, 0xDCA},
	0xDDC:   {0xDD9, 0xDCF},
	0xDDD:   {0xDD9, 0xDCF, 0xDCA},
	0xDDE:   {0xDD9, 0xDDF},
	0xE33:   {0xE4D, 0xE32},
	0xEB3:   {0xECD, 0xEB2},
	0xEDC:   {0xEAB, 0xE99},
	0xEDD:   {0xEAB, 0xEA1},
	0xF0C:   {0xF0B},
	0xF43:   {0xF42, 0xFB7},
	0xF4D:   {0xF4C, 0xFB7},
	0xF52:   {0xF51, 0xFB7},
	0xF57:   {0xF56, 0xFB7},
	0xF5C:   {0xF5B, 0xFB7},
	0xF69:   {0xF40, 0xFB5},
	0xF73:   {0xF71, 0xF72},
	0xF75:   {0xF71, 0xF74},
	0xF76:   {0xFB2, 0xF80},
	0xF77:   {0xFB2, 0xF71, 0xF80},
	0xF78:   {0xFB3, 0xF80},
	0xF79:   {0xFB3, 0xF71, 0xF80},
	0xF81:   {0xF71, 0xF80},
	0xF93:   {0xF92, 0xFB7},
	0xF9D:   {0xF9C, 0xFB7},
	0xFA2:   {0xFA1, 0xFB7},
	0xFA7:   {0xFA6, 0xFB7},
	0xFAC:   {0xFAB, 0xFB7},
	0xFB9:   {0xF90, 0xFB5},
	0x1026:  {0x1025, 0x102E},
	0x10FC:  {0x10DC},
	0x1B06:  {0x1B05, 0x1B35},
	0x1B08:  {0x1B07, 0x1B35},
	0x1B0A:  {0x1B09, 0x1B35},
	0x1B0C:  {0x1B0B, 0x1B35},
	0x1B0E:  {0x1B0D, 0x1B35},
	0x1B12:  {0x1B11, 0x1B35},
	0x1B3B:  {0x1B3A, 0x1B35},
	0x1B3D:  {0x1B3C, 0x1B35},
	0x1B40:  {0x1B3E, 0x1B35},
	0x1B41:  {0x1B3F, 0x1B35},
	0x1B43:  {0x1B42, 0x1B35},
	0x1D2C:  {0x41},
	0x1D2D:  {0xC6},
	0x1D2E:  {0x42},
	0x1D30:  {0x44},
	0x1D31:  {0x45},
	0x1D32:  {0x18E},
	0x1D33:  {0x47},
	0x1D34:  {0x48},
	0x1D35:  {0x49},
	0x1D36:  {0x4A},
	0x1D37:  {0x4B},
	0x1D38:  {0x4C},
	0x1D39:  {0x4D},
	0x1D3A:  {0x4E},
	0x1D3C:  {0x4F},
	0x1D3D:  {0x222},
	0x1D3E:  {0x50},
	0x1D3F:  {0x52},
	0x1D40:  {0x54},
	0x1D41:  {0x55},
	0x1D42:  {0x57},
	0x1D43:  {0x61},
	0x1D44:  {0x250},
	0x1D45:  {0x251},
	0x1D46:  {0x1D02},
	0x1D47:  {0x62},
	0x1D48:  {0x64},
	0x1D49:  {0x65},
	0x1D4A:  {0x259},
	0x1D4B:  {0x25B},
	0x1D4C:  {0x25C},
	0x1D4D:  {0x67},
	0x1D4F:  {0x6B},
	0x1D50:  {0x6D},
	0x1D51:  {0x14B},
	0x1D52:  {0x6F},
	0x1D53:  {0x254},
	0x1D54:  {0x1D16},
	0x1D55:  {0x1D17},
	0x1D56:  {0x70},
	0x1D57:  {0x74},
	0x1D58:  {0x75},
	0x1D59:  {0x1D1D},
	0x1D5A:  {0x26F},
	0x1D5B:  {0x76},
	0x1D5C:  {0x1D25},
	0x1D5D:  {0x3B2},
	0x1D5E:  {0x3B3},
	0x1D5F:  {0x3B4},
	0x1D60:  {0x3C6},
	0x1D61:  {0x3C7},
	0x1D62:  {0x69},
	0x1D63:  {0x72},
	0x1D64:  {0x75},
	0x1D65:  {0x76},
	0x1D66:  {0x3B2},
	0x1D67:  {0x3B3},
	0x1D68:  {0x3C1},
	0x1D69:  {0x3C6},
	0x1D6A:  {0x3C7},
	0x1D78:  {0x43D},
	0x1D9B:  {0x252},
	0x1D9C:  {0x63},
	0x1D9D:  {0x255},
	0x1D9E:  {0xF0},
	0x1D9F:  {0x25C},
	0x1DA0:  {0x66},
	0x1DA1:  {0x25F},
	0x1DA2:  {0x261},
	0x1DA3:  {0x265},
	0x1DA4:  {0x268},
	0x1DA5:  {0x269},
	0x1DA6:  {0x26A},
	0x1DA7:  {0x1D7B},
	0x1DA8:  {0x29D},
	0x1DA9:  {0x26D},
	0x1DAA:  {0x1D85},
	0x1DAB:  {0x29F},
	0x1DAC:  {0x271},
	0x1DAD:  {0x270},
	0x1DAE:  {0x272},
	0x1DAF:  {0x273},
	0x1DB0:  {0x274},
	0x1DB1:  {0x275},
	0x1DB2:  {0x278},
	0x1DB3:  {0x282},
	0x1DB4:  {0x283},
	0x1DB5:  {0x1AB},
	0x1DB6:  {0x289},
	0x1DB7:  {0x28A},
	0x1DB8:  {0x1D1C},
	0x1DB9:  {0x28B},
	0x1DBA:  {0x28C},
	0x1DBB:  {0x7A},
	0x1DBC:  {0x290},
	0x1DBD:  {0x291},
	0x1DBE:  {0x292},
	0x1DBF:  {0x3B8},
	0x1E00:  {0x41, 0x325},
	0x1E01:  {0x61, 0x325},
	0x1E02:  {0x42, 0x307},
	0x1E03:  {0x62, 0x307},
	0x1E04:  {0x42, 0x323},
	0x1E05:  {0x62, 0x323},
	0x1E06:  {0x42, 0x331},
	0x1E07:  {0x62, 0x331},
	0x1E08:  {0x43, 0x327, 0x301},
	0x1E09:  {0x63, 0x327, 0x301},
	0x1E0A:  {0x44, 0x307},
	0x1E0B:  {0x64, 0x307},
	0x1E0C:  {0x44, 0x323},
	0x1E0D:  {0x64, 0x323},
	0x1E0E:  {0x44, 0x331},
	0x1E0F:  {0x64, 0x331},
	0x1E10:  {0x44, 0x327},
	0x1E11:  {0x64, 0x327},
	0x1E12:  {0x44, 0x32D},
	0x1E13:  {0x64, 0x32D},
	0x1E14:  {0x45, 0x304, 0x300},
	0x1E15:  {0x65, 0x304, 0x300},
	0x1E16:  {0x45, 0x304, 0x301},
	0x1E17:  {0x65, 0x304, 0x301},
	0x1E18:  {0x45, 0x32D},
	0x1E19:  {0x65, 0x32D},
	0x1E1A:  {0x45, 0x330},
	0x1E1B:  {0x65, 0x330},
	0x1E1C:  {0x45, 0x327, 0x306},
	0x1E1D:  {0x65, 0x327, 0x306},
	0x1E1E:  {0x46, 0x307},
	0x1E1F:  {0x66, 0x307},
	0x1E20:  {0x47, 0x304},
	0x1E21:  {0x67, 0x304},
	0x1E22:  {0x48, 0x307},
	0x1E23:  {0x68, 0x307},
	0x1E24:  {0x48, 0x323},
	0x1E25:  {0x68, 0x323},
	0x1E26:  {0x48, 0x308},
	0x1E27:  {0x68, 0x308},
	0x1E28:  {0x48, 0x327},
	0x1E29:  {0x68, 0x327},
	0x1E2A:  {0x48, 0x32E},
	0x1E2B:  {0x68, 0x32E},
	0x1E2C:  {0x49, 0x330},
	0x1E2D:  {0x69, 0x330},
	0x1E2E:  {0x49, 0x308, 0x301},
	0x1E2F:  {0x69, 0x308, 0x301},
	0x1E30:  {0x4B, 0x301},
	0x1E31:  {0x6B, 0x301},
	0x1E32:  {0x4B, 0x323},
	0x1E33:  {0x6B, 0x323},
	0x1E34:  {0x4B, 0x331},
	0x1E35:  {0x6B, 0x331},
	0x1E36:  {0x4C, 0x323},
	0x1E37:  {0x6C, 0x323},
	0x1E38:  {0x4C, 0x323, 0x304},
	0x1E39:  {0x6C, 0x323, 0x304},
	0x1E3A:  {0x4C, 0x331},
	0x1E3B:  {0x6C, 0x331},
	0x1E3C:  {0x4C, 0x32D},
	0x1E3D:  {0x6C, 0x32D},
	0x1E3E:  {0x4D, 0x301},
	0x1E3F:  {0x6D, 0x301},
	0x1E40:  {0x4D, 0x307},
	0x1E41:  {0x6D, 0x307},
	0x1E42:  {0x4D, 0x323},
	0x1E43:  {0x6D, 0x323},
	0x1E44:  {0x4E, 0x307},
	0x1E45:  {0x6E, 0x307},
	0x1E46:  {0x4E, 0x323},
	0x1E47:  {0x6E, 0x323},
	0x1E48:  {0x4E, 0x331},
	0x1E49:  {0x6E, 0x331},
	0x1E4A:  {0x4E, 0x32D},
	0x1E4B:  {0x6E, 0x32D},
	0x1E4C:  {0x4F, 0x303, 0x301},
	0x1E4D:  {0x6F, 0x303, 0x301},
	0x1E4E:  {0x4F, 0x303, 0x308},
	0x1E4F:  {0x6F, 0x303, 0x308},
	0x1E50:  {0x4F, 0x304, 0x300},
	0x1E51:  {0x6F, 0x304, 0x300},
	0x1E52:  {0x4F, 0x304, 0x301},
	0x1E53:  {0x6F, 0x304, 0x301},
	0x1E54:  {0x50, 0x301},
	0x1E55:  {0x70, 0x301},
	0x1E56:  {0x50, 0x307},
	0x1E57:  {0x70, 0x307},
	0x1E58:  {0x52, 0x307},
	0x1E59:  {0x72, 0x307},
	0x1E5A:  {0x52, 0x323},
	0x1E5B:  {0x72, 0x323},
	0x1E5C:  {0x52, 0x323, 0x304},
	0x1E5D:  {0x72, 0x323, 0x304},
	0x1E5E:  {0x52, 0x331},
	0x1E5F:  {0x72, 0x331},
	0x1E60:  {0x53, 0x307},
	0x1E61:  {0x73, 0x307},
	0x1E62:  {0x53, 0x323},
	0x1E63:  {0x73, 0x323},
	0x1E64:  {0x53, 0x301, 0x307},
	0x1E65:  {0x73, 0x301, 0x307},
	0x1E66:  {0x53, 0x30C, 0x307},
	0x1E67:  {0x73, 0x30C, 0x307},
	0x1E68:  {0x53, 0x323, 0x307},
	0x1E69:  {0x73, 0x323, 0x307},
	0x1E6A:  {0x54, 0x307},
	0x1E6B:  {0x74, 0x307},
	0x1E6C:  {0x54, 0x323},
	0x1E6D:  {0x74, 0x323},
	0x1E6E:  {0x54, 0x331},
	0x1E6F:  {0x74, 0x331},
	0x1E70:  {0x54, 0x32D},
	0x1E71:  {0x74, 0x32D},
	0x1E72:  {0x55, 0x324},
	0x1E73:  {0x75, 0x324},
	0x1E74:  {0x55, 0x330},
	0x1E75:  {0x75, 0x330},
	0x1E76:  {0x55, 0x32D},
	0x1E77:  {0x75, 0x32D},
	0x1E78:  {0x55, 0x303, 0x301},
	0x1E79:  {0x75, 0x303, 0x301},
	0x1E7A:  {0x55, 0x304, 0x308},
	0x1E7B:  {0x75, 0x304, 0x308},
	0x1E7C:  {0x56, 0x303},
	0x1E7D:  {0x76, 0x303},
	0x1E7E:  {0x56, 0x323},
	0x1E7F:  {0x76, 0x323},
	0x1E80:  {0x57, 0x300},
	0x1E81:  {0x77, 0x300},
	0x1E82:  {0x57, 0x301},
	0x1E83:  {0x77, 0x301},
	0x1E84:  {0x57, 0x308},
	0x1E85:  {0x77, 0x308},
	0x1E86:  {0x57, 0x307},
	0x1E87:  {0x77, 0x307},
	0x1E88:  {0x57, 0x323},
	0x1E89:  {0x77, 0x323},
	0x1E8A:  {0x58, 0x307},
	0x1E8B:  {0x78, 0x307},
	0x1E8C:  {0x58, 0x308},
	0x1E8D:  {0x78, 0x308},
	0x1E8E:  {0x59, 0x307},
	0x1E8F:  {0x79, 0x307},
	0x1E90:  {0x5A, 0x302},
	0x1E91:  {0x7A, 0x302},
	0x1E92:  {0x5A, 0x323},
	0x1E93:  {0x7A, 0x323},
	0x1E94:  {0x5A, 0x331},
	0x1E95:  {0x7A, 0x331},
	0x1E96:  {0x68, 0x331},
	0x1E97:  {0x74, 0x308},
	0x1E98:  {0x77, 0x30A},
	0x1E99:  {0x79, 0x30A},
	0x1E9A:  {0x61, 0x2BE},
	0x1E9B:  {0x73, 0x307},
	0x1EA0:  {0x41, 0x323},
	0x1EA1:  {0x61, 0x323},
	0x1EA2:  {0x41, 0x309},
	0x1EA3:  {0x61, 0x309},
	0x1EA4:  {0x41, 0x302, 0x301},
	0x1EA5:  {0x61, 0x302, 0x301},
	0x1EA6:  {0x41, 0x302, 0x300},
	0x1EA7:  {0x61, 0x302, 0x300},
	0x1EA8:  {0x41, 0x302, 0x309},
	0x1EA9:  {0x61, 0x302, 0x309},
	0x1EAA:  {0x41, 0x302, 0x303},
	0x1EAB:  {0x61, 0x302, 0x303},
	0x1EAC:  {0x41, 0x323, 0x302},
	0x1EAD:  {0x61, 0x323, 0x302},
	0x1EAE:  {0x41, 0x306, 0x301},
	0x1EAF:  {0x61, 0x306, 0x301},
	0x1EB0:  {0x41, 0x306, 0x300},
	0x1EB1:  {0x61, 0x306, 0x300},
	0x1EB2:  {0x41, 0x306, 0x309},
	0x1EB3:  {0x61, 0x306, 0x309},
	0x1EB4:  {0x41, 0x306, 0x303},
	0x1EB5:  {0x61, 0x306, 0x303},
	0x1EB6:  {0x41, 0x323, 0x306},
	0x1EB7:  {0x61, 0x323, 0x306},
	0x1EB8:  {0x45, 0x323},
	0x1EB9:  {0x65, 0x323},
	0x1EBA:  {0x45, 0x309},
	0x1EBB:  {0x65, 0x309},
	0x1EBC:  {0x45, 0x303},
	0x1EBD:  {0x65, 0x303},
	0x1EBE:  {0x45, 0x302, 0x301},
	0x1EBF:  {0x65, 0x302, 0x301},
	0x1EC0:  {0x45, 0x302, 0x300},
	0x1EC1:  {0x65, 0x302, 0x300},
	0x1EC2:  {0x45, 0x302, 0x309},
	0x1EC3:  {0x65, 0x302, 0x309},
	0x1EC4:  {0x45, 0x302, 0x303},
	0x1EC5:  {0x65, 0x302, 0x303},
	0x1EC6:  {0x45, 0x323, 0x302},
	0x1EC7:  {0x65, 0x323, 0x302},
	0x1EC8:  {0x49, 0x309},
	0x1EC9:  {0x69, 0x309},
	0x1ECA:  {0x49, 0x323},
	0x1ECB:  {0x69, 0x323},
	0x1ECC:  {0x4F, 0x323},
	0x1ECD:  {0x6F, 0x323},
	0x1ECE:  {0x4F, 0x309},
	0x1ECF:  {0x6F, 0x309},
	0x1ED0:  {0x4F, 0x302, 0x301},
	0x1ED1:  {0x6F, 0x302, 0x301},
	0x1ED2:  {0x4F, 0x302, 0x300},
	0x1ED3:  {0x6F, 0x302, 0x300},
	0x1ED4:  {0x4F, 0x302, 0x309},
	0x1ED5:  {0x6F, 0x302, 0x309},
	0x1ED6:  {0x4F, 0x302, 0x303},
	0x1ED7:  {0x6F, 0x302, 0x303},
	0x1ED8:  {0x4F, 0x323, 0x302},
	0x1ED9:  {0x6F, 0x323, 0x302},
	0x1EDA:  {0x4F, 0x31B, 0x301},
	0x1EDB:  {0x6F, 0x31B, 0x301},
	0x1EDC:  {0x4F, 0x31B, 0x300},
	0x1EDD:  {0x6F, 0x31B, 0x300},
	0x1EDE:  {0x4F, 0x31B, 0x309},
	0x1EDF:  {0x6F, 0x31B, 0x309},
	0x1EE0:  {0x4F, 0x31B, 0x303},
	0x1EE1:  {0x6F, 0x31B, 0x303},
	0x1EE2:  {0x4F, 0x31B, 0x323},
	0x1EE3:  {0x6F, 0x31B, 0x323},
	0x1EE4:  {0x55, 0x323},
	0x1EE5:  {0x75, 0x323},
	0x1EE6:  {0x55, 0x309},
	0x1EE7:  {0x75, 0x309},
	0x1EE8:  {0x55, 0x31B, 0x301},
	0x1EE9:  {0x75, 0x31B, 0x301},
	0x1EEA:  {0x55, 0x31B, 0x300},
	0x1EEB:  {0x75, 0x31B, 0x300},
	0x1EEC:  {0x55, 0x31B, 0x309},
	0x1EED:  {0x75, 0x31B, 0x309},
	0x1EEE:  {0x55, 0x31B, 0x303},
	0x1EEF:  {0x75, 0x31B, 0x303},
	0x1EF0:  {0x55, 0x31B, 0x323},
	0x1EF1:  {0x75, 0x31B, 0x323},
	0x1EF2:  {0x59, 0x300},
	0x1EF3:  {0x79, 0x300},
	0x1EF4:  {0x59, 0x323},
	0x1EF5:  {0x79, 0x323},
	0x1EF6:  {0x59, 0x309},
	0x1EF7:  {0x79, 0x309},
	0x1EF8:  {0x59, 0x303},
	0x1EF9:  {0x79, 0x303},
	0x1F00:  {0x3B1, 0x313},
	0x1F01:  {0x3B1, 0x314},
	0x1F02:  {0x3B1, 0x313, 0x300},
	0x1F03:  {0x3B1, 0x314, 0x300},
	0x1F04:  {0x3B1, 0x313, 0x301},
	0x1F05:  {0x3B1, 0x314, 0x301},
	0x1F06:  {0x3B1, 0x313, 0x342},
	0x1F07:  {0x3B1, 0x314, 0x342},
	0x1F08:  {0x391, 0x313},
	0x1F09:  {0x391, 0x314},
	0x1F0A:  {0x391, 0x313, 0x300},
	0x1F0B:  {0x391, 0x314, 0x300},
	0x1F0C:  {0x391, 0x313, 0x301},
	0x1F0D:  {0x391, 0x314, 0x301},
	0x1F0E:  {0x391, 0x313, 0x342},
	0x1F0F:  {0x391, 0x314, 0x342},
	0x1F10:  {0x3B5, 0x313},
	0x1F11:  {0x3B5, 0x314},
	0x1F12:  {0x3B5, 0x313, 0x300},
	0x1F13:  {0x3B5, 0x314, 0x300},
	0x1F14:  {0x3B5, 0x313, 0x301},
	0x1F15:  {0x3B5, 0x314, 0x301},
	0x1F18:  {0x395, 0x313},
	0x1F19:  {0x395, 0x314},
	0x1F1A:  {0x395, 0x313, 0x300},
	0x1F1B:  {0x395, 0x314, 0x300},
	0x1F1C:  {0x395, 0x313, 0x301},
	0x1F1D:  {0x395, 0x314, 0x301},
	0x1F20:  {0x3B7, 0x313},
	0x1F21:  {0x3B7, 0x314},
	0x1F22:  {0x3B7, 0x313, 0x300},
	0x1F23:  {0x3B7, 0x314, 0x300},
	0x1F24:  {0x3B7, 0x313, 0x301},
	0x1F25:  {0x3B7, 0x314, 0x301},
	0x1F26:  {0x3B7, 0x313, 0x342},
	0x1F27:  {0x3B7, 0x314, 0x342},
	0x1F28:  {0x397, 0x313},
	0x1F29:  {0x397, 0x314},
	0x1F2A:  {0x397, 0x313, 0x300},
	0x1F2B:  {0x397, 0x314, 0x300},
	0x1F2C:  {0x397, 0x313, 0x301},
	0x1F2D:  {0x397, 0x314, 0x301},
	0x1F2E:  {0x397, 0x313, 0x342},
	0x1F2F:  {0x397, 0x314, 0x342},
	0x1F30:  {0x3B9, 0x313},
	0x1F31:  {0x3B9, 0x314},
	0x1F32:  {0x3B9, 0x313, 0x300},
	0x1F33:  {0x3B9, 0x314, 0x300},
	0x1F34:  {0x3B9, 0x313, 0x301},
	0x1F35:  {0x3B9, 0x314, 0x301},
	0x1F36:  {0x3B9, 0x313, 0x342},
	0x1F37:  {0x3B9, 0x314, 0x342},
	0x1F38:  {0x399, 0x313},
	0x1F39:  {0x399, 0x314},
	0x1F3A:  {0x399, 0x313, 0x300},
	0x1F3B:  {0x399, 0x314, 0x300},
	0x1F3C:  {0x399, 0x313, 0x301},
	0x1F3D:  {0x399, 0x314, 0x301},
	0x1F3E:  {0x399, 0x313, 0x342},
	0x1F3F:  {0x399, 0x314, 0x342},
	0x1F40:  {0x3BF, 0x313},
	0x1F41:  {0x3BF, 0x314},
	0x1F42:  {0x3BF, 0x313, 0x300},
	0x1F43:  {0x3BF, 0x314, 0x300},
	0x1F44:  {0x3BF, 0x313, 0x301},
	0x1F45:  {0x3BF, 0x314, 0x301},
	0x1F48:  {0x39F, 0x313},
	0x1F49:  {0x39F, 0x314},
	0x1F4A:  {0x39F, 0x313, 0x300},
	0x1F4B:  {0x39F, 0x314, 0x300},
	0x1F4C:  {0x39F, 0x313, 0x301},
	0x1F4D:  {0x39F, 0x314, 0x301},
	0x1F50:  {0x3C5, 0x313},
	0x1F51:  {0x3C5, 0x314},
	0x1F52:  {0x3C5, 0x313, 0x300},
	0x1F53:  {0x3C5, 0x314, 0x300},
	0x1F54:  {0x3C5, 0x313, 0x301},
	0x1F55:  {0x3C5, 0x314, 0x301},
	0x1F56:  {0x3C5, 0x313, 0x342},
	0x1F57:  {0x3C5, 0x314, 0x342},
	0x1F59:  {0x3A5, 0x314},
	0x1F5B:  {0x3A5, 0x314, 0x300},
	0x1F5D:  {0x3A5, 0x314, 0x301},
	0x1F5F:  {0x3A5, 0x314, 0x342},
	0x1F60:  {0x3C9, 0x313},
	0x1F61:  {0x3C9, 0x314},
	0x1F62:  {0x3C9, 0x313, 0x300},
	0x1F63:  {0x3C9, 0x314, 0x300},
	0x1F64:  {0x3C9, 0x313, 0x301},
	0x1F65:  {0x3C9, 0x314, 0x301},
	0x1F66:  {0x3C9, 0x313, 0x342},
	0x1F67:  {0x3C9, 0x314, 0x342},
	0x1F68:  {0x3A9, 0x313},
	0x1F69:  {0x3A9, 0x314},
	0x1F6A:  {0x3A9, 0x313, 0x300},
	0x1F6B:  {0x3A9, 0x314, 0x300},
	0x1F6C:  {0x3A9, 0x313, 0x301},
	0x1F6D:  {0x3A9, 0x314, 0x301},
	0x1F6E:  {0x3A9, 0x313, 0x342},
	0x1F6F:  {0x3A9, 0x314, 0x342},
	0x1F70:  {0x3B1, 0x300},
	0x1F71:  {0x3B1, 0x301},
	0x1F72:  {0x3B5, 0x300},
	0x1F73:  {0x3B5, 0x301},
	0x1F74:  {0x3B7, 0x300},
	0x1F75:  {0x3B7, 0x301},
	0x1F76:  {0x3B9, 0x300},
	0x1F77:  {0x3B9, 0x301},
	0x1F78:  {0x3BF, 0x300},
	0x1F79:  {0x3BF, 0x301},
	0x1F7A:  {0x3C5, 0x300},
	0x1F7B:  {0x3C5, 0x301},
	0x1F7C:  {0x3C9, 0x300},
	0x1F7D:  {0x3C9, 0x301},
	0x1F80:  {0x3B1, 0x313, 0x345},
	0x1F81:  {0x3B1, 0x314, 0x345},
	0x1F82:  {0x3B1, 0x313, 0x300, 0x345},
	0x1F83:  {0x3B1, 0x314, 0x300, 0x345},
	0x1F84:  {0x3B1, 0x313, 0x301, 0x345},
	0x1F85:  {0x3B1, 0x314, 0x301, 0x345},
	0x1F86:  {0x3B1, 0x313, 0x342, 0x345},
	0x1F87:  {0x3B1, 0x314, 0x342, 0x345},
	0x1F88:  {0x391, 0x313, 0x345},
	0x1F89:  {0x391, 0x314, 0x345},
	0x1F8A:  {0x391, 0x313, 0x300, 0x345},
	0x1F8B:  {0x391, 0x314, 0x300, 0x345},
	0x1F8C:  {0x391, 0x313, 0x301, 0x345},
	0x1F8D:  {0x391, 0x314, 0x301, 0x345},
	0x1F8E:  {0x391, 0x313, 0x342, 0x345},
	0x1F8F:  {0x391, 0x314, 0x342, 0x345},
	0x1F90:  {0x3B7, 0x313, 0x345},
	0x1F91:  {0x3B7, 0x314, 0x345},
	0x1F92:  {0x3B7, 0x313, 0x300, 0x345},
	0x1F93:  {0x3B7, 0x314, 0x300, 0x345},
	0x1F94:  {0x3B7, 0x313, 0x301, 0x345},
	0x1F95:  {0x3B7, 0x314, 0x301, 0x345},
	0x1F96:  {0x3B7, 0x313, 0x342, 0x345},
	0x1F97:  {0x3B7, 0x314, 0x342, 0x345},
	0x1F98:  {0x397, 0x313, 0x345},
	0x1F99:  {0x397, 0x314, 0x345},
	0x1F9A:  {0x397, 0x313, 0x300, 0x345},
	0x1F9B:  {0x397, 0x314, 0x300, 0x345},
	0x1F9C:  {0x397, 0x313, 0x301, 0x345},
	0x1F9D:  {0x397, 0x314, 0x301, 0x345},
	0x1F9E:  {0x397, 0x313, 0x342, 0x345},
	0x1F9F:  {0x397, 0x314, 0x342, 0x345},
	0x1FA0:  {0x3C9, 0x313, 0x345},
	0x1FA1:  {0x3C9, 0x314, 0x345},
	0x1FA2:  {0x3C9, 0x313, 0x300, 0x345},
	0x1FA3:  {0x3C9, 0x314, 0x300, 0x345},
	0x1FA4:  {0x3C9, 0x313, 0x301, 0x345},
	0x1FA5:  {0x3C9, 0x314, 0x301, 0x345},
	0x1FA6:  {0x3C9, 0x313, 0x342, 0x345},
	0x1FA7:  {0x3C9, 0x314, 0x342, 0x345},
	0x1FA8:  {0x3A9, 0x313, 0x345},
	0x1FA9:  {0x3A9, 0x314, 0x345},
	0x1FAA:  {0x3A9, 0x313, 0x300, 0x345},
	0x1FAB:  {0x3A9, 0x314, 0x300, 0x345},
	0x1FAC:  {0x3A9, 0x313, 0x301, 0x345},
	0x1FAD:  {0x3A9, 0x314, 0x301, 0x345},
	0x1FAE:  {0x3A9, 0x313, 0x342, 0x345},
	0x1FAF:  {0x3A9, 0x314, 0x342, 0x345},
	0x1FB0:  {0x3B1, 0x306},
	0x1FB1:  {0x3B1, 0x304},
	0x1FB2:  {0x3B1, 0x300, 0x345},
	0x1FB3:  {0x3B1, 0x345},
	0x1FB4:  {0x3B1, 0x301, 0x345},
	0x1FB6:  {0x3B1, 0x342},
	0x1FB7:  {0x3B1, 0x342, 0x345},
	0x1FB8:  {0x391, 0x306},
	0x1FB9:  {0x391, 0x304},
	0x1FBA:  {0x391, 0x300},
	0x1FBB:  {0x391, 0x301},
	0x1FBC:  {0x391, 0x345},
	0x1FBD:  {0x20, 0x313},
	0x1FBE:  {0x3B9},
	0x1FBF:  {0x20, 0x313},
	0x1FC0:  {0x20, 0x342},
	0x1FC1:  {0x20, 0x308, 0x342},
	0x1FC2:  {0x3B7, 0x300, 0x345},
	0x1FC3:  {0x3B7, 0x345},
	0x1FC4:  {0x3B7, 0x301, 0x345},
	0x1FC6:  {0x3B7, 0x342},
	0x1FC7:  {0x3B7, 0x342, 0x345},
	0x1FC8:  {0x395, 0x300},
	0x1FC9:  {0x395, 0x301},
	0x1FCA:  {0x397, 0x300},
	0x1FCB:  {0x397, 0x301},
	0x1FCC:  {0x397, 0x345},
	0x1FCD:  {0x20, 0x313, 0x300},
	0x1FCE:  {0x20, 0x313, 0x301},
	0x1FCF:  {0x20, 0x313, 0x342},
	0x1FD0:  {0x3B9, 0x306},
	0x1FD1:  {0x3B9, 0x304},
	0x1FD2:  {0x3B9, 0x308, 0x300},
	0x1FD3:  {0x3B9, 0x308, 0x301},
	0x1FD6:  {0x3B9, 0x342},
	0x1FD7:  {0x3B9, 0x308, 0x342},
	0x1FD8:  {0x399, 0x306},
	0x1FD9:  {0x399, 0x304},
	0x1FDA:  {0x399, 0x300},
	0x1FDB:  {0x399, 0x301},
	0x1FDD:  {0x20, 0x314, 0x300},
	0x1FDE:  {0x20, 0x314, 0x301},
	0x1FDF:  {0x20, 0x314, 0x342},
	0x1FE0:  {0x3C5, 0x306},
	0x1FE1:  {0x3C5, 0x304},
	0x1FE2:  {0x3C5, 0x308, 0x300},
	0x1FE3:  {0x3C5, 0x308, 0x301},
	0x1FE4:  {0x3C1, 0x313},
	0x1FE5:  {0x3C1, 0x314},
	0x1FE6:  {0x3C5, 0x342},
	0x1FE7:  {0x3C5, 0x308, 0x342},
	0x1FE8:  {0x3A5, 0x306},
	0x1FE9:  {0x3A5, 0x304},
	0x1FEA:  {0x3A5, 0x300},
	0x1FEB:  {0x3A5, 0x301},
	0x1FEC:  {0x3A1, 0x314},
	0x1FED:  {0x20, 0x308, 0x300},
	0x1FEE:  {0x20, 0x308, 0x301},
	0x1FEF:  {0x60},
	0x1FF2:  {0x3C9, 0x300, 0x345},
	0x1FF3:  {0x3C9, 0x345},
	0x1FF4:  {0x3C9, 0x301, 0x345},
	0x1FF6:  {0x3C9, 0x342},
	0x1FF7:  {0x3C9, 0x342, 0x345},
	0x1FF8:  {0x39F, 0x300},
	0x1FF9:  {0x39F, 0x301},
	0x1FFA:  {0x3A9, 0x300},
	0x1FFB:  {0x3A9, 0x301},
	0x1FFC:  {0x3A9, 0x345},
	0x1FFD:  {0x20, 0x301},
	0x1FFE:  {0x20, 0x314},
	0x2000:  {0x20},
	0x2001:  {0x20},
	0x2002:  {0x20},
	0x2003:  {0x20},
	0x2004:  {0x20},
	0x2005:  {0x20},
	0x2006:  {0x20},
	0x2007:  {0x20},
	0x2008:  {0x20},
	0x2009:  {0x20},
	0x200A:  {0x20},
	0x2011:  {0x2010},
	0x2017:  {0x20, 0x333},
	0x2024:  {0x2E},
	0x2025:  {0x2E, 0x2E},
	0x2026:  {0x2E, 0x2E, 0x2E},
	0x202F:  {0x20},
	0x2033:  {0x2032, 0x2032},
	0x2034:  {0x2032, 0x2032, 0x2032},
	0x2036:  {0x2035, 0x2035},
	0x2037:  {0x2035, 0x2035, 0x2035},
	0x203C:  {0x21, 0x21},
	0x203E:  {0x20, 0x305},
	0x2047:  {0x3F, 0x3F},
	0x2048:  {0x3F, 0x21},
	0x2049:  {0x21, 0x3F},
	0x2057:  {0x2032, 0x2032, 0x2032, 0x2032},
	0x205F:  {0x20},
	0x2070:  {0x30},
	0x2071:  {0x69},
	0x2074:  {0x34},
	0x2075:  {0x35},
	0x2076:  {0x36},
	0x2077:  {0x37},
	0x2078:  {0x38},
	0x2079:  {0x39},
	0x207A:  {0x2B},
	0x207B:  {0x2212},
	0x207C:  {0x3D},
	0x207D:  {0x28},
	0x207E:  {0x29},
	0x207F:  {0x6E},
	0x2080:  {0x30},
	0x2081:  {0x31},
	0x2082:  {0x32},
	0x2083:  {0x33},
	0x2084:  {0x34},
	0x2085:  {0x35},
	0x2086:  {0x36},
	0x2087:  {0x37},
	0x2088:  {0x38},
	0x2089:  {0x39},
	0x208A:  {0x2B},
	0x208B:  {0x2212},
	0x208C:  {0x3D},
	0x208D:  {0x28},
	0x208E:  {0x29},
	0x2090:  {0x61},
	0x2091:  {0x65},
	0x2092:  {0x6F},
	0x2093:  {0x78},
	0x2094:  {0x259},
	0x2095:  {0x68},
	0x2096:  {0x6B},
	0x2097:  {0x6C},
	0x2098:  {0x6D},
	0x2099:  {0x6E},
	0x209A:  {0x70},
	0x209B:  {0x73},
	0x209C:  {0x74},
	0x20A8:  {0x52, 0x73},
	0x2100:  {0x61, 0x2F, 0x63},
	0x2101:  {0x61, 0x2F, 0x73},
	0x2102:  {0x43},
	0x2103:  {0xB0, 0x43},
	0x2105:  {0x63, 0x2F, 0x6F},
	0x2106:  {0x63, 0x2F, 0x75},
	0x2107:  {0x190},
	0x2109:  {0xB0, 0x46},
	0x210A:  {0x67},
	0x210B:  {0x48},
	0x210C:  {0x48},
	0x210D:  {0x48},
	0x210E:  {0x68},
	0x210F:  {0x127},
	0x2110:  {0x49},
	0x2111:  {0x49},
	0x2112:  {0x4C},
	0x2113:  {0x6C},
	0x2115:  {0x4E},
	0x2116:  {0x4E, 0x6F},
	0x2119:  {0x50},
	0x211A:  {0x51},
	0x211B:  {0x52},
	0x211C:  {0x52},
	0x211D:  {0x52},
	0x2120:  {0x53, 0x4D},
	0x2121:  {0x54, 0x45, 0x4C},
	0x2122:  {0x54, 0x4D},
	0x2124:  {0x5A},
	0x2126:  {0x3A9},
	0x2128:  {0x5A},
	0x212A:  {0x4B},
	0x212B:  {0x41, 0x30A},
	0x212C:  {0x42},
	0x212D:  {0x43},
	0x212F:  {0x65},
	0x2130:  {0x45},
	0x2131:  {0x46},
	0x2133:  {0x4D},
	0x2134:  {0x6F},
	0x2135:  {0x5D0},
	0x2136:  {0x5D1},
	0x2137:  {0x5D2},
	0x2138:  {0x5D3},
	0x2139:  {0x69},
	0x213B:  {0x46, 0x41, 0x58},
	0x213C:  {0x3C0},
	0x213D:  {0x3B3},
	0x213E:  {0x393},
	0x213F:  {0x3A0},
	0x2140:  {0x2211},
	0x2145:  {0x44},
	0x2146:  {0x64},
	0x2147:  {0x65},
	0x2148:  {0x69},
	0x2149:  {0x6A},
	0x2150:  {0x31, 0x2044, 0x37},
	0x2151:  {0x31, 0x2044, 0x39},
	0x2152:  {0x31, 0x2044, 0x31, 0x30},
	0x2153:  {0x31, 0x2044, 0x33},
	0x2154:  {0x32, 0x2044, 0x33},
	0x2155:  {0x31, 0x2044, 0x35},
	0x2156:  {0x32, 0x2044, 0x35},
	0x2157:  {0x33, 0x2044, 0x35},
	0x2158:  {0x34, 0x2044, 0x35},
	0x2159:  {0x31, 0x2044, 0x36},
	0x215A:  {0x35, 0x2044, 0x36},
	0x215B:  {0x31, 0x2044, 0x38},
	0x215C:  {0x33, 0x2044, 0x38},
	0x215D:  {0x35, 0x2044, 0x38},
	0x215E:  {0x37, 0x2044, 0x38},
	0x215F:  {0x31, 0x2044},
	0x2160:  {0x49},
	0x2161:  {0x49, 0x49},
	0x2162:  {0x49, 0x49, 0x49},
	0x2163:  {0x49, 0x56},
	0x2164:  {0x56},
	0x2165:  {0x56, 0x49},
	0x2166:  {0x56, 0x49, 0x49},
	0x2167:  {0x56, 0x49, 0x49, 0x49},
	0x2168:  {0x49, 0x58},
	0x2169:  {0x58},
	0x216A:  {0x58, 0x49},
	0x216B:  {0x58, 0x49, 0x49},
	0x216C:  {0x4C},
	0x216D:  {0x43},
	0x216E:  {0x44},
	0x216F:  {0x4D},
	0x2170:  {0x69},
	0x2171:  {0x69, 0x69},
	0x2172:  {0x69, 0x69, 0x69},
	0x2173:  {0x69, 0x76},
	0x2174:  {0x76},
	0x2175:  {0x76, 0x69},
	0x2176:  {0x76, 0x69, 0x69},
	0x2177:  {0x76, 0x69, 0x69, 0x69},
	0x2178:  {0x69, 0x78},
	0x2179:  {0x78},
	0x217A:  {0x78, 0x69},
	0x217B:  {0x78, 0x69, 0x69},
	0x217C:  {0x6C},
	0x217D:  {0x63},
	0x217E:  {0x64},
	0x217F:  {0x6D},
	0x2189:  {0x30, 0x2044, 0x33},
	0x219A:  {0x2190, 0x338},
	0x219B:  {0x2192, 0x338},
	0x21AE:  {0x2194, 0x338},
	0x21CD:  {0x21D0, 0x338},
	0x21CE:  {0x21D4, 0x338},
	0x21CF:  {0x21D2, 0x338},
	0x2204:  {0x2203, 0x338},
	0x2209:  {0x2208, 0x338},
	0x220C:  {0x220B, 0x338},
	0x2224:  {0x2223, 0x338},
	0x2226:  {0x2225, 0x338},
	0x222C:  {0x222B, 0x222B},
	0x222D:  {0x222B, 0x222B, 0x222B},
	0x222F:  {0x222E, 0x222E},
	0x2230:  {0x222E, 0x222E, 0x222E},
	0x2241:  {0x223C, 0x338},
	0x2244:  {0x2243, 0x338},
	0x2247:  {0x2245, 0x338},
	0x2249:  {0x2248, 0x338},
	0x2260:  {0x3D, 0x338},
	0x2262:  {0x2261, 0x338},
	0x226D:  {0x224D, 0x338},
	0x226E:  {0x3C, 0x338},
	0x226F:  {0x3E, 0x338},
	0x2270:  {0x2264, 0x338},
	0x2271:  {0x2265, 0x338},
	0x2274:  {0x2272, 0x338},
	0x2275:  {0x2273, 0x338},
	0x2278:  {0x2276, 0x338},
	0x2279:  {0x2277, 0x338},
	0x2280:  {0x227A, 0x338},
	0x2281:  {0x227B, 0x338},
	0x2284:  {0x2282, 0x338},
	0x2285:  {0x2283, 0x338},
	0x2288:  {0x2286, 0x338},
	0x2289:  {0x2287, 0x338},
	0x22AC:  {0x22A2, 0x338},
	0x22AD:  {0x22A8, 0x338},
	0x22AE:  {0x22A9, 0x338},
	0x22AF:  {0x22AB, 0x338},
	0x22E0:  {0x227C, 0x338},
	0x22E1:  {0x227D, 0x338},
	0x22E2:  {0x2291, 0x338},
	0x22E3:  {0x2292, 0x338},
	0x22EA:  {0x22B2, 0x338},
	0x22EB:  {0x22B3, 0x338},
	0x22EC:  {0x22B4, 0x338},
	0x22ED:  {0x22B5, 0x338},
	0x2329:  {0x3008},
	0x232A:  {0x3009},
	0x2460:  {0x31},
	0x2461:  {0x32},
	0x2462:  {0x33},
	0x2463:  {0x34},
	0x2464:  {0x35},
	0x2465:  {0x36},
	0x2466:  {0x37},
	0x2467:  {0x38},
	0x2468:  {0x39},
	0x2469:  {0x31, 0x30},
	0x246A:  {0x31, 0x31},
	0x246B:  {0x31, 0x32},
	0x246C:  {0x31, 0x33},
	0x246D:  {0x31, 0x34},
	0x246E:  {0x31, 0x35},
	0x246F:  {0x31, 0x36},
	0x2470:  {0x31, 0x37},
	0x2471:  {0x31, 0x38},
	0x2472:  {0x31, 0x39},
	0x2473:  {0x32, 0x30},
	0x2474:  {0x28, 0x31, 0x29},
	0x2475:  {0x28, 0x32, 0x29},
	0x2476:  {0x28, 0x33, 0x29},
	0x2477:  {0x28, 0x34, 0x29},
	0x2478:  {0x28, 0x35, 0x29},
	0x2479:  {0x28, 0x36, 0x29},
	0x247A:  {0x28, 0x37, 0x29},
	0x247B:  {0x28, 0x38, 0x29},
	0x247C:  {0x28, 0x39, 0x29},
	0x247D:  {0x28, 0x31, 0x30, 0x29},
	0x247E:  {0x28, 0x31, 0x31, 0x29},
	0x247F:  {0x28, 0x31, 0x32, 0x29},
	0x2480:  {0x28, 0x31, 0x33, 0x29},
	0x2481:  {0x28, 0x31, 0x34, 0x29},
	0x2482:  {0x28, 0x31, 0x35, 0x29},
	0x2483:  {0x28, 0x31, 0x36, 0x29},
	0x2484:  {0x28, 0x31, 0x37, 0x29},
	0x2485:  {0x28, 0x31, 0x38, 0x29},
	0x2486:  {0x28, 0x31, 0x39, 0x29},
	0x2487:  {0x28, 0x32, 0x30, 0x29},
	0x2488:  {0x31, 0x2E},
	0x2489:  {0x32, 0x2E},
	0x248A:  {0x33, 0x2E},
	0x248B:  {0x34, 0x2E},
	0x248C:  {0x35, 0x2E},
	0x248D:  {0x36, 0x2E},
	0x248E:  {0x37, 0x2E},
	0x248F:  {0x38, 0x2E},
	0x2490:  {0x39, 0x2E},
	0x2491:  {0x31, 0x30, 0x2E},
	0x2492:  {0x31, 0x31, 0x2E},
	0x2493:  {0x31, 0x32, 0x2E},
	0x2494:  {0x31, 0x33, 0x2E},
	0x2495:  {0x31, 0x34, 0x2E},
	0x2496:  {0x31, 0x35, 0x2E},
	0x2497:  {0x31, 0x36, 0x2E},
	0x2498:  {0x31, 0x37, 0x2E},
	0x2499:  {0x31, 0x38, 0x2E},
	0x249A:  {0x31, 0x39, 0x2E},
	0x249B:  {0x32, 0x30, 0x2E},
	0x249C:  {0x28, 0x61, 0x29},
	0x249D:  {0x28, 0x62, 0x29},
	0x249E:  {0x28, 0x63, 0x29},
	0x249F:  {0x28, 0x64, 0x29},
	0x24A0:  {0x28, 0x65, 0x29},
	0x24A1:  {0x28, 0x66, 0x29},
	0x24A2:  {0x28, 0x67, 0x29},
	0x24A3:  {0x28, 0x68, 0x29},
	0x24A4:  {0x28, 0x69, 0x29},
	0x24A5:  {0x28, 0x6A, 0x29},
	0x24A6:  {0x28, 0x6B, 0x29},
	0x24A7:  {0x28, 0x6C, 0x29},
	0x24A8:  {0x28, 0x6D, 0x29},
	0x24A9:  {0x28, 0x6E, 0x29},
	0x24AA:  {0x28, 0x6F, 0x29},
	0x24AB:  {0x28, 0x70, 0x29},
	0x24AC:  {0x28, 0x71, 0x29},
	0x24AD:  {0x28, 0x72, 0x29},
	0x24AE:  {0x28, 0x73, 0x29},
	0x24AF:  {0x28, 0x74, 0x29},
	0x24B0:  {0x28, 0x75, 0x29},
	0x24B1:  {0x28, 0x76, 0x29},
	0x24B2:  {0x28, 0x77, 0x29},
	0x24B3:  {0x28, 0x78, 0x29},
	0x24B4:  {0x28, 0x79, 0x29},
	0x24B5:  {0x28, 0x7A, 0x29},
	0x24B6:  {0x41},
	0x24B7:  {0x42},
	0x24B8:  {0x43},
	0x24B9:  {0x44},
	0x24BA:  {0x45},
	0x24BB:  {0x46},
	0x24BC:  {0x47},
	0x24BD:  {0x48},
	0x24BE:  {0x49},
	0x24BF:  {0x4A},
	0x24C0:  {0x4B},
	0x24C1:  {0x4C},
	0x24C2:  {0x4D},
	0x24C3:  {0x4E},
	0x24C4:  {0x4F},
	0x24C5:  {0x50},
	0x24C6:  {0x51},
	0x24C7:  {0x52},
	0x24C8:  {0x53},
	0x24C9:  {0x54},
	0x24CA:  {0x55},
	0x24CB:  {0x56},
	0x24CC:  {0x57},
	0x24CD:  {0x58},
	0x24CE:  {0x59},
	0x24CF:  {0x5A},
	0x24D0:  {0x61},
	0x24D1:  {0x62},
	0x24D2:  {0x63},
	0x24D3:  {0x64},
	0x24D4:  {0x65},
	0x24D5:  {0x66},
	0x24D6:  {0x67},
	0x24D7:  {0x68},
	0x24D8:  {0x69},
	0x24D9:  {0x6A},
	0x24DA:  {0x6B},
	0x24DB:  {0x6C},
	0x24DC:  {0x6D},
	0x24DD:  {0x6E},
	0x24DE:  {0x6F},
	0x24DF:  {0x70},
	0x24E0:  {0x71},
	0x24E1:  {0x72},
	0x24E2:  {0x73},
	0x24E3:  {0x74},
	0x24E4:  {0x75},
	0x24E5:  {0x76},
	0x24E6:  {0x77},
	0x24E7:  {0x78},
	0x24E8:  {0x79},
	0x24E9:  {0x7A},
	0x24EA:  {0x30},
	0x2A0C:  {0x222B, 0x222B, 0x222B, 0x222B},
	0x2A74:  {0x3A, 0x3A, 0x3D},
	0x2A75:  {0x3D, 0x3D},
	0x2A76:  {0x3D, 0x3D, 0x3D},
	0x2ADC:  {0x2ADD, 0x338},
	0x2C7C:  {0x6A},
	0x2C7D:  {0x56},
	0x2D6F:  {0x2D61},
	0x2E9F:  {0x6BCD},
	0x2EF3:  {0x9F9F},
	0x2F00:  {0x4E00},
	0x2F01:  {0x4E28},
	0x2F02:  {0x4E36},
	0x2F03:  {0x4E3F},
	0x2F04:  {0x4E59},
	0x2F05:  {0x4E85},
	0x2F06:  {0x4E8C},
	0x2F07:  {0x4EA0},
	0x2F08:  {0x4EBA},
	0x2F09:  {0x513F},
	0x2F0A:  {0x5165},
	0x2F0B:  {0x516B},
	0x2F0C:  {0x5182},
	0x2F0D:  {0x5196},
	0x2F0E:  {0x51AB},
	0x2F0F:  {0x51E0},
	0x2F10:  {0x51F5},
	0x2F11:  {0x5200},
	0x2F12:  {0x529B},
	0x2F13:  {0x52F9},
	0x2F14:  {0x5315},
	0x2F15:  {0x531A},
	0x2F16:  {0x5338},
	0x2F17:  {0x5341},
	0x2F18:  {0x535C},
	0x2F19:  {0x5369},
	0x2F1A:  {0x5382},
	0x2F1B:  {0x53B6},
	0x2F1C:  {0x53C8},
	0x2F1D:  {0x53E3},
	0x2F1E:  {0x56D7},
	0x2F1F:  {0x571F},
	0x2F20:  {0x58EB},
	0x2F21:  {0x5902},
	0x2F22:  {0x590A},
	0x2F23:  {0x5915},
	0x2F24:  {0x5927},
	0x2F25:  {0x5973},
	0x2F26:  {0x5B50},
	0x2F27:  {0x5B80},
	0x2F28:  {0x5BF8},
	0x2F29:  {0x5C0F},
	0x2F2A:  {0x5C22},
	0x2F2B:  {0x5C38},
	0x2F2C:  {0x5C6E},
	0x2F2D:  {0x5C71},
	0x2F2E:  {0x5DDB},
	0x2F2F:  {0x5DE5},
	0x2F30:  {0x5DF1},
	0x2F31:  {0x5DFE},
	0x2F32:  {0x5E72},
	0x2F33:  {0x5E7A},
	0x2F34:  {0x5E7F},
	0x2F35:  {0x5EF4},
	0x2F36:  {0x5EFE},
	0x2F37:  {0x5F0B},
	0x2F38:  {0x5F13},
	0x2F39:  {0x5F50},
	0x2F3A:  {0x5F61},
	0x2F3B:  {0x5F73},
	0x2F3C:  {0x5FC3},
	0x2F3D:  {0x6208},
	0x2F3E:  {0x6236},
	0x2F3F:  {0x624B},
	0x2F40:  {0x652F},
	0x2F41:  {0x6534},
	0x2F42:  {0x6587},
	0x2F43:  {0x6597},
	0x2F44:  {0x65A4},
	0x2F45:  {0x65B9},
	0x2F46:  {0x65E0},
	0x2F47:  {0x65E5},
	0x2F48:  {0x66F0},
	0x2F49:  {0x6708},
	0x2F4A:  {0x6728},
	0x2F4B:  {0x6B20},
	0x2F4C:  {0x6B62},
	0x2F4D:  {0x6B79},
	0x2F4E:  {0x6BB3},
	0x2F4F:  {0x6BCB},
	0x2F50:  {0x6BD4},
	0x2F51:  {0x6BDB},
	0x2F52:  {0x6C0F},
	0x2F53:  {0x6C14},
	0x2F54:  {0x6C34},
	0x2F55:  {0x706B},
	0x2F56:  {0x722A},
	0x2F57:  {0x7236},
	0x2F58:  {0x723B},
	0x2F59:  {0x723F},
	0x2F5A:  {0x7247},
	0x2F5B:  {0x7259},
	0x2F5C:  {0x725B},
	0x2F5D:  {0x72AC},
	0x2F5E:  {0x7384},
	0x2F5F:  {0x7389},
	0x2F60:  {0x74DC},
	0x2F61:  {0x74E6},
	0x2F62:  {0x7518},
	0x2F63:  {0x751F},
	0x2F64:  {0x7528},
	0x2F65:  {0x7530},
	0x2F66:  {0x758B},
	0x2F67:  {0x7592},
	0x2F68:  {0x7676},
	0x2F69:  {0x767D},
	0x2F6A:  {0x76AE},
	0x2F6B:  {0x76BF},
	0x2F6C:  {0x76EE},
	0x2F6D:  {0x77DB},
	0x2F6E:  {0x77E2},
	0x2F6F:  {0x77F3},
	0x2F70:  {0x793A},
	0x2F71:  {0x79B8},
	0x2F72:  {0x79BE},
	0x2F73:  {0x7A74},
	0x2F74:  {0x7ACB},
	0x2F75:  {0x7AF9},
	0x2F76:  {0x7C73},
	0x2F77:  {0x7CF8},
	0x2F78:  {0x7F36},
	0x2F79:  {0x7F51},
	0x2F7A:  {0x7F8A},
	0x2F7B:  {0x7FBD},
	0x2F7C:  {0x8001},
	0x2F7D:  {0x800C},
	0x2F7E:  {0x8012},
	0x2F7F:  {0x8033},
	0x2F80:  {0x807F},
	0x2F81:  {0x8089},
	0x2F82:  {0x81E3},
	0x2F83:  {0x81EA},
	0x2F84:  {0x81F3},
	0x2F85:  {0x81FC},
	0x2F86:  {0x820C},
	0x2F87:  {0x821B},
	0x2F88:  {0x821F},
	0x2F89:  {0x826E},
	0x2F8A:  {0x8272},
	0x2F8B:  {0x8278},
	0x2F8C:  {0x864D},
	0x2F8D:  {0x866B},
	0x2F8E:  {0x8840},
	0x2F8F:  {0x884C},
	0x2F90:  {0x8863},
	0x2F91:  {0x897E},
	0x2F92:  {0x898B},
	0x2F93:  {0x89D2},
	0x2F94:  {0x8A00},
	0x2F95:  {0x8C37},
	0x2F96:  {0x8C46},
	0x2F97:  {0x8C55},
	0x2F98:  {0x8C78},
	0x2F99:  {0x8C9D},
	0x2F9A:  {0x8D64},
	0x2F9B:  {0x8D70},
	0x2F9C:  {0x8DB3},
	0x2F9D:  {0x8EAB},
	0x2F9E:  {0x8ECA},
	0x2F9F:  {0x8F9B},
	0x2FA0:  {0x8FB0},
	0x2FA1:  {0x8FB5},
	0x2FA2:  {0x9091},
	0x2FA3:  {0x9149},
	0x2FA4:  {0x91C6},
	0x2FA5:  {0x91CC},
	0x2FA6:  {0x91D1},
	0x2FA7:  {0x9577},
	0x2FA8:  {0x9580},
	0x2FA9:  {0x961C},
	0x2FAA:  {0x96B6},
	0x2FAB:  {0x96B9},
	0x2FAC:  {0x96E8},
	0x2FAD:  {0x9751},
	0x2FAE:  {0x975E},
	0x2FAF:  {0x9762},
	0x2FB0:  {0x9769},
	0x2FB1:  {0x97CB},
	0x2FB2:  {0x97ED},
	0x2FB3:  {0x97F3},
	0x2FB4:  {0x9801},
	0x2FB5:  {0x98A8},
	0x2FB6:  {0x98DB},
	0x2FB7:  {0x98DF},
	0x2FB8:  {0x9996},
	0x2FB9:  {0x9999},
	0x2FBA:  {0x99AC},
	0x2FBB:  {0x9AA8},
	0x2FBC:  {0x9AD8},
	0x2FBD:  {0x9ADF},
	0x2FBE:  {0x9B25},
	0x2FBF:  {0x9B2F},
	0x2FC0:  {0x9B32},
	0x2FC1:  {0x9B3C},
	0x2FC2:  {0x9B5A},
	0x2FC3:  {0x9CE5},
	0x2FC4:  {0x9E75},
	0x2FC5:  {0x9E7F},
	0x2FC6:  {0x9EA5},
	0x2FC7:  {0x9EBB},
	0x2FC8:  {0x9EC3},
	0x2FC9:  {0x9ECD},
	0x2FCA:  {0x9ED1},
	0x2FCB:  {0x9EF9},
	0x2FCC:  {0x9EFD},
	0x2FCD:  {0x9F0E},
	0x2FCE:  {0x9F13},
	0x2FCF:  {0x9F20},
	0x2FD0:  {0x9F3B},
	0x2FD1:  {0x9F4A},
	0x2FD2:  {0x9F52},
	0x2FD3:  {0x9F8D},
	0x2FD4:  {0x9F9C},
	0x2FD5:  {0x9FA0},
	0x3000:  {0x20},
	0x3036:  {0x3012},
	0x3038:  {0x5341},
	0x3039:  {0x5344},
	0x303A:  {0x5345},
	0x304C:  {0x304B, 0x3099},
	0x304E:  {0x304D, 0x3099},
	0x3050:  {0x304F, 0x3099},
	0x3052:  {0x3051, 0x3099},
	0x3054:  {0x3053, 0x3099},
	0x3056:  {0x3055, 0x3099},
	0x3058:  {0x3057, 0x3099},
	0x305A:  {0x3059, 0x3099},
	0x305C:  {0x305B, 0x3099},
	0x305E:  {0x305D, 0x3099},
	0x3060:  {0x305F, 0x3099},
	0x3062:  {0x3061, 0x3099},
	0x3065:  {0x3064, 0x3099},
	0x3067:  {0x3066, 0x3099},
	0x3069:  {0x3068, 0x3099},
	0x3070:  {0x306F, 0x3099},
	0x3071:  {0x306F, 0x309A},
	0x3073:  {0x3072, 0x3099},
	0x3074:  {0x3072, 0x309A},
	0x3076:  {0x3075, 0x3099},
	0x3077:  {0x3075, 0x309A},
	0x3079:  {0x3078, 0x3099},
	0x307A:  {0x3078, 0x309A},
	0x307C:  {0x307B, 0x3099},
	0x307D:  {0x307B, 0x309A},
	0x3094:  {0x3046, 0x3099},
	0x309B:  {0x20, 0x3099},
	0x309C:  {0x20, 0x309A},
	0x309E:  {0x309D, 0x3099},
	0x309F:  {0x3088, 0x308A},
	0x30AC:  {0x30AB, 0x3099},
	0x30AE:  {0x30AD, 0x3099},
	0x30B0:  {0x30AF, 0x3099},
	0x30B2:  {0x30B1, 0x3099},
	0x30B4:  {0x30B3, 0x3099},
	0x30B6:  {0x30B5, 0x3099},
	0x30B8:  {0x30B7, 0x3099},
	0x30BA:  {0x30B9, 0x3099},
	0x30BC:  {0x30BB, 0x3099},
	0x30BE:  {0x30BD, 0x3099},
	0x30C0:  {0x30BF, 0x3099},
	0x30C2:  {0x30C1, 0x3099},
	0x30C5:  {0x30C4, 0x3099},
	0x30C7:  {0x30C6, 0x3099},
	0x30C9:  {0x30C8, 0x3099},
	0x30D0:  {0x30CF, 0x3099},
	0x30D1:  {0x30CF, 0x309A},
	0x30D3:  {0x30D2, 0x3099},
	0x30D4:  {0x30D2, 0x309A},
	0x30D6:  {0x30D5, 0x3099},
	0x30D7:  {0x30D5, 0x309A},
	0x30D9:  {0x30D8, 0x3099},
	0x30DA:  {0x30D8, 0x309A},
	0x30DC:  {0x30DB, 0x3099},
	0x30DD:  {0x30DB, 0x309A},
	0x30F4:  {0x30A6, 0x3099},
	0x30F7:  {0x30EF, 0x3099},
	0x30F8:  {0x30F0, 0x3099},
	0x30F9:  {0x30F1, 0x3099},
	0x30FA:  {0x30F2, 0x3099},
	0x30FE:  {0x30FD, 0x3099},
	0x30FF:  {0x30B3, 0x30C8},
	0x3131:  {0x1100},
	0x3132:  {0x1101},
	0x3133:  {0x11AA},
	0x3134:  {0x1102},
	0x3135:  {0x11AC},
	0x3136:  {0x11AD},
	0x3137:  {0x1103},
	0x3138:  {0x1104},
	0x3139:  {0x1105},
	0x313A:  {0x11B0},
	0x313B:  {0x11B1},
	0x313C:  {0x11B2},
	0x313D:  {0x11B3},
	0x313E:  {0x11B4},
	0x313F:  {0x11B5},
	0x3140:  {0x111A},
	0x3141:  {0x1106},
	0x3142:  {0x1107},
	0x3143:  {0x1108},
	0x3144:  {0x1121},
	0x3145:  {0x1109},
	0x3146:  {0x110A},
	0x3147:  {0x110B},
	0x3148:  {0x110C},
	0x3149:  {0x110D},
	0x314A:  {0x110E},
	0x314B:  {0x110F},
	0x314C:  {0x1110},
	0x314D:  {0x1111},
	0x314E:  {0x1112},
	0x314F:  {0x1161},
	0x3150:  {0x1162},
	0x3151:  {0x1163},
	0x3152:  {0x1164},
	0x3153:  {0x1165},
	0x3154:  {0x1166},
	0x3155:  {0x1167},
	0x3156:  {0x1168},
	0x3157:  {0x1169},
	0x3158:  {0x116A},
	0x3159:  {0x116B},
	0x315A:  {0x116C},
	0x315B:  {0x116D},
	0x315C:  {0x116E},
	0x315D:  {0x116F},
	0x315E:  {0x1170},
	0x315F:  {0x1171},
	0x3160:  {0x1172},
	0x3161:  {0x1173},
	0x3162:  {0x1174},
	0x3163:  {0x1175},
	0x3164:  {0x1160},
	0x3165:  {0x1114},
	0x3166:  {0x1115},
	0x3167:  {0x11C7},
	0x3168:  {0x11C8},
	0x3169:  {0x11CC},
	0x316A:  {0x11CE},
	0x316B:  {0x11D3},
	0x316C:  {0x11D7},
	0x316D:  {0x11D9},
	0x316E:  {0x111C},
	0x316F:  {0x11DD},
	0x3170:  {0x11DF},
	0x3171:  {0x111D},
	0x3172:  {0x111E},
	0x3173:  {0x1120},
	0x3174:  {0x1122},
	0x3175:  {0x1123},
	0x3176:  {0x1127},
	0x3177:  {0x1129},
	0x3178:  {0x112B},
	0x3179:  {0x112C},
	0x317A:  {0x112D},
	0x317B:  {0x112E},
	0x317C:  {0x112F},
	0x317D:  {0x1132},
	0x317E:  {0x1136},
	0x317F:  {0x1140},
	0x3180:  {0x1147},
	0x3181:  {0x114C},
	0x3182:  {0x11F1},
	0x3183:  {0x11F2},
	0x3184:  {0x1157},
	0x3185:  {0x1158},
	0x3186:  {0x1159},
	0x3187:  {0x1184},
	0x3188:  {0x1185},
	0x3189:  {0x1188},
	0x318A:  {0x1191},
	0x318B:  {0x1192},
	0x318C:  {0x1194},
	0x318D:  {0x119E},
	0x318E:  {0x11A1},
	0x3192:  {0x4E00},
	0x3193:  {0x4E8C},
	0x3194:  {0x4E09},
	0x3195:  {0x56DB},
	0x3196:  {0x4E0A},
	0x3197:  {0x4E2D},
	0x3198:  {0x4E0B},
	0x3199:  {0x7532},
	0x319A:  {0x4E59},
	0x319B:  {0x4E19},
	0x319C:  {0x4E01},
	0x319D:  {0x5929},
	0x319E:  {0x5730},
	0x319F:  {0x4EBA},
	0x3200:  {0x28, 0x1100, 0x29},
	0x3201:  {0x28, 0x1102, 0x29},
	0x3202:  {0x28, 0x1103, 0x29},
	0x3203:  {0x28, 0x1105, 0x29},
	0x3204:  {0x28, 0x1106, 0x29},
	0x3205:  {0x28, 0x1107, 0x29},
	0x3206:  {0x28, 0x1109, 0x29},
	0x3207:  {0x28, 0x110B, 0x29},
	0x3208:  {0x28, 0x110C, 0x29},
	0x3209:  {0x28, 0x110E, 0x29},
	0x320A:  {0x28, 0x110F, 0x29},
	0x320B:  {0x28, 0x1110, 0x29},
	0x320C:  {0x28, 0x1111, 0x29},
	0x320D:  {0x28, 0x1112, 0x29},
	0x320E:  {0x28, 0x1100, 0x1161, 0x29},
	0x320F:  {0x28, 0x1102, 0x1161, 0x29},
	0x3210:  {0x28, 0x1103, 0x1161, 0x29},
	0x3211:  {0x28, 0x1105, 0x1161, 0x29},
	0x3212:  {0x28, 0x1106, 0x1161, 0x29},
	0x3213:  {0x28, 0x1107, 0x1161, 0x29},
	0x3214:  {0x28, 0x1109, 0x1161, 0x29},
	0x3215:  {0x28, 0x110B, 0x1161, 0x29},
	0x3216:  {0x28, 0x110C, 0x1161, 0x29},
	0x3217:  {0x28, 0x110E, 0x1161, 0x29},
	0x3218:  {0x28, 0x110F, 0x1161, 0x29},
	0x3219:  {0x28, 0x1110, 0x1161, 0x29},
	0x321A:  {0x28, 0x1111, 0x1161, 0x29},
	0x321B:  {0x28, 0x1112, 0x1161, 0x29},
	0x321C:  {0x28, 0x110C, 0x116E, 0x29},
	0x321D:  {0x28, 0x110B, 0x1169, 0x110C, 0x1165, 0x11AB, 0x29},
	0x321E:  {0x28, 0x110B, 0x1169, 0x1112, 0x116E, 0x29},
	0x3220:  {0x28, 0x4E00, 0x29},
	0x3221:  {0x28, 0x4E8C, 0x29},
	0x3222:  {0x28, 0x4E09, 0x29},
	0x3223:  {0x28, 0x56DB, 0x29},
	0x3224:  {0x28, 0x4E94, 0x29},
	0x3225:  {0x28, 0x516D, 0x29},
	0x3226:  {0x28, 0x4E03, 0x29},
	0x3227:  {0x28, 0x516B, 0x29},
	0x3228:  {0x28, 0x4E5D, 0x29},
	0x3229:  {0x28, 0x5341, 0x29},
	0x322A:  {0x28, 0x6708, 0x29},
	0x322B:  {0x28, 0x706B, 0x29},
	0x322C:  {0x28, 0x6C34, 0x29},
	0x322D:  {0x28, 0x6728, 0x29},
	0x322E:  {0x28, 0x91D1, 0x29},
	0x322F:  {0x28, 0x571F, 0x29},
	0x3230:  {0x28, 0x65E5, 0x29},
	0x3231:  {0x28, 0x682A, 0x29},
	0x3232:  {0x28, 0x6709, 0x29},
	0x3233:  {0x28, 0x793E, 0x29},
	0x3234:  {0x28, 0x540D, 0x29},
	0x3235:  {0x28, 0x7279, 0x29},
	0x3236:  {0x28, 0x8CA1, 0x29},
	0x3237:  {0x28, 0x795D, 0x29},
	0x3238:  {0x28, 0x52B4, 0x29},
	0x3239:  {0x28, 0x4EE3, 0x29},
	0x323A:  {0x28, 0x547C, 0x29},
	0x323B:  {0x28, 0x5B66, 0x29},
	0x323C:  {0x28, 0x76E3, 0x29},
	0x323D:  {0x28, 0x4F01, 0x29},
	0x323E:  {0x28, 0x8CC7, 0x29},
	0x323F:  {0x28, 0x5354, 0x29},
	0x3240:  {0x28, 0x796D, 0x29},
	0x3241:  {0x28, 0x4F11, 0x29},
	0x3242:  {0x28, 0x81EA, 0x29},
	0x3243:  {0x28, 0x81F3, 0x29},
	0x3244:  {0x554F},
	0x3245:  {0x5E7C},
	0x3246:  {0x6587},
	0x3247:  {0x7B8F},
	0x3250:  {0x50, 0x54, 0x45},
	0x3251:  {0x32, 0x31},
	0x3252:  {0x32, 0x32},
	0x3253:  {0x32, 0x33},
	0x3254:  {0x32, 0x34},
	0x3255:  {0x32, 0x35},
	0x3256:  {0x32, 0x36},
	0x3257:  {0x32, 0x37},
	0x3258:  {0x32, 0x38},
	0x3259:  {0x32, 0x39},
	0x325A:  {0x33, 0x30},
	0x325B:  {0x33, 0x31},
	0x325C:  {0x33, 0x32},
	0x325D:  {0x33, 0x33},
	0x325E:  {0x33, 0x34},
	0x325F:  {0x33, 0x35},
	0x3260:  {0x1100},
	0x3261:  {0x1102},
	0x3262:  {0x1103},
	0x3263:  {0x1105},
	0x3264:  {0x1106},
	0x3265:  {0x1107},
	0x3266:  {0x1109},
	0x3267:  {0x110B},
	0x3268:  {0x110C},
	0x3269:  {0x110E},
	0x326A:  {0x110F},
	0x326B:  {0x1110},
	0x326C:  {0x1111},
	0x326D:  {0x1112},
	0x326E:  {0x1100, 0x1161},
	0x326F:  {0x1102, 0x1161},
	0x3270:  {0x1103, 0x1161},
	0x3271:  {0x1105, 0x1161},
	0x3272:  {0x1106, 0x1161},
	0x3273:  {0x1107, 0x1161},
	0x3274:  {0x1109, 0x1161},
	0x3275:  {0x110B, 0x1161},
	0x3276:  {0x110C, 0x1161},
	0x3277:  {0x110E, 0x1161},
	0x3278:  {0x110F, 0x1161},
	0x3279:  {0x1110, 0x1161},
	0x327A:  {0x1111, 0x1161},
	0x327B:  {0x1112, 0x1161},
	0x327C:  {0x110E, 0x1161, 0x11B7, 0x1100, 0x1169},
	0x327D:  {0x110C, 0x116E, 0x110B, 0x1174},
	0x327E:  {0x110B, 0x116E},
	0x3280:  {0x4E00},
	0x3281:  {0x4E8C},
	0x3282:  {0x4E09},
	0x3283:  {0x56DB},
	0x3284:  {0x4E94},
	0x3285:  {0x516D},
	0x3286:  {0x4E03},
	0x3287:  {0x516B},
	0x3288:  {0x4E5D},
	0x3289:  {0x5341},
	0x328A:  {0x6708},
	0x328B:  {0x706B},
	0x328C:  {0x6C34},
	0x328D:  {0x6728},
	0x328E:  {0x91D1},
	0x328F:  {0x571F},
	0x3290:  {0x65E5},
	0x3291:  {0x682A},
	0x3292:  {0x6709},
	0x3293:  {0x793E},
	0x3294:  {0x540D},
	0x3295:  {0x7279},
	0x3296:  {0x8CA1},
	0x3297:  {0x795D},
	0x3298:  {0x52B4},
	0x3299:  {0x79D8},
	0x329A:  {0x7537},
	0x329B:  {0x5973},
	0x329C:  {0x9069},
	0x329D:  {0x512A},
	0x329E:  {0x5370},
	0x329F:  {0x6CE8},
	0x32A0:  {0x9805},
	0x32A1:  {0x4F11},
	0x32A2:  {0x5199},
	0x32A3:  {0x6B63},
	0x32A4:  {0x4E0A},
	0x32A5:  {0x4E2D},
	0x32A6:  {0x4E0B},
	0x32A7:  {0x5DE6},
	0x32A8:  {0x53F3},
	0x32A9:  {0x533B},
	0x32AA:  {0x5B97},
	0x32AB:  {0x5B66},
	0x32AC:  {0x76E3},
	0x32AD:  {0x4F01},
	0x32AE:  {0x8CC7},
	0x32AF:  {0x5354},
	0x32B0:  {0x591C},
	0x32B1:  {0x33, 0x36},
	0x32B2:  {0x33, 0x37},
	0x32B3:  {0x33, 0x38},
	0x32B4:  {0x33, 0x39},
	0x32B5:  {0x34, 0x30},
	0x32B6:  {0x34, 0x31},
	0x32B7:  {0x34, 0x32},
	0x32B8:  {0x34, 0x33},
	0x32B9:  {0x34, 0x34},
	0x32BA:  {0x34, 0x35},
	0x32BB:  {0x34, 0x36},
	0x32BC:  {0x34, 0x37},
	0x32BD:  {0x34, 0x38},
	0x32BE:  {0x34, 0x39},
	0x32BF:  {0x35, 0x30},
	0x32C0:  {0x31, 0x6708},
	0x32C1:  {0x32, 0x6708},
	0x32C2:  {0x33, 0x6708},
	0x32C3:  {0x34, 0x6708},
	0x32C4:  {0x35, 0x6708},
	0x32C5:  {0x36, 0x6708},
	0x32C6:  {0x37, 0x6708},
	0x32C7:  {0x38, 0x6708},
	0x32C8:  {0x39, 0x6708},
	0x32C9:  {0x31, 0x30, 0x6708},
	0x32CA:  {0x31, 0x31, 0x6708},
	0x32CB:  {0x31, 0x32, 0x6708},
	0x32CC:  {0x48, 0x67},
	0x32CD:  {0x65, 0x72, 0x67},
	0x32CE:  {0x65, 0x56},
	0x32CF:  {0x4C, 0x54, 0x44},
	0x32D0:  {0x30A2},
	0x32D1:  {0x30A4},
	0x32D2:  {0x30A6},
	0x32D3:  {0x30A8},
	0x32D4:  {0x30AA},
	0x32D5:  {0x30AB},
	0x32D6:  {0x30AD},
	0x32D7:  {0x30AF},
	0x32D8:  {0x30B1},
	0x32D9:  {0x30B3},
	0x32DA:  {0x30B5},
	0x32DB:  {0x30B7},
	0x32DC:  {0x30B9},
	0x32DD:  {0x30BB},
	0x32DE:  {0x30BD},
	0x32DF:  {0x30BF},
	0x32E0:  {0x30C1},
	0x32E1:  {0x30C4},
	0x32E2:  {0x30C6},
	0x32E3:  {0x30C8},
	0x32E4:  {0x30CA},
	0x32E5:  {0x30CB},
	0x32E6:  {0x30CC},
	0x32E7:  {0x30CD},
	0x32E8:  {0x30CE},
	0x32E9:  {0x30CF},
	0x32EA:  {0x30D2},
	0x32EB:  {0x30D5},
	0x32EC:  {0x30D8},
	0x32ED:  {0x30DB},
	0x32EE:  {0x30DE},
	0x32EF:  {0x30DF},
	0x32F0:  {0x30E0},
	0x32F1:  {0x30E1},
	0x32F2:  {0x30E2},
	0x32F3:  {0x30E4},
	0x32F4:  {0x30E6},
	0x32F5:  {0x30E8},
	0x32F6:  {0x30E9},
	0x32F7:  {0x30EA},
	0x32F8:  {0x30EB},
	0x32F9:  {0x30EC},
	0x32FA:  {0x30ED},
	0x32FB:  {0x30EF},
	0x32FC:  {0x30F0},
	0x32FD:  {0x30F1},
	0x32FE:  {0x30F2},
	0x32FF:  {0x4EE4, 0x548C},
	0x3300:  {0x30A2, 0x30CF, 0x309A, 0x30FC, 0x30C8},
	0x3301:  {0x30A2, 0x30EB, 0x30D5, 0x30A1},
	0x3302:  {0x30A2, 0x30F3, 0x30D8, 0x309A, 0x30A2},
	0x3303:  {0x30A2, 0x30FC, 0x30EB},
	0x3304:  {0x30A4, 0x30CB, 0x30F3, 0x30AF, 0x3099},
	0x3305:  {0x30A4, 0x30F3, 0x30C1},
	0x3306:  {0x30A6, 0x30A9, 0x30F3},
	0x3307:  {0x30A8, 0x30B9, 0x30AF, 0x30FC, 0x30C8, 0x3099},
	0x3308:  {0x30A8, 0x30FC, 0x30AB, 0x30FC},
	0x3309:  {0x30AA, 0x30F3, 0x30B9},
	0x330A:  {0x30AA, 0x30FC, 0x30E0},
	0x330B:  {0x30AB, 0x30A4, 0x30EA},
	0x330C:  {0x30AB, 0x30E9, 0x30C3, 0x30C8},
	0x330D:  {0x30AB, 0x30ED, 0x30EA, 0x30FC},
	0x330E:  {0x30AB, 0x3099, 0x30ED, 0x30F3},
	0x330F:  {0x30AB, 0x3099, 0x30F3, 0x30DE},
	0x3310:  {0x30AD, 0x3099, 0x30AB, 0x3099},
	0x3311:  {0x30AD, 0x3099, 0x30CB, 0x30FC},
	0x3312:  {0x30AD, 0x30E5, 0x30EA, 0x30FC},
	0x3313:  {0x30AD, 0x3099, 0x30EB, 0x30BF, 0x3099, 0x30FC},
	0x3314:  {0x30AD, 0x30ED},
	0x3315:  {0x30AD, 0x30ED, 0x30AF, 0x3099, 0x30E9, 0x30E0},
	0x3316:  {0x30AD, 0x30ED, 0x30E1, 0x30FC, 0x30C8, 0x30EB},
	0x3317:  {0x30AD, 0x30ED, 0x30EF, 0x30C3, 0x30C8},
	0x3318:  {0x30AF, 0x3099, 0x30E9, 0x30E0},
	0x3319:  {0x30AF, 0x3099, 0x30E9, 0x30E0, 0x30C8, 0x30F3},
	0x331A:  {0x30AF, 0x30EB, 0x30BB, 0x3099, 0x30A4, 0x30ED},
	0x331B:  {0x30AF, 0x30ED, 0x30FC, 0x30CD},
	0x331C:  {0x30B1, 0x30FC, 0x30B9},
	0x331D:  {0x30B3, 0x30EB, 0x30CA},
	0x331E:  {0x30B3, 0x30FC, 0x30DB, 0x309A},
	0x331F:  {0x30B5, 0x30A4, 0x30AF, 0x30EB},
	0x3320:  {0x30B5, 0x30F3, 0x30C1, 0x30FC, 0x30E0},
	0x3321:  {0x30B7, 0x30EA, 0x30F3, 0x30AF, 0x3099},
	0x3322:  {0x30BB, 0x30F3, 0x30C1},
	0x3323:  {0x30BB, 0x30F3, 0x30C8},
	0x3324:  {0x30BF, 0x3099, 0x30FC, 0x30B9},
	0x3325:  {0x30C6, 0x3099, 0x30B7},
	0x3326:  {0x30C8, 0x3099, 0x30EB},
	0x3327:  {0x30C8, 0x30F3},
	0x3328:  {0x30CA, 0x30CE},
	0x3329:  {0x30CE, 0x30C3, 0x30C8},
	0x332A:  {0x30CF, 0x30A4, 0x30C4},
	0x332B:  {0x30CF, 0x309A, 0x30FC, 0x30BB, 0x30F3, 0x30C8},
	0x332C:  {0x30CF, 0x309A, 0x30FC, 0x30C4},
	0x332D:  {0x30CF, 0x3099, 0x30FC, 0x30EC, 0x30EB},
	0x332E:  {0x30D2, 0x309A, 0x30A2, 0x30B9, 0x30C8, 0x30EB},
	0x332F:  {0x30D2, 0x309A, 0x30AF, 0x30EB},
	0x3330:  {0x30D2, 0x309A, 0x30B3},
	0x3331:  {0x30D2, 0x3099, 0x30EB},
	0x3332:  {0x30D5, 0x30A1, 0x30E9, 0x30C3, 0x30C8, 0x3099},
	0x3333:  {0x30D5, 0x30A3, 0x30FC, 0x30C8},
	0x3334:  {0x30D5, 0x3099, 0x30C3, 0x30B7, 0x30A7, 0x30EB},
	0x3335:  {0x30D5, 0x30E9, 0x30F3},
	0x3336:  {0x30D8, 0x30AF, 0x30BF, 0x30FC, 0x30EB},
	0x3337:  {0x30D8, 0x309A, 0x30BD},
	0x3338:  {0x30D8, 0x309A, 0x30CB, 0x30D2},
	0x3339:  {0x30D8, 0x30EB, 0x30C4},
	0x333A:  {0x30D8, 0x309A, 0x30F3, 0x30B9},
	0x333B:  {0x30D8, 0x309A, 0x30FC, 0x30B7, 0x3099},
	0x333C:  {0x30D8, 0x3099, 0x30FC, 0x30BF},
	0x333D:  {0x30DB, 0x309A, 0x30A4, 0x30F3, 0x30C8},
	0x333E:  {0x30DB, 0x3099, 0x30EB, 0x30C8},
	0x333F:  {0x30DB, 0x30F3},
	0x3340:  {0x30DB, 0x309A, 0x30F3, 0x30C8, 0x3099},
	0x3341:  {0x30DB, 0x30FC, 0x30EB},
	0x3342:  {0x30DB, 0x30FC, 0x30F3},
	0x3343:  {0x30DE, 0x30A4, 0x30AF, 0x30ED},
	0x3344:  {0x30DE, 0x30A4, 0x30EB},
	0x3345:  {0x30DE, 0x30C3, 0x30CF},
	0x3346:  {0x30DE, 0x30EB, 0x30AF},
	0x3347:  {0x30DE, 0x30F3, 0x30B7, 0x30E7, 0x30F3},
	0x3348:  {0x30DF, 0x30AF, 0x30ED, 0x30F3},
	0x3349:  {0x30DF, 0x30EA},
	0x334A:  {0x30DF, 0x30EA, 0x30CF, 0x3099, 0x30FC, 0x30EB},
	0x334B:  {0x30E1, 0x30AB, 0x3099},
	0x334C:  {0x30E1, 0x30AB, 0x3099, 0x30C8, 0x30F3},
	0x334D:  {0x30E1, 0x30FC, 0x30C8, 0x30EB},
	0x334E:  {0x30E4, 0x30FC, 0x30C8, 0x3099},
	0x334F:  {0x30E4, 0x30FC, 0x30EB},
	0x3350:  {0x30E6, 0x30A2, 0x30F3},
	0x3351:  {0x30EA, 0x30C3, 0x30C8, 0x30EB},
	0x3352:  {0x30EA, 0x30E9},
	0x3353:  {0x30EB, 0x30D2, 0x309A, 0x30FC},
	0x3354:  {0x30EB, 0x30FC, 0x30D5, 0x3099, 0x30EB},
	0x3355:  {0x30EC, 0x30E0},
	0x3356:  {0x30EC, 0x30F3, 0x30C8, 0x30B1, 0x3099, 0x30F3},
	0x3357:  {0x30EF, 0x30C3, 0x30C8},
	0x3358:  {0x30, 0x70B9},
	0x3359:  {0x31, 0x70B9},
	0x335A:  {0x32, 0x70B9},
	0x335B:  {0x33, 0x70B9},
	0x335C:  {0x34, 0x70B9},
	0x335D:  {0x35, 0x70B9},
	0x335E:  {0x36, 0x70B9},
	0x335F:  {0x37, 0x70B9},
	0x3360:  {0x38, 0x70B9},
	0x3361:  {0x39, 0x70B9},
	0x3362:  {0x31, 0x30, 0x70B9},
	0x3363:  {0x31, 0x31, 0x70B9},
	0x3364:  {0x31, 0x32, 0x70B9},
	0x3365:  {0x31, 0x33, 0x70B9},
	0x3366:  {0x31, 0x34, 0x70B9},
	0x3367:  {0x31, 0x35, 0x70B9},
	0x3368:  {0x31, 0x36, 0x70B9},
	0x3369:  {0x31, 0x37, 0x70B9},
	0x336A:  {0x31, 0x38, 0x70B9},
	0x336B:  {0x31, 0x39, 0x70B9},
	0x336C:  {0x32, 0x30, 0x70B9},
	0x336D:  {0x32, 0x31, 0x70B9},
	0x336E:  {0x32, 0x32, 0x70B9},
	0x336F:  {0x32, 0x33, 0x70B9},
	0x3370:  {0x32, 0x34, 0x70B9},
	0x3371:  {0x68, 0x50, 0x61},
	0x3372:  {0x64, 0x61},
	0x3373:  {0x41, 0x55},
	0x3374:  {0x62, 0x61, 0x72},
	0x3375:  {0x6F, 0x56},
	0x3376:  {0x70, 0x63},
	0x3377:  {0x64, 0x6D},
	0x3378:  {0x64, 0x6D, 0x32},
	0x3379:  {0x64, 0x6D, 0x33},
	0x337A:  {0x49, 0x55},
	0x337B:  {0x5E73, 0x6210},
	0x337C:  {0x662D, 0x548C},
	0x337D:  {0x5927, 0x6B63},
	0x337E:  {0x660E, 0x6CBB},
	0x337F:  {0x682A, 0x5F0F, 0x4F1A, 0x793E},
	0x3380:  {0x70, 0x41},
	0x3381:  {0x6E, 0x41},
	0x3382:  {0x3BC, 0x41},
	0x3383:  {0x6D, 0x41},
	0x3384:  {0x6B, 0x41},
	0x3385:  {0x4B, 0x42},
	0x3386:  {0x4D, 0x42},
	0x3387:  {0x47, 0x42},
	0x3388:  {0x63, 0x61, 0x6C},
	0x3389:  {0x6B, 0x63, 0x61, 0x6C},
	0x338A:  {0x70, 0x46},
	0x338B:  {0x6E, 0x46},
	0x338C:  {0x3BC, 0x46},
	0x338D:  {0x3BC, 0x67},
	0x338E:  {0x6D, 0x67},
	0x338F:  {0x6B, 0x67},
	0x3390:  {0x48, 0x7A},
	0x3391:  {0x6B, 0x48, 0x7A},
	0x3392:  {0x4D, 0x48, 0x7A},
	0x3393:  {0x47, 0x48, 0x7A},
	0x3394:  {0x54, 0x48, 0x7A},
	0x3395:  {0x3BC, 0x6C},
	0x3396:  {0x6D, 0x6C},
	0x3397:  {0x64, 0x6C},
	0x3398:  {0x6B, 0x6C},
	0x3399:  {0x66, 0x6D},
	0x339A:  {0x6E, 0x6D},
	0x339B:  {0x3BC, 0x6D},
	0x339C:  {0x6D, 0x6D},
	0x339D:  {0x63, 0x6D},
	0x339E:  {0x6B, 0x6D},
	0x339F:  {0x6D, 0x6D, 0x32},
	0x33A0:  {0x63, 0x6D, 0x32},
	0x33A1:  {0x6D, 0x32},
	0x33A2:  {0x6B, 0x6D, 0x32},
	0x33A3:  {0x6D, 0x6D, 0x33},
	0x33A4:  {0x63, 0x6D, 0x33},
	0x33A5:  {0x6D, 0x33},
	0x33A6:  {0x6B, 0x6D, 0x33},
	0x33A7:  {0x6D, 0x2215, 0x73},
	0x33A8:  {0x6D, 0x2215, 0x73, 0x32},
	0x33A9:  {0x50, 0x61},
	0x33AA:  {0x6B, 0x50, 0x61},
	0x33AB:  {0x4D, 0x50, 0x61},
	0x33AC:  {0x47, 0x50, 0x61},
	0x33AD:  {0x72, 0x61, 0x64},
	0x33AE:  {0x72, 0x61, 0x64, 0x2215, 0x73},
	0x33AF:  {0x72, 0x61, 0x64, 0x2215, 0x73, 0x32},
	0x33B0:  {0x70, 0x73},
	0x33B1:  {0x6E, 0x73},
	0x33B2:  {0x3BC, 0x73},
	0x33B3:  {0x6D, 0x73},
	0x33B4:  {0x70, 0x56},
	0x33B5:  {0x6E, 0x56},
	0x33B6:  {0x3BC, 0x56},
	0x33B7:  {0x6D, 0x56},
	0x33B8:  {0x6B, 0x56},
	0x33B9:  {0x4D, 0x56},
	0x33BA:  {0x70, 0x57},
	0x33BB:  {0x6E, 0x57},
	0x33BC:  {0x3BC, 0x57},
	0x33BD:  {0x6D, 0x57},
	0x33BE:  {0x6B, 0x57},
	0x33BF:  {0x4D, 0x57},
	0x33C0:  {0x6B, 0x3A9},
	0x33C1:  {0x4D, 0x3A9},
	0x33C2:  {0x61, 0x2E, 0x6D, 0x2E},
	0x33C3:  {0x42, 0x71},
	0x33C4:  {0x63, 0x63},
	0x33C5:  {0x63, 0x64},
	0x33C6:  {0x43, 0x2215, 0x6B, 0x67},
	0x33C7:  {0x43, 0x6F, 0x2E},
	0x33C8:  {0x64, 0x42},
	0x33C9:  {0x47, 0x79},
	0x33CA:  {0x68, 0x61},
	0x33CB:  {0x48, 0x50},
	0x33CC:  {0x69, 0x6E},
	0x33CD:  {0x4B, 0x4B},
	0x33CE:  {0x4B, 0x4D},
	0x33CF:  {0x6B, 0x74},
	0x33D0:  {0x6C, 0x6D},
	0x33D1:  {0x6C, 0x6E},
	0x33D2:  {0x6C, 0x6F, 0x67},
	0x33D3:  {0x6C, 0x78},
	0x33D4:  {0x6D, 0x62},
	0x33D5:  {0x6D, 0x69, 0x6C},
	0x33D6:  {0x6D, 0x6F, 0x6C},
	0x33D7:  {0x50, 0x48},
	0x33D8:  {0x70, 0x2E, 0x6D, 0x2E},
	0x33D9:  {0x50, 0x50, 0x4D},
	0x33DA:  {0x50, 0x52},
	0x33DB:  {0x73, 0x72},
	0x33DC:  {0x53, 0x76},
	0x33DD:  {0x57, 0x62},
	0x33DE:  {0x56, 0x2215, 0x6D},
	0x33DF:  {0x41, 0x2215, 0x6D},
	0x33E0:  {0x31, 0x65E5},
	0x33E1:  {0x32, 0x65E5},
	0x33E2:  {0x33, 0x65E5},
	0x33E3:  {0x34, 0x65E5},
	0x33E4:  {0x35, 0x65E5},
	0x33E5:  {0x36, 0x65E5},
	0x33E6:  {0x37, 0x65E5},
	0x33E7:  {0x38, 0x65E5},
	0x33E8:  {0x39, 0x65E5},
	0x33E9:  {0x31, 0x30, 0x65E5},
	0x33EA:  {0x31, 0x31, 0x65E5},
	0x33EB:  {0x31, 0x32, 0x65E5},
	0x33EC:  {0x31, 0x33, 0x65E5},
	0x33ED:  {0x31, 0x34, 0x65E5},
	0x33EE:  {0x31, 0x35, 0x65E5},
	0x33EF:  {0x31, 0x36, 0x65E5},
	0x33F0:  {0x31, 0x37, 0x65E5},
	0x33F1:  {0x31, 0x38, 0x65E5},
	0x33F2:  {0x31, 0x39, 0x65E5},
	0x33F3:  {0x32, 0x30, 0x65E5},
	0x33F4:  {0x32, 0x31, 0x65E5},
	0x33F5:  {0x32, 0x32, 0x65E5},
	0x33F6:  {0x32, 0x33, 0x65E5},
	0x33F7:  {0x32, 0x34, 0x65E5},
	0x33F8:  {0x32, 0x35, 0x65E5},
	0x33F9:  {0x32, 0x36, 0x65E5},
	0x33FA:  {0x32, 0x37, 0x65E5},
	0x33FB:  {0x32, 0x38, 0x65E5},
	0x33FC:  {0x32, 0x39, 0x65E5},
	0x33FD:  {0x33, 0x30, 0x65E5},
	0x33FE:  {0x33, 0x31, 0x65E5},
	0x33FF:  {0x67, 0x61, 0x6C},
	0xA69C:  {0x44A},
	0xA69D:  {0x44C},
	0xA770:  {0xA76F},
	0xA7F2:  {0x43},
	0xA7F3:  {0x46},
	0xA7F4:  {0x51},
	0xA7F8:  {0x126},
	0xA7F9:  {0x153},
	0xAB5C:  {0xA727},
	0xAB5D:  {0xAB37},
	0xAB5E:  {0x26B},
	0xAB5F:  {0xAB52},
	0xAB69:  {0x28D},
	0xF900:  {0x8C48},
	0xF901:  {0x66F4},
	0xF902:  {0x8ECA},
	0xF903:  {0x8CC8},
	0xF904:  {0x6ED1},
	0xF905:  {0x4E32},
	0xF906:  {0x53E5},
	0xF907:  {0x9F9C},
	0xF908:  {0x9F9C},
	0xF909:  {0x5951},
	0xF90A:  {0x91D1},
	0xF90B:  {0x5587},
	0xF90C:  {0x5948},
	0xF90D:  {0x61F6},
	0xF90E:  {0x7669},
	0xF90F:  {0x7F85},
	0xF910:  {0x863F},
	0xF911:  {0x87BA},
	0xF912:  {0x88F8},
	0xF913:  {0x908F},
	0xF914:  {0x6A02},
	0xF915:  {0x6D1B},
	0xF916:  {0x70D9},
	0xF917:  {0x73DE},
	0xF918:  {0x843D},
	0xF919:  {0x916A},
	0xF91A:  {0x99F1},
	0xF91B:  {0x4E82},
	0xF91C:  {0x5375},
	0xF91D:  {0x6B04},
	0xF91E:  {0x721B},
	0xF91F:  {0x862D},
	0xF920:  {0x9E1E},
	0xF921:  {0x5D50},
	0xF922:  {0x6FEB},
	0xF923:  {0x85CD},
	0xF924:  {0x8964},
	0xF925:  {0x62C9},
	0xF926:  {0x81D8},
	0xF927:  {0x881F},
	0xF928:  {0x5ECA},
	0xF929:  {0x6717},
	0xF92A:  {0x6D6A},
	0xF92B:  {0x72FC},
	0xF92C:  {0x90CE},
	0xF92D:  {0x4F86},
	0xF92E:  {0x51B7},
	0xF92F:  {0x52DE},
	0xF930:  {0x64C4},
	0xF931:  {0x6AD3},
	0xF932:  {0x7210},
	0xF933:  {0x76E7},
	0xF934:  {0x8001},
	0xF935:  {0x8606},
	0xF936:  {0x865C},
	0xF937:  {0x8DEF},
	0xF938:  {0x9732},
	0xF939:  {0x9B6F},
	0xF93A:  {0x9DFA},
	0xF93B:  {0x788C},
	0xF93C:  {0x797F},
	0xF93D:  {0x7DA0},
	0xF93E:  {0x83C9},
	0xF93F:  {0x9304},
	0xF940:  {0x9E7F},
	0xF941:  {0x8AD6},
	0xF942:  {0x58DF},
	0xF943:  {0x5F04},
	0xF944:  {0x7C60},
	0xF945:  {0x807E},
	0xF946:  {0x7262},
	0xF947:  {0x78CA},
	0xF948:  {0x8CC2},
	0xF949:  {0x96F7},
	0xF94A:  {0x58D8},
	0xF94B:  {0x5C62},
	0xF94C:  {0x6A13},
	0xF94D:  {0x6DDA},
	0xF94E:  {0x6F0F},
	0xF94F:  {0x7D2F},
	0xF950:  {0x7E37},
	0xF951:  {0x964B},
	0xF952:  {0x52D2},
	0xF953:  {0x808B},
	0xF954:  {0x51DC},
	0xF955:  {0x51CC},
	0xF956:  {0x7A1C},
	0xF957:  {0x7DBE},
	0xF958:  {0x83F1},
	0xF959:  {0x9675},
	0xF95A:  {0x8B80},
	0xF95B:  {0x62CF},
	0xF95C:  {0x6A02},
	0xF95D:  {0x8AFE},
	0xF95E:  {0x4E39},
	0xF95F:  {0x5BE7},
	0xF960:  {0x6012},
	0xF961:  {0x7387},
	0xF962:  {0x7570},
	0xF963:  {0x5317},
	0xF964:  {0x78FB},
	0xF965:  {0x4FBF},
	0xF966:  {0x5FA9},
	0xF967:  {0x4E0D},
	0xF968:  {0x6CCC},
	0xF969:  {0x6578},
	0xF96A:  {0x7D22},
	0xF96B:  {0x53C3},
	0xF96C:  {0x585E},
	0xF96D:  {0x7701},
	0xF96E:  {0x8449},
	0xF96F:  {0x8AAA},
	0xF970:  {0x6BBA},
	0xF971:  {0x8FB0},
	0xF972:  {0x6C88},
	0xF973:  {0x62FE},
	0xF974:  {0x82E5},
	0xF975:  {0x63A0},
	0xF976:  {0x7565},
	0xF977:  {0x4EAE},
	0xF978:  {0x5169},
	0xF979:  {0x51C9},
	0xF97A:  {0x6881},
	0xF97B:  {0x7CE7},
	0xF97C:  {0x826F},
	0xF97D:  {0x8AD2},
	0xF97E:  {0x91CF},
	0xF97F:  {0x52F5},
	0xF980:  {0x5442},
	0xF981:  {0x5973},
	0xF982:  {0x5EEC},
	0xF983:  {0x65C5},
	0xF984:  {0x6FFE},
	0xF985:  {0x792A},
	0xF986:  {0x95AD},
	0xF987:  {0x9A6A},
	0xF988:  {0x9E97},
	0xF989:  {0x9ECE},
	0xF98A:  {0x529B},
	0xF98B:  {0x66C6},
	0xF98C:  {0x6B77},
	0xF98D:  {0x8F62},
	0xF98E:  {0x5E74},
	0xF98F:  {0x6190},
	0xF990:  {0x6200},
	0xF991:  {0x649A},
	0xF992:  {0x6F23},
	0xF993:  {0x7149},
	0xF994:  {0x7489},
	0xF995:  {0x79CA},
	0xF996:  {0x7DF4},
	0xF997:  {0x806F},
	0xF998:  {0x8F26},
	0xF999:  {0x84EE},
	0xF99A:  {0x9023},
	0xF99B:  {0x934A},
	0xF99C:  {0x5217},
	0xF99D:  {0x52A3},
	0xF99E:  {0x54BD},
	0xF99F:  {0x70C8},
	0xF9A0:  {0x88C2},
	0xF9A1:  {0x8AAA},
	0xF9A2:  {0x5EC9},
	0xF9A3:  {0x5FF5},
	0xF9A4:  {0x637B},
	0xF9A5:  {0x6BAE},
	0xF9A6:  {0x7C3E},
	0xF9A7:  {0x7375},
	0xF9A8:  {0x4EE4},
	0xF9A9:  {0x56F9},
	0xF9AA:  {0x5BE7},
	0xF9AB:  {0x5DBA},
	0xF9AC:  {0x601C},
	0xF9AD:  {0x73B2},
	0xF9AE:  {0x7469},
	0xF9AF:  {0x7F9A},
	0xF9B0:  {0x8046},
	0xF9B1:  {0x9234},
	0xF9B2:  {0x96F6},
	0xF9B3:  {0x9748},
	0xF9B4:  {0x9818},
	0xF9B5:  {0x4F8B},
	0xF9B6:  {0x79AE},
	0xF9B7:  {0x91B4},
	0xF9B8:  {0x96B8},
	0xF9B9:  {0x60E1},
	0xF9BA:  {0x4E86},
	0xF9BB:  {0x50DA},
	0xF9BC:  {0x5BEE},
	0xF9BD:  {0x5C3F},
	0xF9BE:  {0x6599},
	0xF9BF:  {0x6A02},
	0xF9C0:  {0x71CE},
	0xF9C1:  {0x7642},
	0xF9C2:  {0x84FC},
	0xF9C3:  {0x907C},
	0xF9C4:  {0x9F8D},
	0xF9C5:  {0x6688},
	0xF9C6:  {0x962E},
	0xF9C7:  {0x5289},
	0xF9C8:  {0x677B},
	0xF9C9:  {0x67F3},
	0xF9CA:  {0x6D41},
	0xF9CB:  {0x6E9C},
	0xF9CC:  {0x7409},
	0xF9CD:  {0x7559},
	0xF9CE:  {0x786B},
	0xF9CF:  {0x7D10},
	0xF9D0:  {0x985E},
	0xF9D1:  {0x516D},
	0xF9D2:  {0x622E},
	0xF9D3:  {0x9678},
	0xF9D4:  {0x502B},
	0xF9D5:  {0x5D19},
	0xF9D6:  {0x6DEA},
	0xF9D7:  {0x8F2A},
	0xF9D8:  {0x5F8B},
	0xF9D9:  {0x6144},
	0xF9DA:  {0x6817},
	0xF9DB:  {0x7387},
	0xF9DC:  {0x9686},
	0xF9DD:  {0x5229},
	0xF9DE:  {0x540F},
	0xF9DF:  {0x5C65},
	0xF9E0:  {0x6613},
	0xF9E1:  {0x674E},
	0xF9E2:  {0x68A8},
	0xF9E3:  {0x6CE5},
	0xF9E4:  {0x7406},
	0xF9E5:  {0x75E2},
	0xF9E6:  {0x7F79},
	0xF9E7:  {0x88CF},
	0xF9E8:  {0x88E1},
	0xF9E9:  {0x91CC},
	0xF9EA:  {0x96E2},
	0xF9EB:  {0x533F},
	0xF9EC:  {0x6EBA},
	0xF9ED:  {0x541D},
	0xF9EE:  {0x71D0},
	0xF9EF:  {0x7498},
	0xF9F0:  {0x85FA},
	0xF9F1:  {0x96A3},
	0xF9F2:  {0x9C57},
	0xF9F3:  {0x9E9F},
	0xF9F4:  {0x6797},
	0xF9F5:  {0x6DCB},
	0xF9F6:  {0x81E8},
	0xF9F7:  {0x7ACB},
	0xF9F8:  {0x7B20},
	0xF9F9:  {0x7C92},
	0xF9FA:  {0x72C0},
	0xF9FB:  {0x7099},
	0xF9FC:  {0x8B58},
	0xF9FD:  {0x4EC0},
	0xF9FE:  {0x8336},
	0xF9FF:  {0x523A},
	0xFA00:  {0x5207},
	0xFA01:  {0x5EA6},
	0xFA02:  {0x62D3},
	0xFA03:  {0x7CD6},
	0xFA04:  {0x5B85},
	0xFA05:  {0x6D1E},
	0xFA06:  {0x66B4},
	0xFA07:  {0x8F3B},
	0xFA08:  {0x884C},
	0xFA09:  {0x964D},
	0xFA0A:  {0x898B},
	0xFA0B:  {0x5ED3},
	0xFA0C:  {0x5140},
	0xFA0D:  {0x55C0},
	0xFA10:  {0x585A},
	0xFA12:  {0x6674},
	0xFA15:  {0x51DE},
	0xFA16:  {0x732A},
	0xFA17:  {0x76CA},
	0xFA18:  {0x793C},
	0xFA19:  {0x795E},
	0xFA1A:  {0x7965},
	0xFA1B:  {0x798F},
	0xFA1C:  {0x9756},
	0xFA1D:  {0x7CBE},
	0xFA1E:  {0x7FBD},
	0xFA20:  {0x8612},
	0xFA22:  {0x8AF8},
	0xFA25:  {0x9038},
	0xFA26:  {0x90FD},
	0xFA2A:  {0x98EF},
	0xFA2B:  {0x98FC},
	0xFA2C:  {0x9928},
	0xFA2D:  {0x9DB4},
	0xFA2E:  {0x90DE},
	0xFA2F:  {0x96B7},
	0xFA30:  {0x4FAE},
	0xFA31:  {0x50E7},
	0xFA32:  {0x514D},
	0xFA33:  {0x52C9},
	0xFA34:  {0x52E4},
	0xFA35:  {0x5351},
	0xFA36:  {0x559D},
	0xFA37:  {0x5606},
	0xFA38:  {0x5668},
	0xFA39:  {0x5840},
	0xFA3A:  {0x58A8},
	0xFA3B:  {0x5C64},
	0xFA3C:  {0x5C6E},
	0xFA3D:  {0x6094},
	0xFA3E:  {0x6168},
	0xFA3F:  {0x618E},
	0xFA40:  {0x61F2},
	0xFA41:  {0x654F},
	0xFA42:  {0x65E2},
	0xFA43:  {0x6691},
	0xFA44:  {0x6885},
	0xFA45:  {0x6D77},
	0xFA46:  {0x6E1A},
	0xFA47:  {0x6F22},
	0xFA48:  {0x716E},
	0xFA49:  {0x722B},
	0xFA4A:  {0x7422},
	0xFA4B:  {0x7891},
	0xFA4C:  {0x793E},
	0xFA4D:  {0x7949},
	0xFA4E:  {0x7948},
	0xFA4F:  {0x7950},
	0xFA50:  {0x7956},
	0xFA51:  {0x795D},
	0xFA52:  {0x798D},
	0xFA53:  {0x798E},
	0xFA54:  {0x7A40},
	0xFA55:  {0x7A81},
	0xFA56:  {0x7BC0},
	0xFA57:  {0x7DF4},
	0xFA58:  {0x7E09},
	0xFA59:  {0x7E41},
	0xFA5A:  {0x7F72},
	0xFA5B:  {0x8005},
	0xFA5C:  {0x81ED},
	0xFA5D:  {0x8279},
	0xFA5E:  {0x8279},
	0xFA5F:  {0x8457},
	0xFA60:  {0x8910},
	0xFA61:  {0x8996},
	0xFA62:  {0x8B01},
	0xFA63:  {0x8B39},
	0xFA64:  {0x8CD3},
	0xFA65:  {0x8D08},
	0xFA66:  {0x8FB6},
	0xFA67:  {0x9038},
	0xFA68:  {0x96E3},
	0xFA69:  {0x97FF},
	0xFA6A:  {0x983B},
	0xFA6B:  {0x6075},
	0xFA6C:  {0x242EE},
	0xFA6D:  {0x8218},
	0xFA70:  {0x4E26},
	0xFA71:  {0x51B5},
	0xFA72:  {0x5168},
	0xFA73:  {0x4F80},
	0xFA74:  {0x5145},
	0xFA75:  {0x5180},
	0xFA76:  {0x52C7},
	0xFA77:  {0x52FA},
	0xFA78:  {0x559D},
	0xFA79:  {0x5555},
	0xFA7A:  {0x5599},
	0xFA7B:  {0x55E2},
	0xFA7C:  {0x585A},
	0xFA7D:  {0x58B3},
	0xFA7E:  {0x5944},
	0xFA7F:  {0x5954},
	0xFA80:  {0x5A62},
	0xFA81:  {0x5B28},
	0xFA82:  {0x5ED2},
	0xFA83:  {0x5ED9},
	0xFA84:  {0x5F69},
	0xFA85:  {0x5FAD},
	0xFA86:  {0x60D8},
	0xFA87:  {0x614E},
	0xFA88:  {0x6108},
	0xFA89:  {0x618E},
	0xFA8A:  {0x6160},
	0xFA8B:  {0x61F2},
	0xFA8C:  {0x6234},
	0xFA8D:  {0x63C4},
	0xFA8E:  {0x641C},
	0xFA8F:  {0x6452},
	0xFA90:  {0x6556},
	0xFA91:  {0x6674},
	0xFA92:  {0x6717},
	0xFA93:  {0x671B},
	0xFA94:  {0x6756},
	0xFA95:  {0x6B79},
	0xFA96:  {0x6BBA},
	0xFA97:  {0x6D41},
	0xFA98:  {0x6EDB},
	0xFA99:  {0x6ECB},
	0xFA9A:  {0x6F22},
	0xFA9B:  {0x701E},
	0xFA9C:  {0x716E},
	0xFA9D:  {0x77A7},
	0xFA9E:  {0x7235},
	0xFA9F:  {0x72AF},
	0xFAA0:  {0x732A},
	0xFAA1:  {0x7471},
	0xFAA2:  {0x7506},
	0xFAA3:  {0x753B},
	0xFAA4:  {0x761D},
	0xFAA5:  {0x761F},
	0xFAA6:  {0x76CA},
	0xFAA7:  {0x76DB},
	0xFAA8:  {0x76F4},
	0xFAA9:  {0x774A},
	0xFAAA:  {0x7740},
	0xFAAB:  {0x78CC},
	0xFAAC:  {0x7AB1},
	0xFAAD:  {0x7BC0},
	0xFAAE:  {0x7C7B},
	0xFAAF:  {0x7D5B},
	0xFAB0:  {0x7DF4},
	0xFAB1:  {0x7F3E},
	0xFAB2:  {0x8005},
	0xFAB3:  {0x8352},
	0xFAB4:  {0x83EF},
	0xFAB5:  {0x8779},
	0xFAB6:  {0x8941},
	0xFAB7:  {0x8986},
	0xFAB8:  {0x8996},
	0xFAB9:  {0x8ABF},
	0xFABA:  {0x8AF8},
	0xFABB:  {0x8ACB},
	0xFABC:  {0x8B01},
	0xFABD:  {0x8AFE},
	0xFABE:  {0x8AED},
	0xFABF:  {0x8B39},
	0xFAC0:  {0x8B8A},
	0xFAC1:  {0x8D08},
	0xFAC2:  {0x8F38},
	0xFAC3:  {0x9072},
	0xFAC4:  {0x9199},
	0xFAC5:  {0x9276},
	0xFAC6:  {0x967C},
	0xFAC7:  {0x96E3},
	0xFAC8:  {0x9756},
	0xFAC9:  {0x97DB},
	0xFACA:  {0x97FF},
	0xFACB:  {0x980B},
	0xFACC:  {0x983B},
	0xFACD:  {0x9B12},
	0xFACE:  {0x9F9C},
	0xFACF:  {0x2284A},
	0xFAD0:  {0x22844},
	0xFAD1:  {0x233D5},
	0xFAD2:  {0x3B9D},
	0xFAD3:  {0x4018},
	0xFAD4:  {0x4039},
	0xFAD5:  {0x25249},
	0xFAD6:  {0x25CD0},
	0xFAD7:  {0x27ED3},
	0xFAD8:  {0x9F43},
	0xFAD9:  {0x9F8E},
	0xFB00:  {0x66, 0x66},
	0xFB01:  {0x66, 0x69},
	0xFB02:  {0x66, 0x6C},
	0xFB03:  {0x66, 0x66, 0x69},
	0xFB04:  {0x66, 0x66, 0x6C},
	0xFB05:  {0x73, 0x74},
	0xFB06:  {0x73, 0x74},
	0xFB13:  {0x574, 0x576},
	0xFB14:  {0x574, 0x565},
	0xFB15:  {0x574, 0x56B},
	0xFB16:  {0x57E, 0x576},
	0xFB17:  {0x574, 0x56D},
	0xFB1D:  {0x5D9, 0x5B4},
	0xFB1F:  {0x5F2, 0x5B7},
	0xFB20:  {0x5E2},
	0xFB21:  {0x5D0},
	0xFB22:  {0x5D3},
	0xFB23:  {0x5D4},
	0xFB24:  {0x5DB},
	0xFB25:  {0x5DC},
	0xFB26:  {0x5DD},
	0xFB27:  {0x5E8},
	0xFB28:  {0x5EA},
	0xFB29:  {0x2B},
	0xFB2A:  {0x5E9, 0x5C1},
	0xFB2B:  {0x5E9, 0x5C2},
	0xFB2C:  {0x5E9, 0x5BC, 0x5C1},
	0xFB2D:  {0x5E9, 0x5BC, 0x5C2},
	0xFB2E:  {0x5D0, 0x5B7},
	0xFB2F:  {0x5D0, 0x5B8},
	0xFB30:  {0x5D0, 0x5BC},
	0xFB31:  {0x5D1, 0x5BC},
	0xFB32:  {0x5D2, 0x5BC},
	0xFB33:  {0x5D3, 0x5BC},
	0xFB34:  {0x5D4, 0x5BC},
	0xFB35:  {0x5D5, 0x5BC},
	0xFB36:  {0x5D6, 0x5BC},
	0xFB38:  {0x5D8, 0x5BC},
	0xFB39:  {0x5D9, 0x5BC},
	0xFB3A:  {0x5DA, 0x5BC},
	0xFB3B:  {0x5DB, 0x5BC},
	0xFB3C:  {0x5DC, 0x5BC},
	0xFB3E:  {0x5DE, 0x5BC},
	0xFB40:  {0x5E0, 0x5BC},
	0xFB41:  {0x5E1, 0x5BC},
	0xFB43:  {0x5E3, 0x5BC},
	0xFB44:  {0x5E4, 0x5BC},
	0xFB46:  {0x5E6, 0x5BC},
	0xFB47:  {0x5E7, 0x5BC},
	0xFB48:  {0x5E8, 0x5BC},
	0xFB49:  {0x5E9, 0x5BC},
	0xFB4A:  {0x5EA, 0x5BC},
	0xFB4B:  {0x5D5, 0x5B9},
	0xFB4C:  {0x5D1, 0x5BF},
	0xFB4D:  {0x5DB, 0x5BF},
	0xFB4E:  {0x5E4, 0x5BF},
	0xFB4F:  {0x5D0, 0x5DC},
	0xFB50:  {0x671},
	0xFB51:  {0x671},
	0xFB52:  {0x67B},
	0xFB53:  {0x67B},
	0xFB54:  {0x67B},
	0xFB55:  {0x67B},
	0xFB56:  {0x67E},
	0xFB57:  {0x67E},
	0xFB58:  {0x67E},
	0xFB59:  {0x67E},
	0xFB5A:  {0x680},
	0xFB5B:  {0x680},
	0xFB5C:  {0x680},
	0xFB5D:  {0x680},
	0xFB5E:  {0x67A},
	0xFB5F:  {0x67A},
	0xFB60:  {0x67A},
	0xFB61:  {0x67A},
	0xFB62:  {0x67F},
	0xFB63:  {0x67F},
	0xFB64:  {0x67F},
	0xFB65:  {0x67F},
	0xFB66:  {0x679},
	0xFB67:  {0x679},
	0xFB68:  {0x679},
	0xFB69:  {0x679},
	0xFB6A:  {0x6A4},
	0xFB6B:  {0x6A4},
	0xFB6C:  {0x6A4},
	0xFB6D:  {0x6A4},
	0xFB6E:  {0x6A6},
	0xFB6F:  {0x6A6},
	0xFB70:  {0x6A6},
	0xFB71:  {0x6A6},
	0xFB72:  {0x684},
	0xFB73:  {0x684},
	0xFB74:  {0x684},
	0xFB75:  {0x684},
	0xFB76:  {0x683},
	0xFB77:  {0x683},
	0xFB78:  {0x683},
	0xFB79:  {0x683},
	0xFB7A:  {0x686},
	0xFB7B:  {0x686},
	0xFB7C:  {0x686},
	0xFB7D:  {0x686},
	0xFB7E:  {0x687},
	0xFB7F:  {0x687},
	0xFB80:  {0x687},
	0xFB81:  {0x687},
	0xFB82:  {0x68D},
	0xFB83:  {0x68D},
	0xFB84:  {0x68C},
	0xFB85:  {0x68C},
	0xFB86:  {0x68E},
	0xFB87:  {0x68E},
	0xFB88:  {0x688},
	0xFB89:  {0x688},
	0xFB8A:  {0x698},
	0xFB8B:  {0x698},
	0xFB8C:  {0x691},
	0xFB8D:  {0x691},
	0xFB8E:  {0x6A9},
	0xFB8F:  {0x6A9},
	0xFB90:  {0x6A9},
	0xFB91:  {0x6A9},
	0xFB92:  {0x6AF},
	0xFB93:  {0x6AF},
	0xFB94:  {0x6AF},
	0xFB95:  {0x6AF},
	0xFB96:  {0x6B3},
	0xFB97:  {0x6B3},
	0xFB98:  {0x6B3},
	0xFB99:  {0x6B3},
	0xFB9A:  {0x6B1},
	0xFB9B:  {0x6B1},
	0xFB9C:  {0x6B1},
	0xFB9D:  {0x6B1},
	0xFB9E:  {0x6BA},
	0xFB9F:  {0x6BA},
	0xFBA0:  {0x6BB},
	0xFBA1:  {0x6BB},
	0xFBA2:  {0x6BB},
	0xFBA3:  {0x6BB},
	0xFBA4:  {0x6D5, 0x654},
	0xFBA5:  {0x6D5, 0x654},
	0xFBA6:  {0x6C1},
	0xFBA7:  {0x6C1},
	0xFBA8:  {0x6C1},
	0xFBA9:  {0x6C1},
	0xFBAA:  {0x6BE},
	0xFBAB:  {0x6BE},
	0xFBAC:  {0x6BE},
	0xFBAD:  {0x6BE},
	0xFBAE:  {0x6D2},
	0xFBAF:  {0x6D2},
	0xFBB0:  {0x6D2, 0x654},
	0xFBB1:  {0x6D2, 0x654},
	0xFBD3:  {0x6AD},
	0xFBD4:  {0x6AD},
	0xFBD5:  {0x6AD},
	0xFBD6:  {0x6AD},
	0xFBD7:  {0x6C7},
	0xFBD8:  {0x6C7},
	0xFBD9:  {0x6C6},
	0xFBDA:  {0x6C6},
	0xFBDB:  {0x6C8},
	0xFBDC:  {0x6C8},
	0xFBDD:  {0x6C7, 0x674},
	0xFBDE:  {0x6CB},
	0xFBDF:  {0x6CB},
	0xFBE0:  {0x6C5},
	0xFBE1:  {0x6C5},
	0xFBE2:  {0x6C9},
	0xFBE3:  {0x6C9},
	0xFBE4:  {0x6D0},
	0xFBE5:  {0x6D0},
	0xFBE6:  {0x6D0},
	0xFBE7:  {0x6D0},
	0xFBE8:  {0x649},
	0xFBE9:  {0x649},
	0xFBEA:  {0x64A, 0x654, 0x627},
	0xFBEB:  {0x64A, 0x654, 0x627},
	0xFBEC:  {0x64A, 0x654, 0x6D5},
	0xFBED:  {0x64A, 0x654, 0x6D5},
	0xFBEE:  {0x64A, 0x654, 0x648},
	0xFBEF:  {0x64A, 0x654, 0x648},
	0xFBF0:  {0x64A, 0x654, 0x6C7},
	0xFBF1:  {0x64A, 0x654, 0x6C7},
	0xFBF2:  {0x64A, 0x654, 0x6C6},
	0xFBF3:  {0x64A, 0x654, 0x6C6},
	0xFBF4:  {0x64A, 0x654, 0x6C8},
	0xFBF5:  {0x64A, 0x654, 0x6C8},
	0xFBF6:  {0x64A, 0x654, 0x6D0},
	0xFBF7:  {0x64A, 0x654, 0x6D0},
	0xFBF8:  {0x64A, 0x654, 0x6D0},
	0xFBF9:  {0x64A, 0x654, 0x649},
	0xFBFA:  {0x64A, 0x654, 0x649},
	0xFBFB:  {0x64A, 0x654, 0x649},
	0xFBFC:  {0x6CC},
	0xFBFD:  {0x6CC},
	0xFBFE:  {0x6CC},
	0xFBFF:  {0x6CC},
	0xFC00:  {0x64A, 0x654, 0x62C},
	0xFC01:  {0x64A, 0x654, 0x62D},
	0xFC02:  {0x64A, 0x654, 0x645},
	0xFC03:  {0x64A, 0x654, 0x649},
	0xFC04:  {0x64A, 0x654, 0x64A},
	0xFC05:  {0x628, 0x62C},
	0xFC06:  {0x628, 0x62D},
	0xFC07:  {0x628, 0x62E},
	0xFC08:  {0x628, 0x645},
	0xFC09:  {0x628, 0x649},
	0xFC0A:  {0x628, 0x64A},
	0xFC0B:  {0x62A, 0x62C},
	0xFC0C:  {0x62A, 0x62D},
	0xFC0D:  {0x62A, 0x62E},
	0xFC0E:  {0x62A, 0x645},
	0xFC0F:  {0x62A, 0x649},
	0xFC10:  {0x62A, 0x64A},
	0xFC11:  {0x62B, 0x62C},
	0xFC12:  {0x62B, 0x645},
	0xFC13:  {0x62B, 0x649},
	0xFC14:  {0x62B, 0x64A},
	0xFC15:  {0x62C, 0x62D},
	0xFC16:  {0x62C, 0x645},
	0xFC17:  {0x62D, 0x62C},
	0xFC18:  {0x62D, 0x645},
	0xFC19:  {0x62E, 0x62C},
	0xFC1A:  {0x62E, 0x62D},
	0xFC1B:  {0x62E, 0x645},
	0xFC1C:  {0x633, 0x62C},
	0xFC1D:  {0x633, 0x62D},
	0xFC1E:  {0x633, 0x62E},
	0xFC1F:  {0x633, 0x645},
	0xFC20:  {0x635, 0x62D},
	0xFC21:  {0x635, 0x645},
	0xFC22:  {0x636, 0x62C},
	0xFC23:  {0x636, 0x62D},
	0xFC24:  {0x636, 0x62E},
	0xFC25:  {0x636, 0x645},
	0xFC26:  {0x637, 0x62D},
	0xFC27:  {0x637, 0x645},
	0xFC28:  {0x638, 0x645},
	0xFC29:  {0x639, 0x62C},
	0xFC2A:  {0x639, 0x645},
	0xFC2B:  {0x63A, 0x62C},
	0xFC2C:  {0x63A, 0x645},
	0xFC2D:  {0x641, 0x62C},
	0xFC2E:  {0x641, 0x62D},
	0xFC2F:  {0x641, 0x62E},
	0xFC30:  {0x641, 0x645},
	0xFC31:  {0x641, 0x649},
	0xFC32:  {0x641, 0x64A},
	0xFC33:  {0x642, 0x62D},
	0xFC34:  {0x642, 0x645},
	0xFC35:  {0x642, 0x649},
	0xFC36:  {0x642, 0x64A},
	0xFC37:  {0x643, 0x627},
	0xFC38:  {0x643, 0x62C},
	0xFC39:  {0x643, 0x62D},
	0xFC3A:  {0x643, 0x62E},
	0xFC3B:  {0x643, 0x644},
	0xFC3C:  {0x643, 0x645},
	0xFC3D:  {0x643, 0x649},
	0xFC3E:  {0x643, 0x64A},
	0xFC3F:  {0x644, 0x62C},
	0xFC40:  {0x644, 0x62D},
	0xFC41:  {0x644, 0x62E},
	0xFC42:  {0x644, 0x645},
	0xFC43:  {0x644, 0x649},
	0xFC44:  {0x644, 0x64A},
	0xFC45:  {0x645, 0x62C},
	0xFC46:  {0x645, 0x62D},
	0xFC47:  {0x645, 0x62E},
	0xFC48:  {0x645, 0x645},
	0xFC49:  {0x645, 0x649},
	0xFC4A:  {0x645, 0x64A},
	0xFC4B:  {0x646, 0x62C},
	0xFC4C:  {0x646, 0x62D},
	0xFC4D:  {0x646, 0x62E},
	0xFC4E:  {0x646, 0x645},
	0xFC4F:  {0x646, 0x649},
	0xFC50:  {0x646, 0x64A},
	0xFC51:  {0x647, 0x62C},
	0xFC52:  {0x647, 0x645},
	0xFC53:  {0x647, 0x649},
	0xFC54:  {0x647, 0x64A},
	0xFC55:  {0x64A, 0x62C},
	0xFC56:  {0x64A, 0x62D},
	0xFC57:  {0x64A, 0x62E},
	0xFC58:  {0x64A, 0x645},
	0xFC59:  {0x64A, 0x649},
	0xFC5A:  {0x64A, 0x64A},
	0xFC5B:  {0x630, 0x670},
	0xFC5C:  {0x631, 0x670},
	0xFC5D:  {0x649, 0x670},
	0xFC5E:  {0x20, 0x64C, 0x651},
	0xFC5F:  {0x20, 0x64D, 0x651},
	0xFC60:  {0x20, 0x64E, 0x651},
	0xFC61:  {0x20, 0x64F, 0x651},
	0xFC62:  {0x20, 0x650, 0x651},
	0xFC63:  {0x20, 0x651, 0x670},
	0xFC64:  {0x64A, 0x654, 0x631},
	0xFC65:  {0x64A, 0x654, 0x632},
	0xFC66:  {0x64A, 0x654, 0x645},
	0xFC67:  {0x64A, 0x654, 0x646},
	0xFC68:  {0x64A, 0x654, 0x649},
	0xFC69:  {0x64A, 0x654, 0x64A},
	0xFC6A:  {0x628, 0x631},
	0xFC6B:  {0x628, 0x632},
	0xFC6C:  {0x628, 0x645},
	0xFC6D:  {0x628, 0x646},
	0xFC6E:  {0x628, 0x649},
	0xFC6F:  {0x628, 0x64A},
	0xFC70:  {0x62A, 0x631},
	0xFC71:  {0x62A, 0x632},
	0xFC72:  {0x62A, 0x645},
	0xFC73:  {0x62A, 0x646},
	0xFC74:  {0x62A, 0x649},
	0xFC75:  {0x62A, 0x64A},
	0xFC76:  {0x62B, 0x631},
	0xFC77:  {0x62B, 0x632},
	0xFC78:  {0x62B, 0x645},
	0xFC79:  {0x62B, 0x646},
	0xFC7A:  {0x62B, 0x649},
	0xFC7B:  {0x62B, 0x64A},
	0xFC7C:  {0x641, 0x649},
	0xFC7D:  {0x641, 0x64A},
	0xFC7E:  {0x642, 0x649},
	0xFC7F:  {0x642, 0x64A},
	0xFC80:  {0x643, 0x627},
	0xFC81:  {0x643, 0x644},
	0xFC82:  {0x643, 0x645},
	0xFC83:  {0x643, 0x649},
	0xFC84:  {0x643, 0x64A},
	0xFC85:  {0x644, 0x645},
	0xFC86:  {0x644, 0x649},
	0xFC87:  {0x644, 0x64A},
	0xFC88:  {0x645, 0x627},
	0xFC89:  {0x645, 0x645},
	0xFC8A:  {0x646, 0x631},
	0xFC8B:  {0x646, 0x632},
	0xFC8C:  {0x646, 0x645},
	0xFC8D:  {0x646, 0x646},
	0xFC8E:  {0x646, 0x649},
	0xFC8F:  {0x646, 0x64A},
	0xFC90:  {0x649, 0x670},
	0xFC91:  {0x64A, 0x631},
	0xFC92:  {0x64A, 0x632},
	0xFC93:  {0x64A, 0x645},
	0xFC94:  {0x64A, 0x646},
	0xFC95:  {0x64A, 0x649},
	0xFC96:  {0x64A, 0x64A},
	0xFC97:  {0x64A, 0x654, 0x62C},
	0xFC98:  {0x64A, 0x654, 0x62D},
	0xFC99:  {0x64A, 0x654, 0x62E},
	0xFC9A:  {0x64A, 0x654, 0x645},
	0xFC9B:  {0x64A, 0x654, 0x647},
	0xFC9C:  {0x628, 0x62C},
	0xFC9D:  {0x628, 0x62D},
	0xFC9E:  {0x628, 0x62E},
	0xFC9F:  {0x628, 0x645},
	0xFCA0:  {0x628, 0x647},
	0xFCA1:  {0x62A, 0x62C},
	0xFCA2:  {0x62A, 0x62D},
	0xFCA3:  {0x62A, 0x62E},
	0xFCA4:  {0x62A, 0x645},
	0xFCA5:  {0x62A, 0x647},
	0xFCA6:  {0x62B, 0x645},
	0xFCA7:  {0x62C, 0x62D},
	0xFCA8:  {0x62C, 0x645},
	0xFCA9:  {0x62D, 0x62C},
	0xFCAA:  {0x62D, 0x645},
	0xFCAB:  {0x62E, 0x62C},
	0xFCAC:  {0x62E, 0x645},
	0xFCAD:  {0x633, 0x62C},
	0xFCAE:  {0x633, 0x62D},
	0xFCAF:  {0x633, 0x62E},
	0xFCB0:  {0x633, 0x645},
	0xFCB1:  {0x635, 0x62D},
	0xFCB2:  {0x635, 0x62E},
	0xFCB3:  {0x635, 0x645},
	0xFCB4:  {0x636, 0x62C},
	0xFCB5:  {0x636, 0x62D},
	0xFCB6:  {0x636, 0x62E},
	0xFCB7:  {0x636, 0x645},
	0xFCB8:  {0x637, 0x62D},
	0xFCB9:  {0x638, 0x645},
	0xFCBA:  {0x639, 0x62C},
	0xFCBB:  {0x639, 0x645},
	0xFCBC:  {0x63A, 0x62C},
	0xFCBD:  {0x63A, 0x645},
	0xFCBE:  {0x641, 0x62C},
	0xFCBF:  {0x641, 0x62D},
	0xFCC0:  {0x641, 0x62E},
	0xFCC1:  {0x641, 0x645},
	0xFCC2:  {0x642, 0x62D},
	0xFCC3:  {0x642, 0x645},
	0xFCC4:  {0x643, 0x62C},
	0xFCC5:  {0x643, 0x62D},
	0xFCC6:  {0x643, 0x62E},
	0xFCC7:  {0x643, 0x644},
	0xFCC8:  {0x643, 0x645},
	0xFCC9:  {0x644, 0x62C},
	0xFCCA:  {0x644, 0x62D},
	0xFCCB:  {0x644, 0x62E},
	0xFCCC:  {0x644, 0x645},
	0xFCCD:  {0x644, 0x647},
	0xFCCE:  {0x645, 0x62C},
	0xFCCF:  {0x645, 0x62D},
	0xFCD0:  {0x645, 0x62E},
	0xFCD1:  {0x645, 0x645},
	0xFCD2:  {0x646, 0x62C},
	0xFCD3:  {0x646, 0x62D},
	0xFCD4:  {0x646, 0x62E},
	0xFCD5:  {0x646, 0x645},
	0xFCD6:  {0x646, 0x647},
	0xFCD7:  {0x647, 0x62C},
	0xFCD8:  {0x647, 0x645},
	0xFCD9:  {0x647, 0x670},
	0xFCDA:  {0x64A, 0x62C},
	0xFCDB:  {0x64A, 0x62D},
	0xFCDC:  {0x64A, 0x62E},
	0xFCDD:  {0x64A, 0x645},
	0xFCDE:  {0x64A, 0x647},
	0xFCDF:  {0x64A, 0x654, 0x645},
	0xFCE0:  {0x64A, 0x654, 0x647},
	0xFCE1:  {0x628, 0x645},
	0xFCE2:  {0x628, 0x647},
	0xFCE3:  {0x62A, 0x645},
	0xFCE4:  {0x62A, 0x647},
	0xFCE5:  {0x62B, 0x645},
	0xFCE6:  {0x62B, 0x647},
	0xFCE7:  {0x633, 0x645},
	0xFCE8:  {0x633, 0x647},
	0xFCE9:  {0x634, 0x645},
	0xFCEA:  {0x634, 0x647},
	0xFCEB:  {0x643, 0x644},
	0xFCEC:  {0x643, 0x645},
	0xFCED:  {0x644, 0x645},
	0xFCEE:  {0x646, 0x645},
	0xFCEF:  {0x646, 0x647},
	0xFCF0:  {0x64A, 0x645},
	0xFCF1:  {0x64A, 0x647},
	0xFCF2:  {0x640, 0x64E, 0x651},
	0xFCF3:  {0x640, 0x64F, 0x651},
	0xFCF4:  {0x640, 0x650, 0x651},
	0xFCF5:  {0x637, 0x649},
	0xFCF6:  {0x637, 0x64A},
	0xFCF7:  {0x639, 0x649},
	0xFCF8:  {0x639, 0x64A},
	0xFCF9:  {0x63A, 0x649},
	0xFCFA:  {0x63A, 0x64A},
	0xFCFB:  {0x633, 0x649},
	0xFCFC:  {0x633, 0x64A},
	0xFCFD:  {0x634, 0x649},
	0xFCFE:  {0x634, 0x64A},
	0xFCFF:  {0x62D, 0x649},
	0xFD00:  {0x62D, 0x64A},
	0xFD01:  {0x62C, 0x649},
	0xFD02:  {0x62C, 0x64A},
	0xFD03:  {0x62E, 0x649},
	0xFD04:  {0x62E, 0x64A},
	0xFD05:  {0x635, 0x649},
	0xFD06:  {0x635, 0x64A},
	0xFD07:  {0x636, 0x649},
	0xFD08:  {0x636, 0x64A},
	0xFD09:  {0x634, 0x62C},
	0xFD0A:  {0x634, 0x62D},
	0xFD0B:  {0x634, 0x62E},
	0xFD0C:  {0x634, 0x645},
	0xFD0D:  {0x634, 0x631},
	0xFD0E:  {0x633, 0x631},
	0xFD0F:  {0x635, 0x631},
	0xFD10:  {0x636, 0x631},
	0xFD11:  {0x637, 0x649},
	0xFD12:  {0x637, 0x64A},
	0xFD13:  {0x639, 0x649},
	0xFD14:  {0x639, 0x64A},
	0xFD15:  {0x63A, 0x649},
	0xFD16:  {0x63A, 0x64A},
	0xFD17:  {0x633, 0x649},
	0xFD18:  {0x633, 0x64A},
	0xFD19:  {0x634, 0x649},
	0xFD1A:  {0x634, 0x64A},
	0xFD1B:  {0x62D, 0x649},
	0xFD1C:  {0x62D, 0x64A},
	0xFD1D:  {0x62C, 0x649},
	0xFD1E:  {0x62C, 0x64A},
	0xFD1F:  {0x62E, 0x649},
	0xFD20:  {0x62E, 0x64A},
	0xFD21:  {0x635, 0x649},
	0xFD22:  {0x635, 0x64A},
	0xFD23:  {0x636, 0x649},
	0xFD24:  {0x636, 0x64A},
	0xFD25:  {0x634, 0x62C},
	0xFD26:  {0x634, 0x62D},
	0xFD27:  {0x634, 0x62E},
	0xFD28:  {0x634, 0x645},
	0xFD29:  {0x634, 0x631},
	0xFD2A:  {0x633, 0x631},
	0xFD2B:  {0x635, 0x631},
	0xFD2C:  {0x636, 0x631},
	0xFD2D:  {0x634, 0x62C},
	0xFD2E:  {0x634, 0x62D},
	0xFD2F:  {0x634, 0x62E},
	0xFD30:  {0x634, 0x645},
	0xFD31:  {0x633, 0x647},
	0xFD32:  {0x634, 0x647},
	0xFD33:  {0x637, 0x645},
	0xFD34:  {0x633, 0x62C},
	0xFD35:  {0x633, 0x62D},
	0xFD36:  {0x633, 0x62E},
	0xFD37:  {0x634, 0x62C},
	0xFD38:  {0x634, 0x62D},
	0xFD39:  {0x634, 0x62E},
	0xFD3A:  {0x637, 0x645},
	0xFD3B:  {0x638, 0x645},
	0xFD3C:  {0x627, 0x64B},
	0xFD3D:  {0x627, 0x64B},
	0xFD50:  {0x62A, 0x62C, 0x645},
	0xFD51:  {0x62A, 0x62D, 0x62C},
	0xFD52:  {0x62A, 0x62D, 0x62C},
	0xFD53:  {0x62A, 0x62D, 0x645},
	0xFD54:  {0x62A, 0x62E, 0x645},
	0xFD55:  {0x62A, 0x645, 0x62C},
	0xFD56:  {0x62A, 0x645, 0x62D},
	0xFD57:  {0x62A, 0x645, 0x62E},
	0xFD58:  {0x62C, 0x645, 0x62D},
	0xFD59:  {0x62C, 0x645, 0x62D},
	0xFD5A:  {0x62D, 0x645, 0x64A},
	0xFD5B:  {0x62D, 0x645, 0x649},
	0xFD5C:  {0x633, 0x62D, 0x62C},
	0xFD5D:  {0x633, 0x62C, 0x62D},
	0xFD5E:  {0x633, 0x62C, 0x649},
	0xFD5F:  {0x633, 0x645, 0x62D},
	0xFD60:  {0x633, 0x645, 0x62D},
	0xFD61:  {0x633, 0x645, 0x62C},
	0xFD62:  {0x633, 0x645, 0x645},
	0xFD63:  {0x633, 0x645, 0x645},
	0xFD64:  {0x635, 0x62D, 0x62D},
	0xFD65:  {0x635, 0x62D, 0x62D},
	0xFD66:  {0x635, 0x645, 0x645},
	0xFD67:  {0x634, 0x62D, 0x645},
	0xFD68:  {0x634, 0x62D, 0x645},
	0xFD69:  {0x634, 0x62C, 0x64A},
	0xFD6A:  {0x634, 0x645, 0x62E},
	0xFD6B:  {0x634, 0x645, 0x62E},
	0xFD6C:  {0x634, 0x645, 0x645},
	0xFD6D:  {0x634, 0x645, 0x645},
	0xFD6E:  {0x636, 0x62D, 0x649},
	0xFD6F:  {0x636, 0x62E, 0x645},
	0xFD70:  {0x636, 0x62E, 0x645},
	0xFD71:  {0x637, 0x645, 0x62D},
	0xFD72:  {0x637, 0x645, 0x62D},
	0xFD73:  {0x637, 0x645, 0x645},
	0xFD74:  {0x637, 0x645, 0x64A},
	0xFD75:  {0x639, 0x62C, 0x645},
	0xFD76:  {0x639, 0x645, 0x645},
	0xFD77:  {0x639, 0x645, 0x645},
	0xFD78:  {0x639, 0x645, 0x649},
	0xFD79:  {0x63A, 0x645, 0x645},
	0xFD7A:  {0x63A, 0x645, 0x64A},
	0xFD7B:  {0x63A, 0x645, 0x649},
	0xFD7C:  {0x641, 0x62E, 0x645},
	0xFD7D:  {0x641, 0x62E, 0x645},
	0xFD7E:  {0x642, 0x645, 0x62D},
	0xFD7F:  {0x642, 0x645, 0x645},
	0xFD80:  {0x644, 0x62D, 0x645},
	0xFD81:  {0x644, 0x62D, 0x64A},
	0xFD82:  {0x644, 0x62D, 0x649},
	0xFD83:  {0x644, 0x62C, 0x62C},
	0xFD84:  {0x644, 0x62C, 0x62C},
	0xFD85:  {0x644, 0x62E, 0x645},
	0xFD86:  {0x644, 0x62E, 0x645},
	0xFD87:  {0x644, 0x645, 0x62D},
	0xFD88:  {0x644, 0x645, 0x62D},
	0xFD89:  {0x645, 0x62D, 0x62C},
	0xFD8A:  {0x645, 0x62D, 0x645},
	0xFD8B:  {0x645, 0x62D, 0x64A},
	0xFD8C:  {0x645, 0x62C, 0x62D},
	0xFD8D:  {0x645, 0x62C, 0x645},
	0xFD8E:  {0x645, 0x62E, 0x62C},
	0xFD8F:  {0x645, 0x62E, 0x645},
	0xFD92:  {0x645, 0x62C, 0x62E},
	0xFD93:  {0x647, 0x645, 0x62C},
	0xFD94:  {0x647, 0x645, 0x645},
	0xFD95:  {0x646, 0x62D, 0x645},
	0xFD96:  {0x646, 0x62D, 0x649},
	0xFD97:  {0x646, 0x62C, 0x645},
	0xFD98:  {0x646, 0x62C, 0x645},
	0xFD99:  {0x646, 0x62C, 0x649},
	0xFD9A:  {0x646, 0x645, 0x64A},
	0xFD9B:  {0x646, 0x645, 0x649},
	0xFD9C:  {0x64A, 0x645, 0x645},
	0xFD9D:  {0x64A, 0x645, 0x645},
	0xFD9E:  {0x628, 0x62E, 0x64A},
	0xFD9F:  {0x62A, 0x62C, 0x64A},
	0xFDA0:  {0x62A, 0x62C, 0x649},
	0xFDA1:  {0x62A, 0x62E, 0x64A},
	0xFDA2:  {0x62A, 0x62E, 0x649},
	0xFDA3:  {0x62A, 0x645, 0x64A},
	0xFDA4:  {0x62A, 0x645, 0x649},
	0xFDA5:  {0x62C, 0x645, 0x64A},
	0xFDA6:  {0x62C, 0x62D, 0x649},
	0xFDA7:  {0x62C, 0x645, 0x649},
	0xFDA8:  {0x633, 0x62E, 0x649},
	0xFDA9:  {0x635, 0x62D, 0x64A},
	0xFDAA:  {0x634, 0x62D, 0x64A},
	0xFDAB:  {0x636, 0x62D, 0x64A},
	0xFDAC:  {0x644, 0x62C, 0x64A},
	0xFDAD:  {0x644, 0x645, 0x64A},
	0xFDAE:  {0x64A, 0x62D, 0x64A},
	0xFDAF:  {0x64A, 0x62C, 0x64A},
	0xFDB0:  {0x64A, 0x645, 0x64A},
	0xFDB1:  {0x645, 0x645, 0x64A},
	0xFDB2:  {0x642, 0x645, 0x64A},
	0xFDB3:  {0x646, 0x62D, 0x64A},
	0xFDB4:  {0x642, 0x645, 0x62D},
	0xFDB5:  {0x644, 0x62D, 0x645},
	0xFDB6:  {0x639, 0x645, 0x64A},
	0xFDB7:  {0x643, 0x645, 0x64A},
	0xFDB8:  {0x646, 0x62C, 0x62D},
	0xFDB9:  {0x645, 0x62E, 0x64A},
	0xFDBA:  {0x644, 0x62C, 0x645},
	0xFDBB:  {0x643, 0x645, 0x645},
	0xFDBC:  {0x644, 0x62C, 0x645},
	0xFDBD:  {0x646, 0x62C, 0x62D},
	0xFDBE:  {0x62C, 0x62D, 0x64A},
	0xFDBF:  {0x62D, 0x62C, 0x64A},
	0xFDC0:  {0x645, 0x62C, 0x64A},
	0xFDC1:  {0x641, 0x645, 0x64A},
	0xFDC2:  {0x628, 0x62D, 0x64A},
	0xFDC3:  {0x643, 0x645, 0x645},
	0xFDC4:  {0x639, 0x62C, 0x645},
	0xFDC5:  {0x635, 0x645, 0x645},
	0xFDC6:  {0x633, 0x62E, 0x64A},
	0xFDC7:  {0x646, 0x62C, 0x64A},
	0xFDF0:  {0x635, 0x644, 0x6D2},
	0xFDF1:  {0x642, 0x644, 0x6D2},
	0xFDF2:  {0x627, 0x644, 0x644, 0x647},
	0xFDF3:  {0x627, 0x643, 0x628, 0x631},
	0xFDF4:  {0x645, 0x62D, 0x645, 0x62F},
	0xFDF5:  {0x635, 0x644, 0x639, 0x645},
	0xFDF6:  {0x631, 0x633, 0x648, 0x644},
	0xFDF7:  {0x639, 0x644, 0x64A, 0x647},
	0xFDF8:  {0x648, 0x633, 0x644, 0x645},
	0xFDF9:  {0x635, 0x644, 0x649},
	0xFDFA:  {0x635, 0x644, 0x649, 0x20, 0x627, 0x644, 0x644, 0x647, 0x20, 0x639, 0x644, 0x64A, 0x647, 0x20, 0x648, 0x633, 0x644, 0x645},
	0xFDFB:  {0x62C, 0x644, 0x20, 0x62C, 0x644, 0x627, 0x644, 0x647},
	0xFDFC:  {0x631, 0x6CC, 0x627, 0x644},
	0xFE10:  {0x2C},
	0xFE11:  {0x3001},
	0xFE12:  {0x3002},
	0xFE13:  {0x3A},
	0xFE14:  {0x3B},
	0xFE15:  {0x21},
	0xFE16:  {0x3F},
	0xFE17:  {0x3016},
	0xFE18:  {0x3017},
	0xFE19:  {0x2E, 0x2E, 0x2E},
	0xFE30:  {0x2E, 0x2E},
	0xFE31:  {0x2014},
	0xFE32:  {0x2013},
	0xFE33:  {0x5F},
	0xFE34:  {0x5F},
	0xFE35:  {0x28},
	0xFE36:  {0x29},
	0xFE37:  {0x7B},
	0xFE38:  {0x7D},
	0xFE39:  {0x3014},
	0xFE3A:  {0x3015},
	0xFE3B:  {0x3010},
	0xFE3C:  {0x3011},
	0xFE3D:  {0x300A},
	0xFE3E:  {0x300B},
	0xFE3F:  {0x3008},
	0xFE40:  {0x3009},
	0xFE41:  {0x300C},
	0xFE42:  {0x300D},
	0xFE43:  {0x300E},
	0xFE44:  {0x300F},
	0xFE47:  {0x5B},
	0xFE48:  {0x5D},
	0xFE49:  {0x20, 0x305},
	0xFE4A:  {0x20, 0x305},
	0xFE4B:  {0x20, 0x305},
	0xFE4C:  {0x20, 0x305},
	0xFE4D:  {0x5F},
	0xFE4E:  {0x5F},
	0xFE4F:  {0x5F},
	0xFE50:  {0x2C},
	0xFE51:  {0x3001},
	0xFE52:  {0x2E},
	0xFE54:  {0x3B},
	0xFE55:  {0x3A},
	0xFE56:  {0x3F},
	0xFE57:  {0x21},
	0xFE58:  {0x2014},
	0xFE59:  {0x28},
	0xFE5A:  {0x29},
	0xFE5B:  {0x7B},
	0xFE5C:  {0x7D},
	0xFE5D:  {0x3014},
	0xFE5E:  {0x3015},
	0xFE5F:  {0x23},
	0xFE60:  {0x26},
	0xFE61:  {0x2A},
	0xFE62:  {0x2B},
	0xFE63:  {0x2D},
	0xFE64:  {0x3C},
	0xFE65:  {0x3E},
	0xFE66:  {0x3D},
	0xFE68:  {0x5C},
	0xFE69:  {0x24},
	0xFE6A:  {0x25},
	0xFE6B:  {0x40},
	0xFE70:  {0x20, 0x64B},
	0xFE71:  {0x640, 0x64B},
	0xFE72:  {0x20, 0x64C},
	0xFE74:  {0x20, 0x64D},
	0xFE76:  {0x20, 0x64E},
	0xFE77:  {0x640, 0x64E},
	0xFE78:  {0x20, 0x64F},
	0xFE79:  {0x640, 0x64F},
	0xFE7A:  {0x20, 0x650},
	0xFE7B:  {0x640, 0x650},
	0xFE7C:  {0x20, 0x651},
	0xFE7D:  {0x640, 0x651},
	0xFE7E:  {0x20, 0x652},
	0xFE7F:  {0x640, 0x652},
	0xFE80:  {0x621},
	0xFE81:  {0x627, 0x653},
	0xFE82:  {0x627, 0x653},
	0xFE83:  {0x627, 0x654},
	0xFE84:  {0x627, 0x654},
	0xFE85:  {0x648, 0x654},
	0xFE86:  {0x648, 0x654},
	0xFE87:  {0x627, 0x655},
	0xFE88:  {0x627, 0x655},
	0xFE89:  {0x64A, 0x654},
	0xFE8A:  {0x64A, 0x654},
	0xFE8B:  {0x64A, 0x654},
	0xFE8C:  {0x64A, 0x654},
	0xFE8D:  {0x627},
	0xFE8E:  {0x627},
	0xFE8F:  {0x628},
	0xFE90:  {0x628},
	0xFE91:  {0x628},
	0xFE92:  {0x628},
	0xFE93:  {0x629},
	0xFE94:  {0x629},
	0xFE95:  {0x62A},
	0xFE96:  {0x62A},
	0xFE97:  {0x62A},
	0xFE98:  {0x62A},
	0xFE99:  {0x62B},
	0xFE9A:  {0x62B},
	0xFE9B:  {0x62B},
	0xFE9C:  {0x62B},
	0xFE9D:  {0x62C},
	0xFE9E:  {0x62C},
	0xFE9F:  {0x62C},
	0xFEA0:  {0x62C},
	0xFEA1:  {0x62D},
	0xFEA2:  {0x62D},
	0xFEA3:  {0x62D},
	0xFEA4:  {0x62D},
	0xFEA5:  {0x62E},
	0xFEA6:  {0x62E},
	0xFEA7:  {0x62E},
	0xFEA8:  {0x62E},
	0xFEA9:  {0x62F},
	0xFEAA:  {0x62F},
	0xFEAB:  {0x630},
	0xFEAC:  {0x630},
	0xFEAD:  {0x631},
	0xFEAE:  {0x631},
	0xFEAF:  {0x632},
	0xFEB0:  {0x632},
	0xFEB1:  {0x633},
	0xFEB2:  {0x633},
	0xFEB3:  {0x633},
	0xFEB4:  {0x633},
	0xFEB5:  {0x634},
	0xFEB6:  {0x634},
	0xFEB7:  {0x634},
	0xFEB8:  {0x634},
	0xFEB9:  {0x635},
	0xFEBA:  {0x635},
	0xFEBB:  {0x635},
	0xFEBC:  {0x635},
	0xFEBD:  {0x636},
	0xFEBE:  {0x636},
	0xFEBF:  {0x636},
	0xFEC0:  {0x636},
	0xFEC1:  {0x637},
	0xFEC2:  {0x637},
	0xFEC3:  {0x637},
	0xFEC4:  {0x637},
	0xFEC5:  {0x638},
	0xFEC6:  {0x638},
	0xFEC7:  {0x638},
	0xFEC8:  {0x638},
	0xFEC9:  {0x639},
	0xFECA:  {0x639},
	0xFECB:  {0x639},
	0xFECC:  {0x639},
	0xFECD:  {0x63A},
	0xFECE:  {0x63A},
	0xFECF:  {0x63A},
	0xFED0:  {0x63A},
	0xFED1:  {0x641},
	0xFED2:  {0x641},
	0xFED3:  {0x641},
	0xFED4:  {0x641},
	0xFED5:  {0x642},
	0xFED6:  {0x642},
	0xFED7:  {0x642},
	0xFED8:  {0x642},
	0xFED9:  {0x643},
	0xFEDA:  {0x643},
	0xFEDB:  {0x643},
	0xFEDC:  {0x643},
	0xFEDD:  {0x644},
	0xFEDE:  {0x644},
	0xFEDF:  {0x644},
	0xFEE0:  {0x644},
	0xFEE1:  {0x645},
	0xFEE2:  {0x645},
	0xFEE3:  {0x645},
	0xFEE4:  {0x645},
	0xFEE5:  {0x646},
	0xFEE6:  {0x646},
	0xFEE7:  {0x646},
	0xFEE8:  {0x646},
	0xFEE9:  {0x647},
	0xFEEA:  {0x647},
	0xFEEB:  {0x647},
	0xFEEC:  {0x647},
	0xFEED:  {0x648},
	0xFEEE:  {0x648},
	0xFEEF:  {0x649},
	0xFEF0:  {0x649},
	0xFEF1:  {0x64A},
	0xFEF2:  {0x64A},
	0xFEF3:  {0x64A},
	0xFEF4:  {0x64A},
	0xFEF5:  {0x644, 0x627, 0x653},
	0xFEF6:  {0x644, 0x627, 0x653},
	0xFEF7:  {0x644, 0x627, 0x654},
	0xFEF8:  {0x644, 0x627, 0x654},
	0xFEF9:  {0x644, 0x627, 0x655},
	0xFEFA:  {0x644, 0x627, 0x655},
	0xFEFB:  {0x644, 0x627},
	0xFEFC:  {0x644, 0x627},
	0xFF01:  {0x21},
	0xFF02:  {0x22},
	0xFF03:  {0x23},
	0xFF04:  {0x24},
	0xFF05:  {0x25},
	0xFF06:  {0x26},
	0xFF07:  {0x27},
	0xFF08:  {0x28},
	0xFF09:  {0x29},
	0xFF0A:  {0x2A},
	0xFF0B:  {0x2B},
	0xFF0C:  {0x2C},
	0xFF0D:  {0x2D},
	0xFF0E:  {0x2E},
	0xFF0F:  {0x2F},
	0xFF10:  {0x30},
	0xFF11:  {0x31},
	0xFF12:  {0x32},
	0xFF13:  {0x33},
	0xFF14:  {0x34},
	0xFF15:  {0x35},
	0xFF16:  {0x36},
	0xFF17:  {0x37},
	0xFF18:  {0x38},
	0xFF19:  {0x39},
	0xFF1A:  {0x3A},
	0xFF1B:  {0x3B},
	0xFF1C:  {0x3C},
	0xFF1D:  {0x3D},
	0xFF1E:  {0x3E},
	0xFF1F:  {0x3F},
	0xFF20:  {0x40},
	0xFF21:  {0x41},
	0xFF22:  {0x42},
	0xFF23:  {0x43},
	0xFF24:  {0x44},
	0xFF25:  {0x45},
	0xFF26:  {0x46},
	0xFF27:  {0x47},
	0xFF28:  {0x48},
	0xFF29:  {0x49},
	0xFF2A:  {0x4A},
	0xFF2B:  {0x4B},
	0xFF2C:  {0x4C},
	0xFF2D:  {0x4D},
	0xFF2E:  {0x4E},
	0xFF2F:  {0x4F},
	0xFF30:  {0x50},
	0xFF31:  {0x51},
	0xFF32:  {0x52},
	0xFF33:  {0x53},
	0xFF34:  {0x54},
	0xFF35:  {0x55},
	0xFF36:  {0x56},
	0xFF37:  {0x57},
	0xFF38:  {0x58},
	0xFF39:  {0x59},
	0xFF3A:  {0x5A},
	0xFF3B:  {0x5B},
	0xFF3C:  {0x5C},
	0xFF3D:  {0x5D},
	0xFF3E:  {0x5E},
	0xFF3F:  {0x5F},
	0xFF40:  {0x60},
	0xFF41:  {0x61},
	0xFF42:  {0x62},
	0xFF43:  {0x63},
	0xFF44:  {0x64},
	0xFF45:  {0x65},
	0xFF46:  {0x66},
	0xFF47:  {0x67},
	0xFF48:  {0x68},
	0xFF49:  {0x69},
	0xFF4A:  {0x6A},
	0xFF4B:  {0x6B},
	0xFF4C:  {0x6C},
	0xFF4D:  {0x6D},
	0xFF4E:  {0x6E},
	0xFF4F:  {0x6F},
	0xFF50:  {0x70},
	0xFF51:  {0x71},
	0xFF52:  {0x72},
	0xFF53:  {0x73},
	0xFF54:  {0x74},
	0xFF55:  {0x75},
	0xFF56:  {0x76},
	0xFF57:  {0x77},
	0xFF58:  {0x78},
	0xFF59:  {0x79},
	0xFF5A:  {0x7A},
	0xFF5B:  {0x7B},
	0xFF5C:  {0x7C},
	0xFF5D:  {0x7D},
	0xFF5E:  {0x7E},
	0xFF5F:  {0x2985},
	0xFF60:  {0x2986},
	0xFF61:  {0x3002},
	0xFF62:  {0x300C},
	0xFF63:  {0x300D},
	0xFF64:  {0x3001},
	0xFF65:  {0x30FB},
	0xFF66:  {0x30F2},
	0xFF67:  {0x30A1},
	0xFF68:  {0x30A3},
	0xFF69:  {0x30A5},
	0xFF6A:  {0x30A7},
	0xFF6B:  {0x30A9},
	0xFF6C:  {0x30E3},
	0xFF6D:  {0x30E5},
	0xFF6E:  {0x30E7},
	0xFF6F:  {0x30C3},
	0xFF70:  {0x30FC},
	0xFF71:  {0x30A2},
	0xFF72:  {0x30A4},
	0xFF73:  {0x30A6},
	0xFF74:  {0x30A8},
	0xFF75:  {0x30AA},
	0xFF76:  {0x30AB},
	0xFF77:  {0x30AD},
	0xFF78:  {0x30AF},
	0xFF79:  {0x30B1},
	0xFF7A:  {0x30B3},
	0xFF7B:  {0x30B5},
	0xFF7C:  {0x30B7},
	0xFF7D:  {0x30B9},
	0xFF7E:  {0x30BB},
	0xFF7F:  {0x30BD},
	0xFF80:  {0x30BF},
	0xFF81:  {0x30C1},
	0xFF82:  {0x30C4},
	0xFF83:  {0x30C6},
	0xFF84:  {0x30C8},
	0xFF85:  {0x30CA},
	0xFF86:  {0x30CB},
	0xFF87:  {0x30CC},
	0xFF88:  {0x30CD},
	0xFF89:  {0x30CE},
	0xFF8A:  {0x30CF},
	0xFF8B:  {0x30D2},
	0xFF8C:  {0x30D5},
	0xFF8D:  {0x30D8},
	0xFF8E:  {0x30DB},
	0xFF8F:  {0x30DE},
	0xFF90:  {0x30DF},
	0xFF91:  {0x30E0},
	0xFF92:  {0x30E1},
	0xFF93:  {0x30E2},
	0xFF94:  {0x30E4},
	0xFF95:  {0x30E6},
	0xFF96:  {0x30E8},
	0xFF97:  {0x30E9},
	0xFF98:  {0x30EA},
	0xFF99:  {0x30EB},
	0xFF9A:  {0x30EC},
	0xFF9B:  {0x30ED},
	0xFF9C:  {0x30EF},
	0xFF9D:  {0x30F3},
	0xFF9E:  {0x3099},
	0xFF9F:  {0x309A},
	0xFFA0:  {0x1160},
	0xFFA1:  {0x1100},
	0xFFA2:  {0x1101},
	0xFFA3:  {0x11AA},
	0xFFA4:  {0x1102},
	0xFFA5:  {0x11AC},
	0xFFA6:  {0x11AD},
	0xFFA7:  {0x1103},
	0xFFA8:  {0x1104},
	0xFFA9:  {0x1105},
	0xFFAA:  {0x11B0},
	0xFFAB:  {0x11B1},
	0xFFAC:  {0x11B2},
	0xFFAD:  {0x11B3},
	0xFFAE:  {0x11B4},
	0xFFAF:  {0x11B5},
	0xFFB0:  {0x111A},
	0xFFB1:  {0x1106},
	0xFFB2:  {0x1107},
	0xFFB3:  {0x1108},
	0xFFB4:  {0x1121},
	0xFFB5:  {0x1109},
	0xFFB6:  {0x110A},
	0xFFB7:  {0x110B},
	0xFFB8:  {0x110C},
	0xFFB9:  {0x110D},
	0xFFBA:  {0x110E},
	0xFFBB:  {0x110F},
	0xFFBC:  {0x1110},
	0xFFBD:  {0x1111},
	0xFFBE:  {0x1112},
	0xFFC2:  {0x1161},
	0xFFC3:  {0x1162},
	0xFFC4:  {0x1163},
	0xFFC5:  {0x1164},
	0xFFC6:  {0x1165},
	0xFFC7:  {0x1166},
	0xFFCA:  {0x1167},
	0xFFCB:  {0x1168},
	0xFFCC:  {0x1169},
	0xFFCD:  {0x116A},
	0xFFCE:  {0x116B},
	0xFFCF:  {0x116C},
	0xFFD2:  {0x116D},
	0xFFD3:  {0x116E},
	0xFFD4:  {0x116F},
	0xFFD5:  {0x1170},
	0xFFD6:  {0x1171},
	0xFFD7:  {0x1172},
	0xFFDA:  {0x1173},
	0xFFDB:  {0x1174},
	0xFFDC:  {0x1175},
	0xFFE0:  {0xA2},
	0xFFE1:  {0xA3},
	0xFFE2:  {0xAC},
	0xFFE3:  {0x20, 0x304},
	0xFFE4:  {0xA6},
	0xFFE5:  {0xA5},
	0xFFE6:  {0x20A9},
	0xFFE8:  {0x2502},
	0xFFE9:  {0x2190},
	0xFFEA:  {0x2191},
	0xFFEB:  {0x2192},
	0xFFEC:  {0x2193},
	0xFFED:  {0x25A0},
	0xFFEE:  {0x25CB},
	0x105C9: {0x105D2, 0x307},
	0x105E4: {0x105DA, 0x307},
	0x10781: {0x2D0},
	0x10782: {0x2D1},
	0x10783: {0xE6},
	0x10784: {0x299},
	0x10785: {0x253},
	0x10787: {0x2A3},
	0x10788: {0xAB66},
	0x10789: {0x2A5},
	0x1078A: {0x2A4},
	0x1078B: {0x256},
	0x1078C: {0x257},
	0x1078D: {0x1D91},
	0x1078E: {0x258},
	0x1078F: {0x25E},
	0x10790: {0x2A9},
	0x10791: {0x264},
	0x10792: {0x262},
	0x10793: {0x260},
	0x10794: {0x29B},
	0x10795: {0x127},
	0x10796: {0x29C},
	0x10797: {0x267},
	0x10798: {0x284},
	0x10799: {0x2AA},
	0x1079A: {0x2AB},
	0x1079B: {0x26C},
	0x1079C: {0x1DF04},
	0x1079D: {0xA78E},
	0x1079E: {0x26E},
	0x1079F: {0x1DF05},
	0x107A0: {0x28E},
	0x107A1: {0x1DF06},
	0x107A2: {0xF8},
	0x107A3: {0x276},
	0x107A4: {0x277},
	0x107A5: {0x71},
	0x107A6: {0x27A},
	0x107A7: {0x1DF08},
	0x107A8: {0x27D},
	0x107A9: {0x27E},
	0x107AA: {0x280},
	0x107AB: {0x2A8},
	0x107AC: {0x2A6},
	0x107AD: {0xAB67},
	0x107AE: {0x2A7},
	0x107AF: {0x288},
	0x107B0: {0x2C71},
	0x107B2: {0x28F},
	0x107B3: {0x2A1},
	0x107B4: {0x2A2},
	0x107B5: {0x298},
	0x107B6: {0x1C0},
	0x107B7: {0x1C1},
	0x107B8: {0x1C2},
	0x107B9: {0x1DF0A},
	0x107BA: {0x1DF1E},
	0x1109A: {0x11099, 0x110BA},
	0x1109C: {0x1109B, 0x110BA},
	0x110AB: {0x110A5, 0x110BA},
	0x1112E: {0x11131, 0x11127},
	0x1112F: {0x11132, 0x11127},
	0x1134B: {0x11347, 0x1133E},
	0x1134C: {0x11347, 0x11357},
	0x11383: {0x11382, 0x113C9},
	0x11385: {0x11384, 0x113BB},
	0x1138E: {0x1138B, 0x113C2},
	0x11391: {0x11390, 0x113C9},
	0x113C5: {0x113C2, 0x113C2},
	0x113C7: {0x113C2, 0x113B8},
	0x113C8: {0x113C2, 0x113C9},
	0x114BB: {0x114B9, 0x114BA},
	0x114BC: {0x114B9, 0x114B0},
	0x114BE: {0x114B9, 0x114BD},
	0x115BA: {0x115B8, 0x115AF},
	0x115BB: {0x115B9, 0x115AF},
	0x11938: {0x11935, 0x11930},
	0x16121: {0x1611E, 0x1611E},
	0x16122: {0x1611E, 0x16129},
	0x16123: {0x1611E, 0x1611F},
	0x16124: {0x16129, 0x1611F},
	0x16125: {0x1611E, 0x16120},
	0x16126: {0x1611E, 0x1611E, 0x1611F},
	0x16127: {0x1611E, 0x16129, 0x1611F},
	0x16128: {0x1611E, 0x1611E, 0x16120},
	0x16D68: {0x16D67, 0x16D67},
	0x16D69: {0x16D63, 0x16D67},
	0x16D6A: {0x16D63, 0x16D67, 0x16D67},
	0x1CCD6: {0x41},
	0x1CCD7: {0x42},
	0x1CCD8: {0x43},
	0x1CCD9: {0x44},
	0x1CCDA: {0x45},
	0x1CCDB: {0x46},
	0x1CCDC: {0x47},
	0x1CCDD: {0x48},
	0x1CCDE: {0x49},
	0x1CCDF: {0x4A},
	0x1CCE0: {0x4B},
	0x1CCE1: {0x4C},
	0x1CCE2: {0x4D},
	0x1CCE3: {0x4E},
	0x1CCE4: {0x4F},
	0x1CCE5: {0x50},
	0x1CCE6: {0x51},
	0x1CCE7: {0x52},
	0x1CCE8: {0x53},
	0x1CCE9: {0x54},
	0x1CCEA: {0x55},
	0x1CCEB: {0x56},
	0x1CCEC: {0x57},
	0x1CCED: {0x58},
	0x1CCEE: {0x59},
	0x1CCEF: {0x5A},
	0x1CCF0: {0x30},
	0x1CCF1: {0x31},
	0x1CCF2: {0x32},
	0x1CCF3: {0x33},
	0x1CCF4: {0x34},
	0x1CCF5: {0x35},
	0x1CCF6: {0x36},
	0x1CCF7: {0x37},
	0x1CCF8: {0x38},
	0x1CCF9: {0x39},
	0x1D15E: {0x1D157, 0x1D165},
	0x1D15F: {0x1D158, 0x1D165},
	0x1D160: {0x1D158, 0x1D165, 0x1D16E},
	0x1D161: {0x1D158, 0x1D165, 0x1D16F},
	0x1D162: {0x1D158, 0x1D165, 0x1D170},
	0x1D163: {0x1D158, 0x1D165, 0x1D171},
	0x1D164: {0x1D158, 0x1D165, 0x1D172},
	0x1D1BB: {0x1D1B9, 0x1D165},
	0x1D1BC: {0x1D1BA, 0x1D165},
	0x1D1BD: {0x1D1B9, 0x1D165, 0x1D16E},
	0x1D1BE: {0x1D1BA, 0x1D165, 0x1D16E},
	0x1D1BF: {0x1D1B9, 0x1D165, 0x1D16F},
	0x1D1C0: {0x1D1BA, 0x1D165, 0x1D16F},
	0x1D400: {0x41},
	0x1D401: {0x42},
	0x1D402: {0x43},
	0x1D403: {0x44},
	0x1D404: {0x45},
	0x1D405: {0x46},
	0x1D406: {0x47},
	0x1D407: {0x48},
	0x1D408: {0x49},
	0x1D409: {0x4A},
	0x1D40A: {0x4B},
	0x1D40B: {0x4C},
	0x1D40C: {0x4D},
	0x1D40D: {0x4E},
	0x1D40E: {0x4F},
	0x1D40F: {0x50},
	0x1D410: {0x51},
	0x1D411: {0x52},
	0x1D412: {0x53},
	0x1D413: {0x54},
	0x1D414: {0x55},
	0x1D415: {0x56},
	0x1D416: {0x57},
	0x1D417: {0x58},
	0x1D418: {0x59},
	0x1D419: {0x5A},
	0x1D41A: {0x61},
	0x1D41B: {0x62},
	0x1D41C: {0x63},
	0x1D41D: {0x64},
	0x1D41E: {0x65},
	0x1D41F: {0x66},
	0x1D420: {0x67},
	0x1D421: {0x68},
	0x1D422: {0x69},
	0x1D423: {0x6A},
	0x1D424: {0x6B},
	0x1D425: {0x6C},
	0x1D426: {0x6D},
	0x1D427: {0x6E},
	0x1D428: {0x6F},
	0x1D429: {0x70},
	0x1D42A: {0x71},
	0x1D42B: {0x72},
	0x1D42C: {0x73},
	0x1D42D: {0x74},
	0x1D42E: {0x75},
	0x1D42F: {0x76},
	0x1D430: {0x77},
	0x1D431: {0x78},
	0x1D432: {0x79},
	0x1D433: {0x7A},
	0x1D434: {0x41},
	0x1D435: {0x42},
	0x1D436: {0x43},
	0x1D437: {0x44},
	0x1D438: {0x45},
	0x1D439: {0x46},
	0x1D43A: {0x47},
	0x1D43B: {0x48},
	0x1D43C: {0x49},
	0x1D43D: {0x4A},
	0x1D43E: {0x4B},
	0x1D43F: {0x4C},
	0x1D440: {0x4D},
	0x1D441: {0x4E},
	0x1D442: {0x4F},
	0x1D443: {0x50},
	0x1D444: {0x51},
	0x1D445: {0x52},
	0x1D446: {0x53},
	0x1D447: {0x54},
	0x1D448: {0x55},
	0x1D449: {0x56},
	0x1D44A: {0x57},
	0x1D44B: {0x58},
	0x1D44C: {0x59},
	0x1D44D: {0x5A},
	0x1D44E: {0x61},
	0x1D44F: {0x62},
	0x1D450: {0x63},
	0x1D451: {0x64},
	0x1D452: {0x65},
	0x1D453: {0x66},
	0x1D454: {0x67},
	0x1D456: {0x69},
	0x1D457: {0x6A},
	0x1D458: {0x6B},
	0x1D459: {0x6C},
	0x1D45A: {0x6D},
	0x1D45B: {0x6E},
	0x1D45C: {0x6F},
	0x1D45D: {0x70},
	0x1D45E: {0x71},
	0x1D45F: {0x72},
	0x1D460: {0x73},
	0x1D461: {0x74},
	0x1D462: {0x75},
	0x1D463: {0x76},
	0x1D464: {0x77},
	0x1D465: {0x78},
	0x1D466: {0x79},
	0x1D467: {0x7A},
	0x1D468: {0x41},
	0x1D469: {0x42},
	0x1D46A: {0x43},
	0x1D46B: {0x44},
	0x1D46C: {0x45},
	0x1D46D: {0x46},
	0x1D46E: {0x47},
	0x1D46F: {0x48},
	0x1D470: {0x49},
	0x1D471: {0x4A},
	0x1D472: {0x4B},
	0x1D473: {0x4C},
	0x1D474: {0x4D},
	0x1D475: {0x4E},
	0x1D476: {0x4F},
	0x1D477: {0x50},
	0x1D478: {0x51},
	0x1D479: {0x52},
	0x1D47A: {0x53},
	0x1D47B: {0x54},
	0x1D47C: {0x55},
	0x1D47D: {0x56},
	0x1D47E: {0x57},
	0x1D47F: {0x58},
	0x1D480: {0x59},
	0x1D481: {0x5A},
	0x1D482: {0x61},
	0x1D483: {0x62},
	0x1D484: {0x63},
	0x1D485: {0x64},
	0x1D486: {0x65},
	0x1D487: {0x66},
	0x1D488: {0x67},
	0x1D489: {0x68},
	0x1D48A: {0x69},
	0x1D48B: {0x6A},
	0x1D48C: {0x6B},
	0x1D48D: {0x6C},
	0x1D48E: {0x6D},
	0x1D48F: {0x6E},
	0x1D490: {0x6F},
	0x1D491: {0x70},
	0x1D492: {0x71},
	0x1D493: {0x72},
	0x1D494: {0x73},
	0x1D495: {0x74},
	0x1D496: {0x75},
	0x1D497: {0x76},
	0x1D498: {0x77},
	0x1D499: {0x78},
	0x1D49A: {0x79},
	0x1D49B: {0x7A},
	0x1D49C: {0x41},
	0x1D49E: {0x43},
	0x1D49F: {0x44},
	0x1D4A2: {0x47},
	0x1D4A5: {0x4A},
	0x1D4A6: {0x4B},
	0x1D4A9: {0x4E},
	0x1D4AA: {0x4F},
	0x1D4AB: {0x50},
	0x1D4AC: {0x51},
	0x1D4AE: {0x53},
	0x1D4AF: {0x54},
	0x1D4B0: {0x55},
	0x1D4B1: {0x56},
	0x1D4B2: {0x57},
	0x1D4B3: {0x58},
	0x1D4B4: {0x59},
	0x1D4B5: {0x5A},
	0x1D4B6: {0x61},
	0x1D4B7: {0x62},
	0x1D4B8: {0x63},
	0x1D4B9: {0x64},
	0x1D4BB: {0x66},
	0x1D4BD: {0x68},
	0x1D4BE: {0x69},
	0x1D4BF: {0x6A},
	0x1D4C0: {0x6B},
	0x1D4C1: {0x6C},
	0x1D4C2: {0x6D},
	0x1D4C3: {0x6E},
	0x1D4C5: {0x70},
	0x1D4C6: {0x71},
	0x1D4C7: {0x72},
	0x1D4C8: {0x73},
	0x1D4C9: {0x74},
	0x1D4CA: {0x75},
	0x1D4CB: {0x76},
	0x1D4CC: {0x77},
	0x1D4CD: {0x78},
	0x1D4CE: {0x79},
	0x1D4CF: {0x7A},
	0x1D4D0: {0x41},
	0x1D4D1: {0x42},
	0x1D4D2: {0x43},
	0x1D4D3: {0x44},
	0x1D4D4: {0x45},
	0x1D4D5: {0x46},
	0x1D4D6: {0x47},
	0x1D4D7: {0x48},
	0x1D4D8: {0x49},
	0x1D4D9: {0x4A},
	0x1D4DA: {0x4B},
	0x1D4DB: {0x4C},
	0x1D4DC: {0x4D},
	0x1D4DD: {0x4E},
	0x1D4DE: {0x4F},
	0x1D4DF: {0x50},
	0x1D4E0: {0x51},
	0x1D4E1: {0x52},
	0x1D4E2: {0x53},
	0x1D4E3: {0x54},
	0x1D4E4: {0x55},
	0x1D4E5: {0x56},
	0x1D4E6: {0x57},
	0x1D4E7: {0x58},
	0x1D4E8: {0x59},
	0x1D4E9: {0x5A},
	0x1D4EA: {0x61},
	0x1D4EB: {0x62},
	0x1D4EC: {0x63},
	0x1D4ED: {0x64},
	0x1D4EE: {0x65},
	0x1D4EF: {0x66},
	0x1D4F0: {0x67},
	0x1D4F1: {0x68},
	0x1D4F2: {0x69},
	0x1D4F3: {0x6A},
	0x1D4F4: {0x6B},
	0x1D4F5: {0x6C},
	0x1D4F6: {0x6D},
	0x1D4F7: {0x6E},
	0x1D4F8: {0x6F},
	0x1D4F9: {0x70},
	0x1D4FA: {0x71},
	0x1D4FB: {0x72},
	0x1D4FC: {0x73},
	0x1D4FD: {0x74},
	0x1D4FE: {0x75},
	0x1D4FF: {0x76},
	0x1D500: {0x77},
	0x1D501: {0x78},
	0x1D502: {0x79},
	0x1D503: {0x7A},
	0x1D504: {0x41},
	0x1D505: {0x42},
	0x1D507: {0x44},
	0x1D508: {0x45},
	0x1D509: {0x46},
	0x1D50A: {0x47},
	0x1D50D: {0x4A},
	0x1D50E: {0x4B},
	0x1D50F: {0x4C},
	0x1D510: {0x4D},
	0x1D511: {0x4E},
	0x1D512: {0x4F},
	0x1D513: {0x50},
	0x1D514: {0x51},
	0x1D516: {0x53},
	0x1D517: {0x54},
	0x1D518: {0x55},
	0x1D519: {0x56},
	0x1D51A: {0x57},
	0x1D51B: {0x58},
	0x1D51C: {0x59},
	0x1D51E: {0x61},
	0x1D51F: {0x62},
	0x1D520: {0x63},
	0x1D521: {0x64},
	0x1D522: {0x65},
	0x1D523: {0x66},
	0x1D524: {0x67},
	0x1D525: {0x68},
	0x1D526: {0x69},
	0x1D527: {0x6A},
	0x1D528: {0x6B},
	0x1D529: {0x6C},
	0x1D52A: {0x6D},
	0x1D52B: {0x6E},
	0x1D52C: {0x6F},
	0x1D52D: {0x70},
	0x1D52E: {0x71},
	0x1D52F: {0x72},
	0x1D530: {0x73},
	0x1D531: {0x74},
	0x1D532: {0x75},
	0x1D533: {0x76},
	0x1D534: {0x77},
	0x1D535: {0x78},
	0x1D536: {0x79},
	0x1D537: {0x7A},
	0x1D538: {0x41},
	0x1D539: {0x42},
	0x1D53B: {0x44},
	0x1D53C: {0x45},
	0x1D53D: {0x46},
	0x1D53E: {0x47},
	0x1D540: {0x49},
	0x1D541: {0x4A},
	0x1D542: {0x4B},
	0x1D543: {0x4C},
	0x1D544: {0x4D},
	0x1D546: {0x4F},
	0x1D54A: {0x53},
	0x1D54B: {0x54},
	0x1D54C: {0x55},
	0x1D54D: {0x56},
	0x1D54E: {0x57},
	0x1D54F: {0x58},
	0x1D550: {0x59},
	0x1D552: {0x61},
	0x1D553: {0x62},
	0x1D554: {0x63},
	0x1D555: {0x64},
	0x1D556: {0x65},
	0x1D557: {0x66},
	0x1D558: {0x67},
	0x1D559: {0x68},
	0x1D55A: {0x69},
	0x1D55B: {0x6A},
	0x1D55C: {0x6B},
	0x1D55D: {0x6C},
	0x1D55E: {0x6D},
	0x1D55F: {0x6E},
	0x1D560: {0x6F},
	0x1D561: {0x70},
	0x1D562: {0x71},
	0x1D563: {0x72},
	0x1D564: {0x73},
	0x1D565: {0x74},
	0x1D566: {0x75},
	0x1D567: {0x76},
	0x1D568: {0x77},
	0x1D569: {0x78},
	0x1D56A: {0x79},
	0x1D56B: {0x7A},
	0x1D56C: {0x41},
	0x1D56D: {0x42},
	0x1D56E: {0x43},
	0x1D56F: {0x44},
	0x1D570: {0x45},
	0x1D571: {0x46},
	0x1D572: {0x47},
	0x1D573: {0x48},
	0x1D574: {0x49},
	0x1D575: {0x4A},
	0x1D576: {0x4B},
	0x1D577: {0x4C},
	0x1D578: {0x4D},
	0x1D579: {0x4E},
	0x1D57A: {0x4F},
	0x1D57B: {0x50},
	0x1D57C: {0x51},
	0x1D57D: {0x52},
	0x1D57E: {0x53},
	0x1D57F: {0x54},
	0x1D580: {0x55},
	0x1D581: {0x56},
	0x1D582: {0x57},
	0x1D583: {0x58},
	0x1D584: {0x59},
	0x1D585: {0x5A},
	0x1D586: {0x61},
	0x1D587: {0x62},
	0x1D588: {0x63},
	0x1D589: {0x64},
	0x1D58A: {0x65},
	0x1D58B: {0x66},
	0x1D58C: {0x67},
	0x1D58D: {0x68},
	0x1D58E: {0x69},
	0x1D58F: {0x6A},
	0x1D590: {0x6B},
	0x1D591: {0x6C},
	0x1D592: {0x6D},
	0x1D593: {0x6E},
	0x1D594: {0x6F},
	0x1D595: {0x70},
	0x1D596: {0x71},
	0x1D597: {0x72},
	0x1D598: {0x73},
	0x1D599: {0x74},
	0x1D59A: {0x75},
	0x1D59B: {0x76},
	0x1D59C: {0x77},
	0x1D59D: {0x78},
	0x1D59E: {0x79},
	0x1D59F: {0x7A},
	0x1D5A0: {0x41},
	0x1D5A1: {0x42},
	0x1D5A2: {0x43},
	0x1D5A3: {0x44},
	0x1D5A4: {0x45},
	0x1D5A5: {0x46},
	0x1D5A6: {0x47},
	0x1D5A7: {0x48},
	0x1D5A8: {0x49},
	0x1D5A9: {0x4A},
	0x1D5AA: {0x4B},
	0x1D5AB: {0x4C},
	0x1D5AC: {0x4D},
	0x1D5AD: {0x4E},
	0x1D5AE: {0x4F},
	0x1D5AF: {0x50},
	0x1D5B0: {0x51},
	0x1D5B1: {0x52},
	0x1D5B2: {0x53},
	0x1D5B3: {0x54},
	0x1D5B4: {0x55},
	0x1D5B5: {0x56},
	0x1D5B6: {0x57},
	0x1D5B7: {0x58},
	0x1D5B8: {0x59},
	0x1D5B9: {0x5A},
	0x1D5BA: {0x61},
	0x1D5BB: {0x62},
	0x1D5BC: {0x63},
	0x1D5BD: {0x64},
	0x1D5BE: {0x65},
	0x1D5BF: {0x66},
	0x1D5C0: {0x67},
	0x1D5C1: {0x68},
	0x1D5C2: {0x69},
	0x1D5C3: {0x6A},
	0x1D5C4: {0x6B},
	0x1D5C5: {0x6C},
	0x1D5C6: {0x6D},
	0x1D5C7: {0x6E},
	0x1D5C8: {0x6F},
	0x1D5C9: {0x70},
	0x1D5CA: {0x71},
	0x1D5CB: {0x72},
	0x1D5CC: {0x73},
	0x1D5CD: {0x74},
	0x1D5CE: {0x75},
	0x1D5CF: {0x76},
	0x1D5D0: {0x77},
	0x1D5D1: {0x78},
	0x1D5D2: {0x79},
	0x1D5D3: {0x7A},
	0x1D5D4: {0x41},
	0x1D5D5: {0x42},
	0x1D5D6: {0x43},
	0x1D5D7: {0x44},
	0x1D5D8: {0x45},
	0x1D5D9: {0x46},
	0x1D5DA: {0x47},
	0x1D5DB: {0x48},
	0x1D5DC: {0x49},
	0x1D5DD: {0x4A},
	0x1D5DE: {0x4B},
	0x1D5DF: {0x4C},
	0x1D5E0: {0x4D},
	0x1D5E1: {0x4E},
	0x1D5E2: {0x4F},
	0x1D5E3: {0x50},
	0x1D5E4: {0x51},
	0x1D5E5: {0x52},
	0x1D5E6: {0x53},
	0x1D5E7: {0x54},
	0x1D5E8: {0x55},
	0x1D5E9: {0x56},
	0x1D5EA: {0x57},
	0x1D5EB: {0x58},
	0x1D5EC: {0x59},
	0x1D5ED: {0x5A},
	0x1D5EE: {0x61},
	0x1D5EF: {0x62},
	0x1D5F0: {0x63},
	0x1D5F1: {0x64},
	0x1D5F2: {0x65},
	0x1D5F3: {0x66},
	0x1D5F4: {0x67},
	0x1D5F5: {0x68},
	0x1D5F6: {0x69},
	0x1D5F7: {0x6A},
	0x1D5F8: {0x6B},
	0x1D5F9: {0x6C},
	0x1D5FA: {0x6D},
	0x1D5FB: {0x6E},
	0x1D5FC: {0x6F},
	0x1D5FD: {0x70},
	0x1D5FE: {0x71},
	0x1D5FF: {0x72},
	0x1D600: {0x73},
	0x1D601: {0x74},
	0x1D602: {0x75},
	0x1D603: {0x76},
	0x1D604: {0x77},
	0x1D605: {0x78},
	0x1D606: {0x79},
	0x1D607: {0x7A},
	0x1D608: {0x41},
	0x1D609: {0x42},
	0x1D60A: {0x43},
	0x1D60B: {0x44},
	0x1D60C: {0x45},
	0x1D60D: {0x46},
	0x1D60E: {0x47},
	0x1D60F: {0x48},
	0x1D610: {0x49},
	0x1D611: {0x4A},
	0x1D612: {0x4B},
	0x1D613: {0x4C},
	0x1D614: {0x4D},
	0x1D615: {0x4E},
	0x1D616: {0x4F},
	0x1D617: {0x50},
	0x1D618: {0x51},
	0x1D619: {0x52},
	0x1D61A: {0x53},
	0x1D61B: {0x54},
	0x1D61C: {0x55},
	0x1D61D: {0x56},
	0x1D61E: {0x57},
	0x1D61F: {0x58},
	0x1D620: {0x59},
	0x1D621: {0x5A},
	0x1D622: {0x61},
	0x1D623: {0x62},
	0x1D624: {0x63},
	0x1D625: {0x64},
	0x1D626: {0x65},
	0x1D627: {0x66},
	0x1D628: {0x67},
	0x1D629: {0x68},
	0x1D62A: {0x69},
	0x1D62B: {0x6A},
	0x1D62C: {0x6B},
	0x1D62D: {0x6C},
	0x1D62E: {0x6D},
	0x1D62F: {0x6E},
	0x1D630: {0x6F},
	0x1D631: {0x70},
	0x1D632: {0x71},
	0x1D633: {0x72},
	0x1D634: {0x73},
	0x1D635: {0x74},
	0x1D636: {0x75},
	0x1D637: {0x76},
	0x1D638: {0x77},
	0x1D639: {0x78},
	0x1D63A: {0x79},
	0x1D63B: {0x7A},
	0x1D63C: {0x41},
	0x1D63D: {0x42},
	0x1D63E: {0x43},
	0x1D63F: {0x44},
	0x1D640: {0x45},
	0x1D641: {0x46},
	0x1D642: {0x47},
	0x1D643: {0x48},
	0x1D644: {0x49},
	0x1D645: {0x4A},
	0x1D646: {0x4B},
	0x1D647: {0x4C},
	0x1D648: {0x4D},
	0x1D649: {0x4E},
	0x1D64A: {0x4F},
	0x1D64B: {0x50},
	0x1D64C: {0x51},
	0x1D64D: {0x52},
	0x1D64E: {0x53},
	0x1D64F: {0x54},
	0x1D650: {0x55},
	0x1D651: {0x56},
	0x1D652: {0x57},
	0x1D653: {0x58},
	0x1D654: {0x59},
	0x1D655: {0x5A},
	0x1D656: {0x61},
	0x1D657: {0x62},
	0x1D658: {0x63},
	0x1D659: {0x64},
	0x1D65A: {0x65},
	0x1D65B: {0x66},
	0x1D65C: {0x67},
	0x1D65D: {0x68},
	0x1D65E: {0x69},
	0x1D65F: {0x6A},
	0x1D660: {0x6B},
	0x1D661: {0x6C},
	0x1D662: {0x6D},
	0x1D663: {0x6E},
	0x1D664: {0x6F},
	0x1D665: {0x70},
	0x1D666: {0x71},
	0x1D667: {0x72},
	0x1D668: {0x73},
	0x1D669: {0x74},
	0x1D66A: {0x75},
	0x1D66B: {0x76},
	0x1D66C: {0x77},
	0x1D66D: {0x78},
	0x1D66E: {0x79},
	0x1D66F: {0x7A},
	0x1D670: {0x41},
	0x1D671: {0x42},
	0x1D672: {0x43},
	0x1D673: {0x44},
	0x1D674: {0x45},
	0x1D675: {0x46},
	0x1D676: {0x47},
	0x1D677: {0x48},
	0x1D678: {0x49},
	0x1D679: {0x4A},
	0x1D67A: {0x4B},
	0x1D67B: {0x4C},
	0x1D67C: {0x4D},
	0x1D67D: {0x4E},
	0x1D67E: {0x4F},
	0x1D67F: {0x50},
	0x1D680: {0x51},
	0x1D681: {0x52},
	0x1D682: {0x53},
	0x1D683: {0x54},
	0x1D684: {0x55},
	0x1D685: {0x56},
	0x1D686: {0x57},
	0x1D687: {0x58},
	0x1D688: {0x59},
	0x1D689: {0x5A},
	0x1D68A: {0x61},
	0x1D68B: {0x62},
	0x1D68C: {0x63},
	0x1D68D: {0x64},
	0x1D68E: {0x65},
	0x1D68F: {0x66},
	0x1D690: {0x67},
	0x1D691: {0x68},
	0x1D692: {0x69},
	0x1D693: {0x6A},
	0x1D694: {0x6B},
	0x1D695: {0x6C},
	0x1D696: {0x6D},
	0x1D697: {0x6E},
	0x1D698: {0x6F},
	0x1D699: {0x70},
	0x1D69A: {0x71},
	0x1D69B: {0x72},
	0x1D69C: {0x73},
	0x1D69D: {0x74},
	0x1D69E: {0x75},
	0x1D69F: {0x76},
	0x1D6A0: {0x77},
	0x1D6A1: {0x78},
	0x1D6A2: {0x79},
	0x1D6A3: {0x7A},
	0x1D6A4: {0x131},
	0x1D6A5: {0x237},
	0x1D6A8: {0x391},
	0x1D6A9: {0x392},
	0x1D6AA: {0x393},
	0x1D6AB: {0x394},
	0x1D6AC: {0x395},
	0x1D6AD: {0x396},
	0x1D6AE: {0x397},
	0x1D6AF: {0x398},
	0x1D6B0: {0x399},
	0x1D6B1: {0x39A},
	0x1D6B2: {0x39B},
	0x1D6B3: {0x39C},
	0x1D6B4: {0x39D},
	0x1D6B5: {0x39E},
	0x1D6B6: {0x39F},
	0x1D6B7: {0x3A0},
	0x1D6B8: {0x3A1},
	0x1D6B9: {0x398},
	0x1D6BA: {0x3A3},
	0x1D6BB: {0x3A4},
	0x1D6BC: {0x3A5},
	0x1D6BD: {0x3A6},
	0x1D6BE: {0x3A7},
	0x1D6BF: {0x3A8},
	0x1D6C0: {0x3A9},
	0x1D6C1: {0x2207},
	0x1D6C2: {0x3B1},
	0x1D6C3: {0x3B2},
	0x1D6C4: {0x3B3},
	0x1D6C5: {0x3B4},
	0x1D6C6: {0x3B5},
	0x1D6C7: {0x3B6},
	0x1D6C8: {0x3B7},
	0x1D6C9: {0x3B8},
	0x1D6CA: {0x3B9},
	0x1D6CB: {0x3BA},
	0x1D6CC: {0x3BB},
	0x1D6CD: {0x3BC},
	0x1D6CE: {0x3BD},
	0x1D6CF: {0x3BE},
	0x1D6D0: {0x3BF},
	0x1D6D1: {0x3C0},
	0x1D6D2: {0x3C1},
	0x1D6D3: {0x3C2},
	0x1D6D4: {0x3C3},
	0x1D6D5: {0x3C4},
	0x1D6D6: {0x3C5},
	0x1D6D7: {0x3C6},
	0x1D6D8: {0x3C7},
	0x1D6D9: {0x3C8},
	0x1D6DA: {0x3C9},
	0x1D6DB: {0x2202},
	0x1D6DC: {0x3B5},
	0x1D6DD: {0x3B8},
	0x1D6DE: {0x3BA},
	0x1D6DF: {0x3C6},
	0x1D6E0: {0x3C1},
	0x1D6E1: {0x3C0},
	0x1D6E2: {0x391},
	0x1D6E3: {0x392},
	0x1D6E4: {0x393},
	0x1D6E5: {0x394},
	0x1D6E6: {0x395},
	0x1D6E7: {0x396},
	0x1D6E8: {0x397},
	0x1D6E9: {0x398},
	0x1D6EA: {0x399},
	0x1D6EB: {0x39A},
	0x1D6EC: {0x39B},
	0x1D6ED: {0x39C},
	0x1D6EE: {0x39D},
	0x1D6EF: {0x39E},
	0x1D6F0: {0x39F},
	0x1D6F1: {0x3A0},
	0x1D6F2: {0x3A1},
	0x1D6F3: {0x398},
	0x1D6F4: {0x3A3},
	0x1D6F5: {0x3A4},
	0x1D6F6: {0x3A5},
	0x1D6F7: {0x3A6},
	0x1D6F8: {0x3A7},
	0x1D6F9: {0x3A8},
	0x1D6FA: {0x3A9},
	0x1D6FB: {0x2207},
	0x1D6FC: {0x3B1},
	0x1D6FD: {0x3B2},
	0x1D6FE: {0x3B3},
	0x1D6FF: {0x3B4},
	0x1D700: {0x3B5},
	0x1D701: {0x3B6},
	0x1D702: {0x3B7},
	0x1D703: {0x3B8},
	0x1D704: {0x3B9},
	0x1D705: {0x3BA},
	0x1D706: {0x3BB},
	0x1D707: {0x3BC},
	0x1D708: {0x3BD},
	0x1D709: {0x3BE},
	0x1D70A: {0x3BF},
	0x1D70B: {0x3C0},
	0x1D70C: {0x3C1},
	0x1D70D: {0x3C2},
	0x1D70E: {0x3C3},
	0x1D70F: {0x3C4},
	0x1D710: {0x3C5},
	0x1D711: {0x3C6},
	0x1D712: {0x3C7},
	0x1D713: {0x3C8},
	0x1D714: {0x3C9},
	0x1D715: {0x2202},
	0x1D716: {0x3B5},
	0x1D717: {0x3B8},
	0x1D718: {0x3BA},
	0x1D719: {0x3C6},
	0x1D71A: {0x3C1},
	0x1D71B: {0x3C0},
	0x1D71C: {0x391},
	0x1D71D: {0x392},
	0x1D71E: {0x393},
	0x1D71F: {0x394},
	0x1D720: {0x395},
	0x1D721: {0x396},
	0x1D722: {0x397},
	0x1D723: {0x398},
	0x1D724: {0x399},
	0x1D725: {0x39A},
	0x1D726: {0x39B},
	0x1D727: {0x39C},
	0x1D728: {0x39D},
	0x1D729: {0x39E},
	0x1D72A: {0x39F},
	0x1D72B: {0x3A0},
	0x1D72C: {0x3A1},
	0x1D72D: {0x398},
	0x1D72E: {0x3A3},
	0x1D72F: {0x3A4},
	0x1D730: {0x3A5},
	0x1D731: {0x3A6},
	0x1D732: {0x3A7},
	0x1D733: {0x3A8},
	0x1D734: {0x3A9},
	0x1D735: {0x2207},
	0x1D736: {0x3B1},
	0x1D737: {0x3B2},
	0x1D738: {0x3B3},
	0x1D739: {0x3B4},
	0x1D73A: {0x3B5},
	0x1D73B: {0x3B6},
	0x1D73C: {0x3B7},
	0x1D73D: {0x3B8},
	0x1D73E: {0x3B9},
	0x1D73F: {0x3BA},
	0x1D740: {0x3BB},
	0x1D741: {0x3BC},
	0x1D742: {0x3BD},
	0x1D743: {0x3BE},
	0x1D744: {0x3BF},
	0x1D745: {0x3C0},
	0x1D746: {0x3C1},
	0x1D747: {0x3C2},
	0x1D748: {0x3C3},
	0x1D749: {0x3C4},
	0x1D74A: {0x3C5},
	0x1D74B: {0x3C6},
	0x1D74C: {0x3C7},
	0x1D74D: {0x3C8},
	0x1D74E: {0x3C9},
	0x1D74F: {0x2202},
	0x1D750: {0x3B5},
	0x1D751: {0x3B8},
	0x1D752: {0x3BA},
	0x1D753: {0x3C6},
	0x1D754: {0x3C1},
	0x1D755: {0x3C0},
	0x1D756: {0x391},
	0x1D757: {0x392},
	0x1D758: {0x393},
	0x1D759: {0x394},
	0x1D75A: {0x395},
	0x1D75B: {0x396},
	0x1D75C: {0x397},
	0x1D75D: {0x398},
	0x1D75E: {0x399},
	0x1D75F: {0x39A},
	0x1D760: {0x39B},
	0x1D761: {0x39C},
	0x1D762: {0x39D},
	0x1D763: {0x39E},
	0x1D764: {0x39F},
	0x1D765: {0x3A0},
	0x1D766: {0x3A1},
	0x1D767: {0x398},
	0x1D768: {0x3A3},
	0x1D769: {0x3A4},
	0x1D76A: {0x3A5},
	0x1D76B: {0x3A6},
	0x1D76C: {0x3A7},
	0x1D76D: {0x3A8},
	0x1D76E: {0x3A9},
	0x1D76F: {0x2207},
	0x1D770: {0x3B1},
	0x1D771: {0x3B2},
	0x1D772: {0x3B3},
	0x1D773: {0x3B4},
	0x1D774: {0x3B5},
	0x1D775: {0x3B6},
	0x1D776: {0x3B7},
	0x1D777: {0x3B8},
	0x1D778: {0x3B9},
	0x1D779: {0x3BA},
	0x1D77A: {0x3BB},
	0x1D77B: {0x3BC},
	0x1D77C: {0x3BD},
	0x1D77D: {0x3BE},
	0x1D77E: {0x3BF},
	0x1D77F: {0x3C0},
	0x1D780: {0x3C1},
	0x1D781: {0x3C2},
	0x1D782: {0x3C3},
	0x1D783: {0x3C4},
	0x1D784: {0x3C5},
	0x1D785: {0x3C6},
	0x1D786: {0x3C7},
	0x1D787: {0x3C8},
	0x1D788: {0x3C9},
	0x1D789: {0x2202},
	0x1D78A: {0x3B5},
	0x1D78B: {0x3B8},
	0x1D78C: {0x3BA},
	0x1D78D: {0x3C6},
	0x1D78E: {0x3C1},
	0x1D78F: {0x3C0},
	0x1D790: {0x391},
	0x1D791: {0x392},
	0x1D792: {0x393},
	0x1D793: {0x394},
	0x1D794: {0x395},
	0x1D795: {0x396},
	0x1D796: {0x397},
	0x1D797: {0x398},
	0x1D798: {0x399},
	0x1D799: {0x39A},
	0x1D79A: {0x39B},
	0x1D79B: {0x39C},
	0x1D79C: {0x39D},
	0x1D79D: {0x39E},
	0x1D79E: {0x39F},
	0x1D79F: {0x3A0},
	0x1D7A0: {0x3A1},
	0x1D7A1: {0x398},
	0x1D7A2: {0x3A3},
	0x1D7A3: {0x3A4},
	0x1D7A4: {0x3A5},
	0x1D7A5: {0x3A6},
	0x1D7A6: {0x3A7},
	0x1D7A7: {0x3A8},
	0x1D7A8: {0x3A9},
	0x1D7A9: {0x2207},
	0x1D7AA: {0x3B1},
	0x1D7AB: {0x3B2},
	0x1D7AC: {0x3B3},
	0x1D7AD: {0x3B4},
	0x1D7AE: {0x3B5},
	0x1D7AF: {0x3B6},
	0x1D7B0: {0x3B7},
	0x1D7B1: {0x3B8},
	0x1D7B2: {0x3B9},
	0x1D7B3: {0x3BA},
	0x1D7B4: {0x3BB},
	0x1D7B5: {0x3BC},
	0x1D7B6: {0x3BD},
	0x1D7B7: {0x3BE},
	0x1D7B8: {0x3BF},
	0x1D7B9: {0x3C0},
	0x1D7BA: {0x3C1},
	0x1D7BB: {0x3C2},
	0x1D7BC: {0x3C3},
	0x1D7BD: {0x3C4},
	0x1D7BE: {0x3C5},
	0x1D7BF: {0x3C6},
	0x1D7C0: {0x3C7},
	0x1D7C1: {0x3C8},
	0x1D7C2: {0x3C9},
	0x1D7C3: {0x2202},
	0x1D7C4: {0x3B5},
	0x1D7C5: {0x3B8},
	0x1D7C6: {0x3BA},
	0x1D7C7: {0x3C6},
	0x1D7C8: {0x3C1},
	0x1D7C9: {0x3C0},
	0x1D7CA: {0x3DC},
	0x1D7CB: {0x3DD},
	0x1D7CE: {0x30},
	0x1D7CF: {0x31},
	0x1D7D0: {0x32},
	0x1D7D1: {0x33},
	0x1D7D2: {0x34},
	0x1D7D3: {0x35},
	0x1D7D4: {0x36},
	0x1D7D5: {0x37},
	0x1D7D6: {0x38},
	0x1D7D7: {0x39},
	0x1D7D8: {0x30},
	0x1D7D9: {0x31},
	0x1D7DA: {0x32},
	0x1D7DB: {0x33},
	0x1D7DC: {0x34},
	0x1D7DD: {0x35},
	0x1D7DE: {0x36},
	0x1D7DF: {0x37},
	0x1D7E0: {0x38},
	0x1D7E1: {0x39},
	0x1D7E2: {0x30},
	0x1D7E3: {0x31},
	0x1D7E4: {0x32},
	0x1D7E5: {0x33},
	0x1D7E6: {0x34},
	0x1D7E7: {0x35},
	0x1D7E8: {0x36},
	0x1D7E9: {0x37},
	0x1D7EA: {0x38},
	0x1D7EB: {0x39},
	0x1D7EC: {0x30},
	0x1D7ED: {0x31},
	0x1D7EE: {0x32},
	0x1D7EF: {0x33},
	0x1D7F0: {0x34},
	0x1D7F1: {0x35},
	0x1D7F2: {0x36},
	0x1D7F3: {0x37},
	0x1D7F4: {0x38},
	0x1D7F5: {0x39},
	0x1D7F6: {0x30},
	0x1D7F7: {0x31},
	0x1D7F8: {0x32},
	0x1D7F9: {0x33},
	0x1D7FA: {0x34},
	0x1D7FB: {0x35},
	0x1D7FC: {0x36},
	0x1D7FD: {0x37},
	0x1D7FE: {0x38},
	0x1D7FF: {0x39},
	0x1E030: {0x430},
	0x1E031: {0x431},
	0x1E032: {0x432},
	0x1E033: {0x433},
	0x1E034: {0x434},
	0x1E035: {0x435},
	0x1E036: {0x436},
	0x1E037: {0x437},
	0x1E038: {0x438},
	0x1E039: {0x43A},
	0x1E03A: {0x43B},
	0x1E03B: {0x43C},
	0x1E03C: {0x43E},
	0x1E03D: {0x43F},
	0x1E03E: {0x440},
	0x1E03F: {0x441},
	0x1E040: {0x442},
	0x1E041: {0x443},
	0x1E042: {0x444},
	0x1E043: {0x445},
	0x1E044: {0x446},
	0x1E045: {0x447},
	0x1E046: {0x448},
	0x1E047: {0x44B},
	0x1E048: {0x44D},
	0x1E049: {0x44E},
	0x1E04A: {0xA689},
	0x1E04B: {0x4D9},
	0x1E04C: {0x456},
	0x1E04D: {0x458},
	0x1E04E: {0x4E9},
	0x1E04F: {0x4AF},
	0x1E050: {0x4CF},
	0x1E051: {0x430},
	0x1E052: {0x431},
	0x1E053: {0x432},
	0x1E054: {0x433},
	0x1E055: {0x434},
	0x1E056: {0x435},
	0x1E057: {0x436},
	0x1E058: {0x437},
	0x1E059: {0x438},
	0x1E05A: {0x43A},
	0x1E05B: {0x43B},
	0x1E05C: {0x43E},
	0x1E05D: {0x43F},
	0x1E05E: {0x441},
	0x1E05F: {0x443},
	0x1E060: {0x444},
	0x1E061: {0x445},
	0x1E062: {0x446},
	0x1E063: {0x447},
	0x1E064: {0x448},
	0x1E065: {0x44A},
	0x1E066: {0x44B},
	0x1E067: {0x491},
	0x1E068: {0x456},
	0x1E069: {0x455},
	0x1E06A: {0x45F},
	0x1E06B: {0x4AB},
	0x1E06C: {0xA651},
	0x1E06D: {0x4B1},
	0x1EE00: {0x627},
	0x1EE01: {0x628},
	0x1EE02: {0x62C},
	0x1EE03: {0x62F},
	0x1EE05: {0x648},
	0x1EE06: {0x632},
	0x1EE07: {0x62D},
	0x1EE08: {0x637},
	0x1EE09: {0x64A},
	0x1EE0A: {0x643},
	0x1EE0B: {0x644},
	0x1EE0C: {0x645},
	0x1EE0D: {0x646},
	0x1EE0E: {0x633},
	0x1EE0F: {0x639},
	0x1EE10: {0x641},
	0x1EE11: {0x635},
	0x1EE12: {0x642},
	0x1EE13: {0x631},
	0x1EE14: {0x634},
	0x1EE15: {0x62A},
	0x1EE16: {0x62B},
	0x1EE17: {0x62E},
	0x1EE18: {0x630},
	0x1EE19: {0x636},
	0x1EE1A: {0x638},
	0x1EE1B: {0x63A},
	0x1EE1C: {0x66E},
	0x1EE1D: {0x6BA},
	0x1EE1E: {0x6A1},
	0x1EE1F: {0x66F},
	0x1EE21: {0x628},
	0x1EE22: {0x62C},
	0x1EE24: {0x647},
	0x1EE27: {0x62D},
	0x1EE29: {0x64A},
	0x1EE2A: {0x643},
	0x1EE2B: {0x644},
	0x1EE2C: {0x645},
	0x1EE2D: {0x646},
	0x1EE2E: {0x633},
	0x1EE2F: {0x639},
	0x1EE30: {0x641},
	0x1EE31: {0x635},
	0x1EE32: {0x642},
	0x1EE34: {0x634},
	0x1EE35: {0x62A},
	0x1EE36: {0x62B},
	0x1EE37: {0x62E},
	0x1EE39: {0x636},
	0x1EE3B: {0x63A},
	0x1EE42: {0x62C},
	0x1EE47: {0x62D},
	0x1EE49: {0x64A},
	0x1EE4B: {0x644},
	0x1EE4D: {0x646},
	0x1EE4E: {0x633},
	0x1EE4F: {0x639},
	0x1EE51: {0x635},
	0x1EE52: {0x642},
	0x1EE54: {0x634},
	0x1EE57: {0x62E},
	0x1EE59: {0x636},
	0x1EE5B: {0x63A},
	0x1EE5D: {0x6BA},
	0x1EE5F: {0x66F},
	0x1EE61: {0x628},
	0x1EE62: {0x62C},
	0x1EE64: {0x647},
	0x1EE67: {0x62D},
	0x1EE68: {0x637},
	0x1EE69: {0x64A},
	0x1EE6A: {0x643},
	0x1EE6C: {0x645},
	0x1EE6D: {0x646},
	0x1EE6E: {0x633},
	0x1EE6F: {0x639},
	0x1EE70: {0x641},
	0x1EE71: {0x635},
	0x1EE72: {0x642},
	0x1EE74: {0x634},
	0x1EE75: {0x62A},
	0x1EE76: {0x62B},
	0x1EE77: {0x62E},
	0x1EE79: {0x636},
	0x1EE7A: {0x638},
	0x1EE7B: {0x63A},
	0x1EE7C: {0x66E},
	0x1EE7E: {0x6A1},
	0x1EE80: {0x627},
	0x1EE81: {0x628},
	0x1EE82: {0x62C},
	0x1EE83: {0x62F},
	0x1EE84: {0x647},
	0x1EE85: {0x648},
	0x1EE86: {0x632},
	0x1EE87: {0x62D},
	0x1EE88: {0x637},
	0x1EE89: {0x64A},
	0x1EE8B: {0x644},
	0x1EE8C: {0x645},
	0x1EE8D: {0x646},
	0x1EE8E: {0x633},
	0x1EE8F: {0x639},
	0x1EE90: {0x641},
	0x1EE91: {0x635},
	0x1EE92: {0x642},
	0x1EE93: {0x631},
	0x1EE94: {0x634},
	0x1EE95: {0x62A},
	0x1EE96: {0x62B},
	0x1EE97: {0x62E},
	0x1EE98: {0x630},
	0x1EE99: {0x636},
	0x1EE9A: {0x638},
	0x1EE9B: {0x63A},
	0x1EEA1: {0x628},
	0x1EEA2: {0x62C},
	0x1EEA3: {0x62F},
	0x1EEA5: {0x648},
	0x1EEA6: {0x632},
	0x1EEA7: {0x62D},
	0x1EEA8: {0x637},
	0x1EEA9: {0x64A},
	0x1EEAB: {0x644},
	0x1EEAC: {0x645},
	0x1EEAD: {0x646},
	0x1EEAE: {0x633},
	0x1EEAF: {0x639},
	0x1EEB0: {0x641},
	0x1EEB1: {0x635},
	0x1EEB2: {0x642},
	0x1EEB3: {0x631},
	0x1EEB4: {0x634},
	0x1EEB5: {0x62A},
	0x1EEB6: {0x62B},
	0x1EEB7: {0x62E},
	0x1EEB8: {0x630},
	0x1EEB9: {0x636},
	0x1EEBA: {0x638},
	0x1EEBB: {0x63A},
	0x1F100: {0x30, 0x2E},
	0x1F101: {0x30, 0x2C},
	0x1F102: {0x31, 0x2C},
	0x1F103: {0x32, 0x2C},
	0x1F104: {0x33, 0x2C},
	0x1F105: {0x34, 0x2C},
	0x1F106: {0x35, 0x2C},
	0x1F107: {0x36, 0x2C},
	0x1F108: {0x37, 0x2C},
	0x1F109: {0x38, 0x2C},
	0x1F10A: {0x39, 0x2C},
	0x1F110: {0x28, 0x41, 0x29},
	0x1F111: {0x28, 0x42, 0x29},
	0x1F112: {0x28, 0x43, 0x29},
	0x1F113: {0x28, 0x44, 0x29},
	0x1F114: {0x28, 0x45, 0x29},
	0x1F115: {0x28, 0x46, 0x29},
	0x1F116: {0x28, 0x47, 0x29},
	0x1F117: {0x28, 0x48, 0x29},
	0x1F118: {0x28, 0x49, 0x29},
	0x1F119: {0x28, 0x4A, 0x29},
	0x1F11A: {0x28, 0x4B, 0x29},
	0x1F11B: {0x28, 0x4C, 0x29},
	0x1F11C: {0x28, 0x4D, 0x29},
	0x1F11D: {0x28, 0x4E, 0x29},
	0x1F11E: {0x28, 0x4F, 0x29},
	0x1F11F: {0x28, 0x50, 0x29},
	0x1F120: {0x28, 0x51, 0x29},
	0x1F121: {0x28, 0x52, 0x29},
	0x1F122: {0x28, 0x53, 0x29},
	0x1F123: {0x28, 0x54, 0x29},
	0x1F124: {0x28, 0x55, 0x29},
	0x1F125: {0x28, 0x56, 0x29},
	0x1F126: {0x28, 0x57, 0x29},
	0x1F127: {0x28, 0x58, 0x29},
	0x1F128: {0x28, 0x59, 0x29},
	0x1F129: {0x28, 0x5A, 0x29},
	0x1F12A: {0x3014, 0x53, 0x3015},
	0x1F12B: {0x43},
	0x1F12C: {0x52},
	0x1F12D: {0x43, 0x44},
	0x1F12E: {0x57, 0x5A},
	0x1F130: {0x41},
	0x1F131: {0x42},
	0x1F132: {0x43},
	0x1F133: {0x44},
	0x1F134: {0x45},
	0x1F135: {0x46},
	0x1F136: {0x47},
	0x1F137: {0x48},
	0x1F138: {0x49},
	0x1F139: {0x4A},
	0x1F13A: {0x4B},
	0x1F13B: {0x4C},
	0x1F13C: {0x4D},
	0x1F13D: {0x4E},
	0x1F13E: {0x4F},
	0x1F13F: {0x50},
	0x1F140: {0x51},
	0x1F141: {0x52},
	0x1F142: {0x53},
	0x1F143: {0x54},
	0x1F144: {0x55},
	0x1F145: {0x56},
	0x1F146: {0x57},
	0x1F147: {0x58},
	0x1F148: {0x59},
	0x1F149: {0x5A},
	0x1F14A: {0x48, 0x56},
	0x1F14B: {0x4D, 0x56},
	0x1F14C: {0x53, 0x44},
	0x1F14D: {0x53, 0x53},
	0x1F14E: {0x50, 0x50, 0x56},
	0x1F14F: {0x57, 0x43},
	0x1F16A: {0x4D, 0x43},
	0x1F16B: {0x4D, 0x44},
	0x1F16C: {0x4D, 0x52},
	0x1F190: {0x44, 0x4A},
	0x1F200: {0x307B, 0x304B},
	0x1F201: {0x30B3, 0x30B3},
	0x1F202: {0x30B5},
	0x1F210: {0x624B},
	0x1F211: {0x5B57},
	0x1F212: {0x53CC},
	0x1F213: {0x30C6, 0x3099},
	0x1F214: {0x4E8C},
	0x1F215: {0x591A},
	0x1F216: {0x89E3},
	0x1F217: {0x5929},
	0x1F218: {0x4EA4},
	0x1F219: {0x6620},
	0x1F21A: {0x7121},
	0x1F21B: {0x6599},
	0x1F21C: {0x524D},
	0x1F21D: {0x5F8C},
	0x1F21E: {0x518D},
	0x1F21F: {0x65B0},
	0x1F220: {0x521D},
	0x1F221: {0x7D42},
	0x1F222: {0x751F},
	0x1F223: {0x8CA9},
	0x1F224: {0x58F0},
	0x1F225: {0x5439},
	0x1F226: {0x6F14},
	0x1F227: {0x6295},
	0x1F228: {0x6355},
	0x1F229: {0x4E00},
	0x1F22A: {0x4E09},
	0x1F22B: {0x904A},
	0x1F22C: {0x5DE6},
	0x1F22D: {0x4E2D},
	0x1F22E: {0x53F3},
	0x1F22F: {0x6307},
	0x1F230: {0x8D70},
	0x1F231: {0x6253},
	0x1F232: {0x7981},
	0x1F233: {0x7A7A},
	0x1F234: {0x5408},
	0x1F235: {0x6E80},
	0x1F236: {0x6709},
	0x1F237: {0x6708},
	0x1F238: {0x7533},
	0x1F239: {0x5272},
	0x1F23A: {0x55B6},
	0x1F23B: {0x914D},
	0x1F240: {0x3014, 0x672C, 0x3015},
	0x1F241: {0x3014, 0x4E09, 0x3015},
	0x1F242: {0x3014, 0x4E8C, 0x3015},
	0x1F243: {0x3014, 0x5B89, 0x3015},
	0x1F244: {0x3014, 0x70B9, 0x3015},
	0x1F245: {0x3014, 0x6253, 0x3015},
	0x1F246: {0x3014, 0x76D7, 0x3015},
	0x1F247: {0x3014, 0x52DD, 0x3015},
	0x1F248: {0x3014, 0x6557, 0x3015},
	0x1F250: {0x5F97},
	0x1F251: {0x53EF},
	0x1FBF0: {0x30},
	0x1FBF1: {0x31},
	0x1FBF2: {0x32},
	0x1FBF3: {0x33},
	0x1FBF4: {0x34},
	0x1FBF5: {0x35},
	0x1FBF6: {0x36},
	0x1FBF7: {0x37},
	0x1FBF8: {0x38},
	0x1FBF9: {0x39},
	0x2F800: {0x4E3D},
	0x2F801: {0x4E38},
	0x2F802: {0x4E41},
	0x2F803: {0x20122},
	0x2F804: {0x4F60},
	0x2F805: {0x4FAE},
	0x2F806: {0x4FBB},
	0x2F807: {0x5002},
	0x2F808: {0x507A},
	0x2F809: {0x5099},
	0x2F80A: {0x50E7},
	0x2F80B: {0x50CF},
	0x2F80C: {0x349E},
	0x2F80D: {0x2063A},
	0x2F80E: {0x514D},
	0x2F80F: {0x5154},
	0x2F810: {0x5164},
	0x2F811: {0x5177},
	0x2F812: {0x2051C},
	0x2F813: {0x34B9},
	0x2F814: {0x5167},
	0x2F815: {0x518D},
	0x2F816: {0x2054B},
	0x2F817: {0x5197},
	0x2F818: {0x51A4},
	0x2F819: {0x4ECC},
	0x2F81A: {0x51AC},
	0x2F81B: {0x51B5},
	0x2F81C: {0x291DF},
	0x2F81D: {0x51F5},
	0x2F81E: {0x5203},
	0x2F81F: {0x34DF},
	0x2F820: {0x523B},
	0x2F821: {0x5246},
	0x2F822: {0x5272},
	0x2F823: {0x5277},
	0x2F824: {0x3515},
	0x2F825: {0x52C7},
	0x2F826: {0x52C9},
	0x2F827: {0x52E4},
	0x2F828: {0x52FA},
	0x2F829: {0x5305},
	0x2F82A: {0x5306},
	0x2F82B: {0x5317},
	0x2F82C: {0x5349},
	0x2F82D: {0x5351},
	0x2F82E: {0x535A},
	0x2F82F: {0x5373},
	0x2F830: {0x537D},
	0x2F831: {0x537F},
	0x2F832: {0x537F},
	0x2F833: {0x537F},
	0x2F834: {0x20A2C},
	0x2F835: {0x7070},
	0x2F836: {0x53CA},
	0x2F837: {0x53DF},
	0x2F838: {0x20B63},
	0x2F839: {0x53EB},
	0x2F83A: {0x53F1},
	0x2F83B: {0x5406},
	0x2F83C: {0x549E},
	0x2F83D: {0x5438},
	0x2F83E: {0x5448},
	0x2F83F: {0x5468},
	0x2F840: {0x54A2},
	0x2F841: {0x54F6},
	0x2F842: {0x5510},
	0x2F843: {0x5553},
	0x2F844: {0x5563},
	0x2F845: {0x5584},
	0x2F846: {0x5584},
	0x2F847: {0x5599},
	0x2F848: {0x55AB},
	0x2F849: {0x55B3},
	0x2F84A: {0x55C2},
	0x2F84B: {0x5716},
	0x2F84C: {0x5606},
	0x2F84D: {0x5717},
	0x2F84E: {0x5651},
	0x2F84F: {0x5674},
	0x2F850: {0x5207},
	0x2F851: {0x58EE},
	0x2F852: {0x57CE},
	0x2F853: {0x57F4},
	0x2F854: {0x580D},
	0x2F855: {0x578B},
	0x2F856: {0x5832},
	0x2F857: {0x5831},
	0x2F858: {0x58AC},
	0x2F859: {0x214E4},
	0x2F85A: {0x58F2},
	0x2F85B: {0x58F7},
	0x2F85C: {0x5906},
	0x2F85D: {0x591A},
	0x2F85E: {0x5922},
	0x2F85F: {0x5962},
	0x2F860: {0x216A8},
	0x2F861: {0x216EA},
	0x2F862: {0x59EC},
	0x2F863: {0x5A1B},
	0x2F864: {0x5A27},
	0x2F865: {0x59D8},
	0x2F866: {0x5A66},
	0x2F867: {0x36EE},
	0x2F868: {0x36FC},
	0x2F869: {0x5B08},
	0x2F86A: {0x5B3E},
	0x2F86B: {0x5B3E},
	0x2F86C: {0x219C8},
	0x2F86D: {0x5BC3},
	0x2F86E: {0x5BD8},
	0x2F86F: {0x5BE7},
	0x2F870: {0x5BF3},
	0x2F871: {0x21B18},
	0x2F872: {0x5BFF},
	0x2F873: {0x5C06},
	0x2F874: {0x5F53},
	0x2F875: {0x5C22},
	0x2F876: {0x3781},
	0x2F877: {0x5C60},
	0x2F878: {0x5C6E},
	0x2F879: {0x5CC0},
	0x2F87A: {0x5C8D},
	0x2F87B: {0x21DE4},
	0x2F87C: {0x5D43},
	0x2F87D: {0x21DE6},
	0x2F87E: {0x5D6E},
	0x2F87F: {0x5D6B},
	0x2F880: {0x5D7C},
	0x2F881: {0x5DE1},
	0x2F882: {0x5DE2},
	0x2F883: {0x382F},
	0x2F884: {0x5DFD},
	0x2F885: {0x5E28},
	0x2F886: {0x5E3D},
	0x2F887: {0x5E69},
	0x2F888: {0x3862},
	0x2F889: {0x22183},
	0x2F88A: {0x387C},
	0x2F88B: {0x5EB0},
	0x2F88C: {0x5EB3},
	0x2F88D: {0x5EB6},
	0x2F88E: {0x5ECA},
	0x2F88F: {0x2A392},
	0x2F890: {0x5EFE},
	0x2F891: {0x22331},
	0x2F892: {0x22331},
	0x2F893: {0x8201},
	0x2F894: {0x5F22},
	0x2F895: {0x5F22},
	0x2F896: {0x38C7},
	0x2F897: {0x232B8},
	0x2F898: {0x261DA},
	0x2F899: {0x5F62},
	0x2F89A: {0x5F6B},
	0x2F89B: {0x38E3},
	0x2F89C: {0x5F9A},
	0x2F89D: {0x5FCD},
	0x2F89E: {0x5FD7},
	0x2F89F: {0x5FF9},
	0x2F8A0: {0x6081},
	0x2F8A1: {0x393A},
	0x2F8A2: {0x391C},
	0x2F8A3: {0x6094},
	0x2F8A4: {0x226D4},
	0x2F8A5: {0x60C7},
	0x2F8A6: {0x6148},
	0x2F8A7: {0x614C},
	0x2F8A8: {0x614E},
	0x2F8A9: {0x614C},
	0x2F8AA: {0x617A},
	0x2F8AB: {0x618E},
	0x2F8AC: {0x61B2},
	0x2F8AD: {0x61A4},
	0x2F8AE: {0x61AF},
	0x2F8AF: {0x61DE},
	0x2F8B0: {0x61F2},
	0x2F8B1: {0x61F6},
	0x2F8B2: {0x6210},
	0x2F8B3: {0x621B},
	0x2F8B4: {0x625D},
	0x2F8B5: {0x62B1},
	0x2F8B6: {0x62D4},
	0x2F8B7: {0x6350},
	0x2F8B8: {0x22B0C},
	0x2F8B9: {0x633D},
	0x2F8BA: {0x62FC},
	0x2F8BB: {0x6368},
	0x2F8BC: {0x6383},
	0x2F8BD: {0x63E4},
	0x2F8BE: {0x22BF1},
	0x2F8BF: {0x6422},
	0x2F8C0: {0x63C5},
	0x2F8C1: {0x63A9},
	0x2F8C2: {0x3A2E},
	0x2F8C3: {0x6469},
	0x2F8C4: {0x647E},
	0x2F8C5: {0x649D},
	0x2F8C6: {0x6477},
	0x2F8C7: {0x3A6C},
	0x2F8C8: {0x654F},
	0x2F8C9: {0x656C},
	0x2F8CA: {0x2300A},
	0x2F8CB: {0x65E3},
	0x2F8CC: {0x66F8},
	0x2F8CD: {0x6649},
	0x2F8CE: {0x3B19},
	0x2F8CF: {0x6691},
	0x2F8D0: {0x3B08},
	0x2F8D1: {0x3AE4},
	0x2F8D2: {0x5192},
	0x2F8D3: {0x5195},
	0x2F8D4: {0x6700},
	0x2F8D5: {0x669C},
	0x2F8D6: {0x80AD},
	0x2F8D7: {0x43D9},
	0x2F8D8: {0x6717},
	0x2F8D9: {0x671B},
	0x2F8DA: {0x6721},
	0x2F8DB: {0x675E},
	0x2F8DC: {0x6753},
	0x2F8DD: {0x233C3},
	0x2F8DE: {0x3B49},
	0x2F8DF: {0x67FA},
	0x2F8E0: {0x6785},
	0x2F8E1: {0x6852},
	0x2F8E2: {0x6885},
	0x2F8E3: {0x2346D},
	0x2F8E4: {0x688E},
	0x2F8E5: {0x681F},
	0x2F8E6: {0x6914},
	0x2F8E7: {0x3B9D},
	0x2F8E8: {0x6942},
	0x2F8E9: {0x69A3},
	0x2F8EA: {0x69EA},
	0x2F8EB: {0x6AA8},
	0x2F8EC: {0x236A3},
	0x2F8ED: {0x6ADB},
	0x2F8EE: {0x3C18},
	0x2F8EF: {0x6B21},
	0x2F8F0: {0x238A7},
	0x2F8F1: {0x6B54},
	0x2F8F2: {0x3C4E},
	0x2F8F3: {0x6B72},
	0x2F8F4: {0x6B9F},
	0x2F8F5: {0x6BBA},
	0x2F8F6: {0x6BBB},
	0x2F8F7: {0x23A8D},
	0x2F8F8: {0x21D0B},
	0x2F8F9: {0x23AFA},
	0x2F8FA: {0x6C4E},
	0x2F8FB: {0x23CBC},
	0x2F8FC: {0x6CBF},
	0x2F8FD: {0x6CCD},
	0x2F8FE: {0x6C67},
	0x2F8FF: {0x6D16},
	0x2F900: {0x6D3E},
	0x2F901: {0x6D77},
	0x2F902: {0x6D41},
	0x2F903: {0x6D69},
	0x2F904: {0x6D78},
	0x2F905: {0x6D85},
	0x2F906: {0x23D1E},
	0x2F907: {0x6D34},
	0x2F908: {0x6E2F},
	0x2F909: {0x6E6E},
	0x2F90A: {0x3D33},
	0x2F90B: {0x6ECB},
	0x2F90C: {0x6EC7},
	0x2F90D: {0x23ED1},
	0x2F90E: {0x6DF9},
	0x2F90F: {0x6F6E},
	0x2F910: {0x23F5E},
	0x2F911: {0x23F8E},
	0x2F912: {0x6FC6},
	0x2F913: {0x7039},
	0x2F914: {0x701E},
	0x2F915: {0x701B},
	0x2F916: {0x3D96},
	0x2F917: {0x704A},
	0x2F918: {0x707D},
	0x2F919: {0x7077},
	0x2F91A: {0x70AD},
	0x2F91B: {0x20525},
	0x2F91C: {0x7145},
	0x2F91D: {0x24263},
	0x2F91E: {0x719C},
	0x2F91F: {0x243AB},
	0x2F920: {0x7228},
	0x2F921: {0x7235},
	0x2F922: {0x7250},
	0x2F923: {0x24608},
	0x2F924: {0x7280},
	0x2F925: {0x7295},
	0x2F926: {0x24735},
	0x2F927: {0x24814},
	0x2F928: {0x737A},
	0x2F929: {0x738B},
	0x2F92A: {0x3EAC},
	0x2F92B: {0x73A5},
	0x2F92C: {0x3EB8},
	0x2F92D: {0x3EB8},
	0x2F92E: {0x7447},
	0x2F92F: {0x745C},
	0x2F930: {0x7471},
	0x2F931: {0x7485},
	0x2F932: {0x74CA},
	0x2F933: {0x3F1B},
	0x2F934: {0x7524},
	0x2F935: {0x24C36},
	0x2F936: {0x753E},
	0x2F937: {0x24C92},
	0x2F938: {0x7570},
	0x2F939: {0x2219F},
	0x2F93A: {0x7610},
	0x2F93B: {0x24FA1},
	0x2F93C: {0x24FB8},
	0x2F93D: {0x25044},
	0x2F93E: {0x3FFC},
	0x2F93F: {0x4008},
	0x2F940: {0x76F4},
	0x2F941: {0x250F3},
	0x2F942: {0x250F2},
	0x2F943: {0x25119},
	0x2F944: {0x25133},
	0x2F945: {0x771E},
	0x2F946: {0x771F},
	0x2F947: {0x771F},
	0x2F948: {0x774A},
	0x2F949: {0x4039},
	0x2F94A: {0x778B},
	0x2F94B: {0x4046},
	0x2F94C: {0x4096},
	0x2F94D: {0x2541D},
	0x2F94E: {0x784E},
	0x2F94F: {0x788C},
	0x2F950: {0x78CC},
	0x2F951: {0x40E3},
	0x2F952: {0x25626},
	0x2F953: {0x7956},
	0x2F954: {0x2569A},
	0x2F955: {0x256C5},
	0x2F956: {0x798F},
	0x2F957: {0x79EB},
	0x2F958: {0x412F},
	0x2F959: {0x7A40},
	0x2F95A: {0x7A4A},
	0x2F95B: {0x7A4F},
	0x2F95C: {0x2597C},
	0x2F95D: {0x25AA7},
	0x2F95E: {0x25AA7},
	0x2F95F: {0x7AEE},
	0x2F960: {0x4202},
	0x2F961: {0x25BAB},
	0x2F962: {0x7BC6},
	0x2F963: {0x7BC9},
	0x2F964: {0x4227},
	0x2F965: {0x25C80},
	0x2F966: {0x7CD2},
	0x2F967: {0x42A0},
	0x2F968: {0x7CE8},
	0x2F969: {0x7CE3},
	0x2F96A: {0x7D00},
	0x2F96B: {0x25F86},
	0x2F96C: {0x7D63},
	0x2F96D: {0x4301},
	0x2F96E: {0x7DC7},
	0x2F96F: {0x7E02},
	0x2F970: {0x7E45},
	0x2F971: {0x4334},
	0x2F972: {0x26228},
	0x2F973: {0x26247},
	0x2F974: {0x4359},
	0x2F975: {0x262D9},
	0x2F976: {0x7F7A},
	0x2F977: {0x2633E},
	0x2F978: {0x7F95},
	0x2F979: {0x7FFA},
	0x2F97A: {0x8005},
	0x2F97B: {0x264DA},
	0x2F97C: {0x26523},
	0x2F97D: {0x8060},
	0x2F97E: {0x265A8},
	0x2F97F: {0x8070},
	0x2F980: {0x2335F},
	0x2F981: {0x43D5},
	0x2F982: {0x80B2},
	0x2F983: {0x8103},
	0x2F984: {0x440B},
	0x2F985: {0x813E},
	0x2F986: {0x5AB5},
	0x2F987: {0x267A7},
	0x2F988: {0x267B5},
	0x2F989: {0x23393},
	0x2F98A: {0x2339C},
	0x2F98B: {0x8201},
	0x2F98C: {0x8204},
	0x2F98D: {0x8F9E},
	0x2F98E: {0x446B},
	0x2F98F: {0x8291},
	0x2F990: {0x828B},
	0x2F991: {0x829D},
	0x2F992: {0x52B3},
	0x2F993: {0x82B1},
	0x2F994: {0x82B3},
	0x2F995: {0x82BD},
	0x2F996: {0x82E6},
	0x2F997: {0x26B3C},
	0x2F998: {0x82E5},
	0x2F999: {0x831D},
	0x2F99A: {0x8363},
	0x2F99B: {0x83AD},
	0x2F99C: {0x8323},
	0x2F99D: {0x83BD},
	0x2F99E: {0x83E7},
	0x2F99F: {0x8457},
	0x2F9A0: {0x8353},
	0x2F9A1: {0x83CA},
	0x2F9A2: {0x83CC},
	0x2F9A3: {0x83DC},
	0x2F9A4: {0x26C36},
	0x2F9A5: {0x26D6B},
	0x2F9A6: {0x26CD5},
	0x2F9A7: {0x452B},
	0x2F9A8: {0x84F1},
	0x2F9A9: {0x84F3},
	0x2F9AA: {0x8516},
	0x2F9AB: {0x273CA},
	0x2F9AC: {0x8564},
	0x2F9AD: {0x26F2C},
	0x2F9AE: {0x455D},
	0x2F9AF: {0x4561},
	0x2F9B0: {0x26FB1},
	0x2F9B1: {0x270D2},
	0x2F9B2: {0x456B},
	0x2F9B3: {0x8650},
	0x2F9B4: {0x865C},
	0x2F9B5: {0x8667},
	0x2F9B6: {0x8669},
	0x2F9B7: {0x86A9},
	0x2F9B8: {0x8688},
	0x2F9B9: {0x870E},
	0x2F9BA: {0x86E2},
	0x2F9BB: {0x8779},
	0x2F9BC: {0x8728},
	0x2F9BD: {0x876B},
	0x2F9BE: {0x8786},
	0x2F9BF: {0x45D7},
	0x2F9C0: {0x87E1},
	0x2F9C1: {0x8801},
	0x2F9C2: {0x45F9},
	0x2F9C3: {0x8860},
	0x2F9C4: {0x8863},
	0x2F9C5: {0x27667},
	0x2F9C6: {0x88D7},
	0x2F9C7: {0x88DE},
	0x2F9C8: {0x4635},
	0x2F9C9: {0x88FA},
	0x2F9CA: {0x34BB},
	0x2F9CB: {0x278AE},
	0x2F9CC: {0x27966},
	0x2F9CD: {0x46BE},
	0x2F9CE: {0x46C7},
	0x2F9CF: {0x8AA0},
	0x2F9D0: {0x8AED},
	0x2F9D1: {0x8B8A},
	0x2F9D2: {0x8C55},
	0x2F9D3: {0x27CA8},
	0x2F9D4: {0x8CAB},
	0x2F9D5: {0x8CC1},
	0x2F9D6: {0x8D1B},
	0x2F9D7: {0x8D77},
	0x2F9D8: {0x27F2F},
	0x2F9D9: {0x20804},
	0x2F9DA: {0x8DCB},
	0x2F9DB: {0x8DBC},
	0x2F9DC: {0x8DF0},
	0x2F9DD: {0x208DE},
	0x2F9DE: {0x8ED4},
	0x2F9DF: {0x8F38},
	0x2F9E0: {0x285D2},
	0x2F9E1: {0x285ED},
	0x2F9E2: {0x9094},
	0x2F9E3: {0x90F1},
	0x2F9E4: {0x9111},
	0x2F9E5: {0x2872E},
	0x2F9E6: {0x911B},
	0x2F9E7: {0x9238},
	0x2F9E8: {0x92D7},
	0x2F9E9: {0x92D8},
	0x2F9EA: {0x927C},
	0x2F9EB: {0x93F9},
	0x2F9EC: {0x9415},
	0x2F9ED: {0x28BFA},
	0x2F9EE: {0x958B},
	0x2F9EF: {0x4995},
	0x2F9F0: {0x95B7},
	0x2F9F1: {0x28D77},
	0x2F9F2: {0x49E6},
	0x2F9F3: {0x96C3},
	0x2F9F4: {0x5DB2},
	0x2F9F5: {0x9723},
	0x2F9F6: {0x29145},
	0x2F9F7: {0x2921A},
	0x2F9F8: {0x4A6E},
	0x2F9F9: {0x4A76},
	0x2F9FA: {0x97E0},
	0x2F9FB: {0x2940A},
	0x2F9FC: {0x4AB2},
	0x2F9FD: {0x29496},
	0x2F9FE: {0x980B},
	0x2F9FF: {0x980B},
	0x2FA00: {0x9829},
	0x2FA01: {0x295B6},
	0x2FA02: {0x98E2},
	0x2FA03: {0x4B33},
	0x2FA04: {0x9929},
	0x2FA05: {0x99A7},
	0x2FA06: {0x99C2},
	0x2FA07: {0x99FE},
	0x2FA08: {0x4BCE},
	0x2FA09: {0x29B30},
	0x2FA0A: {0x9B12},
	0x2FA0B: {0x9C40},
	0x2FA0C: {0x9CFD},
	0x2FA0D: {0x4CCE},
	0x2FA0E: {0x4CED},
	0x2FA0F: {0x9D67},
	0x2FA10: {0x2A0CE},
	0x2FA11: {0x4CF8},
	0x2FA12: {0x2A105},
	0x2FA13: {0x2A20E},
	0x2FA14: {0x2A291},
	0x2FA15: {0x9EBB},
	0x2FA16: {0x4D56},
	0x2FA17: {0x9EF9},
	0x2FA18: {0x9EFE},
	0x2FA19: {0x9F05},
	0x2FA1A: {0x9F0F},
	0x2FA1B: {0x9F16},
	0x2FA1C: {0x9F3B},
	0x2FA1D: {0x2A600},
}

var ucdCombiningClass = map[rune]uint8{
	0x300:   230,
	0x301:   230,
	0x302:   230,
	0x303:   230,
	0x304:   230,
	0x305:   230,
	0x306:   230,
	0x307:   230,
	0x308:   230,
	0x309:   230,
	0x30A:   230,
	0x30B:   230,
	0x30C:   230,
	0x30D:   230,
	0x30E:   230,
	0x30F:   230,
	0x310:   230,
	0x311:   230,
	0x312:   230,
	0x313:   230,
	0x314:   230,
	0x315:   232,
	0x316:   220,
	0x317:   220,
	0x318:   220,
	0x319:   220,
	0x31A:   232,
	0x31B:   216,
	0x31C:   220,
	0x31D:   220,
	0x31E:   220,
	0x31F:   220,
	0x320:   220,
	0x321:   202,
	0x322:   202,
	0x323:   220,
	0x324:   220,
	0x325:   220,
	0x326:   220,
	0x327:   202,
	0x328:   202,
	0x329:   220,
	0x32A:   220,
	0x32B:   220,
	0x32C:   220,
	0x32D:   220,
	0x32E:   220,
	0x32F:   220,
	0x330:   220,
	0x331:   220,
	0x332:   220,
	0x333:   220,
	0x334:   1,
	0x335:   1,
	0x336:   1,
	0x337:   1,
	0x338:   1,
	0x339:   220,
	0x33A:   220,
	0x33B:   220,
	0x33C:   220,
	0x33D:   230,
	0x33E:   230,
	0x33F:   230,
	0x340:   230,
	0x341:   230,
	0x342:   230,
	0x343:   230,
	0x344:   230,
	0x345:   240,
	0x346:   230,
	0x347:   220,
	0x348:   220,
	0x349:   220,
	0x34A:   230,
	0x34B:   230,
	0x34C:   230,
	0x34D:   220,
	0x34E:   220,
	0x350:   230,
	0x351:   230,
	0x352:   230,
	0x353:   220,
	0x354:   220,
	0x355:   220,
	0x356:   220,
	0x357:   230,
	0x358:   232,
	0x359:   220,
	0x35A:   220,
	0x35B:   230,
	0x35C:   233,
	0x35D:   234,
	0x35E:   234,
	0x35F:   233,
	0x360:   234,
	0x361:   234,
	0x362:   233,
	0x363:   230,
	0x364:   230,
	0x365:   230,
	0x366:   230,
	0x367:   230,
	0x368:   230,
	0x369:   230,
	0x36A:   230,
	0x36B:   230,
	0x36C:   230,
	0x36D:   230,
	0x36E:   230,
	0x36F:   230,
	0x483:   230,
	0x484:   230,
	0x485:   230,
	0x486:   230,
	0x487:   230,
	0x591:   220,
	0x592:   230,
	0x593:   230,
	0x594:   230,
	0x595:   230,
	0x596:   220,
	0x597:   230,
	0x598:   230,
	0x599:   230,
	0x59A:   222,
	0x59B:   220,
	0x59C:   230,
	0x59D:   230,
	0x59E:   230,
	0x59F:   230,
	0x5A0:   230,
	0x5A1:   230,
	0x5A2:   220,
	0x5A3:   220,
	0x5A4:   220,
	0x5A5:   220,
	0x5A6:   220,
	0x5A7:   220,
	0x5A8:   230,
	0x5A9:   230,
	0x5AA:   220,
	0x5AB:   230,
	0x5AC:   230,
	0x5AD:   222,
	0x5AE:   228,
	0x5AF:   230,
	0x5B0:   10,
	0x5B1:   11,
	0x5B2:   12,
	0x5B3:   13,
	0x5B4:   14,
	0x5B5:   15,
	0x5B6:   16,
	0x5B7:   17,
	0x5B8:   18,
	0x5B9:   19,
	0x5BA:   19,
	0x5BB:   20,
	0x5BC:   21,
	0x5BD:   22,
	0x5BF:   23,
	0x5C1:   24,
	0x5C2:   25,
	0x5C4:   230,
	0x5C5:   220,
	0x5C7:   18,
	0x610:   230,
	0x611:   230,
	0x612:   230,
	0x613:   230,
	0x614:   230,
	0x615:   230,
	0x616:   230,
	0x617:   230,
	0x618:   30,
	0x619:   31,
	0x61A:   32,
	0x64B:   27,
	0x64C:   28,
	0x64D:   29,
	0x64E:   30,
	0x64F:   31,
	0x650:   32,
	0x651:   33,
	0x652:   34,
	0x653:   230,
	0x654:   230,
	0x655:   220,
	0x656:   220,
	0x657:   230,
	0x658:   230,
	0x659:   230,
	0x65A:   230,
	0x65B:   230,
	0x65C:   220,
	0x65D:   230,
	0x65E:   230,
	0x65F:   220,
	0x670:   35,
	0x6D6:   230,
	0x6D7:   230,
	0x6D8:   230,
	0x6D9:   230,
	0x6DA:   230,
	0x6DB:   230,
	0x6DC:   230,
	0x6DF:   230,
	0x6E0:   230,
	0x6E1:   230,
	0x6E2:   230,
	0x6E3:   220,
	0x6E4:   230,
	0x6E7:   230,
	0x6E8:   230,
	0x6EA:   220,
	0x6EB:   230,
	0x6EC:   230,
	0x6ED:   220,
	0x711:   36,
	0x730:   230,
	0x731:   220,
	0x732:   230,
	0x733:   230,
	0x734:   220,
	0x735:   230,
	0x736:   230,
	0x737:   220,
	0x738:   220,
	0x739:   220,
	0x73A:   230,
	0x73B:   220,
	0x73C:   220,
	0x73D:   230,
	0x73E:   220,
	0x73F:   230,
	0x740:   230,
	0x741:   230,
	0x742:   220,
	0x743:   230,
	0x744:   220,
	0x745:   230,
	0x746:   220,
	0x747:   230,
	0x748:   220,
	0x749:   230,
	0x74A:   230,
	0x7EB:   230,
	0x7EC:   230,
	0x7ED:   230,
	0x7EE:   230,
	0x7EF:   230,
	0x7F0:   230,
	0x7F1:   230,
	0x7F2:   220,
	0x7F3:   230,
	0x7FD:   220,
	0x816:   230,
	0x817:   230,
	0x818:   230,
	0x819:   230,
	0x81B:   230,
	0x81C:   230,
	0x81D:   230,
	0x81E:   230,
	0x81F:   230,
	0x820:   230,
	0x821:   230,
	0x822:   230,
	0x823:   230,
	0x825:   230,
	0x826:   230,
	0x827:   230,
	0x829:   230,
	0x82A:   230,
	0x82B:   230,
	0x82C:   230,
	0x82D:   230,
	0x859:   220,
	0x85A:   220,
	0x85B:   220,
	0x897:   230,
	0x898:   230,
	0x899:   220,
	0x89A:   220,
	0x89B:   220,
	0x89C:   230,
	0x89D:   230,
	0x89E:   230,
	0x89F:   230,
	0x8CA:   230,
	0x8CB:   230,
	0x8CC:   230,
	0x8CD:   230,
	0x8CE:   230,
	0x8CF:   220,
	0x8D0:   220,
	0x8D1:   220,
	0x8D2:   220,
	0x8D3:   220,
	0x8D4:   230,
	0x8D5:   230,
	0x8D6:   230,
	0x8D7:   230,
	0x8D8:   230,
	0x8D9:   230,
	0x8DA:   230,
	0x8DB:   230,
	0x8DC:   230,
	0x8DD:   230,
	0x8DE:   230,
	0x8DF:   230,
	0x8E0:   230,
	0x8E1:   230,
	0x8E3:   220,
	0x8E4:   230,
	0x8E5:   230,
	0x8E6:   220,
	0x8E7:   230,
	0x8E8:   230,
	0x8E9:   220,
	0x8EA:   230,
	0x8EB:   230,
	0x8EC:   230,
	0x8ED:   220,
	0x8EE:   220,
	0x8EF:   220,
	0x8F0:   27,
	0x8F1:   28,
	0x8F2:   29,
	0x8F3:   230,
	0x8F4:   230,
	0x8F5:   230,
	0x8F6:   220,
	0x8F7:   230,
	0x8F8:   230,
	0x8F9:   220,
	0x8FA:   220,
	0x8FB:   230,
	0x8FC:   230,
	0x8FD:   230,
	0x8FE:   230,
	0x8FF:   230,
	0x93C:   7,
	0x94D:   9,
	0x951:   230,
	0x952:   220,
	0x953:   230,
	0x954:   230,
	0x9BC:   7,
	0x9CD:   9,
	0x9FE:   230,
	0xA3C:   7,
	0xA4D:   9,
	0xABC:   7,
	0xACD:   9,
	0xB3C:   7,
	0xB4D:   9,
	0xBCD:   9,
	0xC3C:   7,
	0xC4D:   9,
	0xC55:   84,
	0xC56:   91,
	0xCBC:   7,
	0xCCD:   9,
	0xD3B:   9,
	0xD3C:   9,
	0xD4D:   9,
	0xDCA:   9,
	0xE38:   103,
	0xE39:   103,
	0xE3A:   9,
	0xE48:   107,
	0xE49:   107,
	0xE4A:   107,
	0xE4B:   107,
	0xEB8:   118,
	0xEB9:   118,
	0xEBA:   9,
	0xEC8:   122,
	0xEC9:   122,
	0xECA:   122,
	0xECB:   122,
	0xF18:   220,
	0xF19:   220,
	0xF35:   220,
	0xF37:   220,
	0xF39:   216,
	0xF71:   129,
	0xF72:   130,
	0xF74:   132,
	0xF7A:   130,
	0xF7B:   130,
	0xF7C:   130,
	0xF7D:   130,
	0xF80:   130,
	0xF82:   230,
	0xF83:   230,
	0xF84:   9,
	0xF86:   230,
	0xF87:   230,
	0xFC6:   220,
	0x1037:  7,
	0x1039:  9,
	0x103A:  9,
	0x108D:  220,
	0x135D:  230,
	0x135E:  230,
	0x135F:  230,
	0x1714:  9,
	0x1715:  9,
	0x1734:  9,
	0x17D2:  9,
	0x17DD:  230,
	0x18A9:  228,
	0x1939:  222,
	0x193A:  230,
	0x193B:  220,
	0x1A17:  230,
	0x1A18:  220,
	0x1A60:  9,
	0x1A75:  230,
	0x1A76:  230,
	0x1A77:  230,
	0x1A78:  230,
	0x1A79:  230,
	0x1A7A:  230,
	0x1A7B:  230,
	0x1A7C:  230,
	0x1A7F:  220,
	0x1AB0:  230,
	0x1AB1:  230,
	0x1AB2:  230,
	0x1AB3:  230,
	0x1AB4:  230,
	0x1AB5:  220,
	0x1AB6:  220,
	0x1AB7:  220,
	0x1AB8:  220,
	0x1AB9:  220,
	0x1ABA:  220,
	0x1ABB:  230,
	0x1ABC:  230,
	0x1ABD:  220,
	0x1ABF:  220,
	0x1AC0:  220,
	0x1AC1:  230,
	0x1AC2:  230,
	0x1AC3:  220,
	0x1AC4:  220,
	0x1AC5:  230,
	0x1AC6:  230,
	0x1AC7:  230,
	0x1AC8:  230,
	0x1AC9:  230,
	0x1ACA:  220,
	0x1ACB:  230,
	0x1ACC:  230,
	0x1ACD:  230,
	0x1ACE:  230,
	0x1B34:  7,
	0x1B44:  9,
	0x1B6B:  230,
	0x1B6C:  220,
	0x1B6D:  230,
	0x1B6E:  230,
	0x1B6F:  230,
	0x1B70:  230,
	0x1B71:  230,
	0x1B72:  230,
	0x1B73:  230,
	0x1BAA:  9,
	0x1BAB:  9,
	0x1BE6:  7,
	0x1BF2:  9,
	0x1BF3:  9,
	0x1C37:  7,
	0x1CD0:  230,
	0x1CD1:  230,
	0x1CD2:  230,
	0x1CD4:  1,
	0x1CD5:  220,
	0x1CD6:  220,
	0x1CD7:  220,
	0x1CD8:  220,
	0x1CD9:  220,
	0x1CDA:  230,
	0x1CDB:  230,
	0x1CDC:  220,
	0x1CDD:  220,
	0x1CDE:  220,
	0x1CDF:  220,
	0x1CE0:  230,
	0x1CE2:  1,
	0x1CE3:  1,
	0x1CE4:  1,
	0x1CE5:  1,
	0x1CE6:  1,
	0x1CE7:  1,
	0x1CE8:  1,
	0x1CED:  220,
	0x1CF4:  230,
	0x1CF8:  230,
	0x1CF9:  230,
	0x1DC0:  230,
	0x1DC1:  230,
	0x1DC2:  220,
	0x1DC3:  230,
	0x1DC4:  230,
	0x1DC5:  230,
	0x1DC6:  230,
	0x1DC7:  230,
	0x1DC8:  230,
	0x1DC9:  230,
	0x1DCA:  220,
	0x1DCB:  230,
	0x1DCC:  230,
	0x1DCD:  234,
	0x1DCE:  214,
	0x1DCF:  220,
	0x1DD0:  202,
	0x1DD1:  230,
	0x1DD2:  230,
	0x1DD3:  230,
	0x1DD4:  230,
	0x1DD5:  230,
	0x1DD6:  230,
	0x1DD7:  230,
	0x1DD8:  230,
	0x1DD9:  230,
	0x1DDA:  230,
	0x1DDB:  230,
	0x1DDC:  230,
	0x1DDD:  230,
	0x1DDE:  230,
	0x1DDF:  230,
	0x1DE0:  230,
	0x1DE1:  230,
	0x1DE2:  230,
	0x1DE3:  230,
	0x1DE4:  230,
	0x1DE5:  230,
	0x1DE6:  230,
	0x1DE7:  230,
	0x1DE8:  230,
	0x1DE9:  230,
	0x1DEA:  230,
	0x1DEB:  230,
	0x1DEC:  230,
	0x1DED:  230,
	0x1DEE:  230,
	0x1DEF:  230,
	0x1DF0:  230,
	0x1DF1:  230,
	0x1DF2:  230,
	0x1DF3:  230,
	0x1DF4:  230,
	0x1DF5:  230,
	0x1DF6:  232,
	0x1DF7:  228,
	0x1DF8:  228,
	0x1DF9:  220,
	0x1DFA:  218,
	0x1DFB:  230,
	0x1DFC:  233,
	0x1DFD:  220,
	0x1DFE:  230,
	0x1DFF:  220,
	0x20D0:  230,
	0x20D1:  230,
	0x20D2:  1,
	0x20D3:  1,
	0x20D4:  230,
	0x20D5:  230,
	0x20D6:  230,
	0x20D7:  230,
	0x20D8:  1,
	0x20D9:  1,
	0x20DA:  1,
	0x20DB:  230,
	0x20DC:  230,
	0x20E1:  230,
	0x20E5:  1,
	0x20E6:  1,
	0x20E7:  230,
	0x20E8:  220,
	0x20E9:  230,
	0x20EA:  1,
	0x20EB:  1,
	0x20EC:  220,
	0x20ED:  220,
	0x20EE:  220,
	0x20EF:  220,
	0x20F0:  230,
	0x2CEF:  230,
	0x2CF0:  230,
	0x2CF1:  230,
	0x2D7F:  9,
	0x2DE0:  230,
	0x2DE1:  230,
	0x2DE2:  230,
	0x2DE3:  230,
	0x2DE4:  230,
	0x2DE5:  230,
	0x2DE6:  230,
	0x2DE7:  230,
	0x2DE8:  230,
	0x2DE9:  230,
	0x2DEA:  230,
	0x2DEB:  230,
	0x2DEC:  230,
	0x2DED:  230,
	0x2DEE:  230,
	0x2DEF:  230,
	0x2DF0:  230,
	0x2DF1:  230,
	0x2DF2:  230,
	0x2DF3:  230,
	0x2DF4:  230,
	0x2DF5:  230,
	0x2DF6:  230,
	0x2DF7:  230,
	0x2DF8:  230,
	0x2DF9:  230,
	0x2DFA:  230,
	0x2DFB:  230,
	0x2DFC:  230,
	0x2DFD:  230,
	0x2DFE:  230,
	0x2DFF:  230,
	0x302A:  218,
	0x302B:  228,
	0x302C:  232,
	0x302D:  222,
	0x302E:  224,
	0x302F:  224,
	0x3099:  8,
	0x309A:  8,
	0xA66F:  230,
	0xA674:  230,
	0xA675:  230,
	0xA676:  230,
	0xA677:  230,
	0xA678:  230,
	0xA679:  230,
	0xA67A:  230,
	0xA67B:  230,
	0xA67C:  230,
	0xA67D:  230,
	0xA69E:  230,
	0xA69F:  230,
	0xA6F0:  230,
	0xA6F1:  230,
	0xA806:  9,
	0xA82C:  9,
	0xA8C4:  9,
	0xA8E0:  230,
	0xA8E1:  230,
	0xA8E2:  230,
	0xA8E3:  230,
	0xA8E4:  230,
	0xA8E5:  230,
	0xA8E6:  230,
	0xA8E7:  230,
	0xA8E8:  230,
	0xA8E9:  230,
	0xA8EA:  230,
	0xA8EB:  230,
	0xA8EC:  230,
	0xA8ED:  230,
	0xA8EE:  230,
	0xA8EF:  230,
	0xA8F0:  230,
	0xA8F1:  230,
	0xA92B:  220,
	0xA92C:  220,
	0xA92D:  220,
	0xA953:  9,
	0xA9B3:  7,
	0xA9C0:  9,
	0xAAB0:  230,
	0xAAB2:  230,
	0xAAB3:  230,
	0xAAB4:  220,
	0xAAB7:  230,
	0xAAB8:  230,
	0xAABE:  230,
	0xAABF:  230,
	0xAAC1:  230,
	0xAAF6:  9,
	0xABED:  9,
	0xFB1E:  26,
	0xFE20:  230,
	0xFE21:  230,
	0xFE22:  230,
	0xFE23:  230,
	0xFE24:  230,
	0xFE25:  230,
	0xFE26:  230,
	0xFE27:  220,
	0xFE28:  220,
	0xFE29:  220,
	0xFE2A:  220,
	0xFE2B:  220,
	0xFE2C:  220,
	0xFE2D:  220,
	0xFE2E:  230,
	0xFE2F:  230,
	0x101FD: 220,
	0x102E0: 220,
	0x10376: 230,
	0x10377: 230,
	0x10378: 230,
	0x10379: 230,
	0x1037A: 230,
	0x10A0D: 220,
	0x10A0F: 230,
	0x10A38: 230,
	0x10A39: 1,
	0x10A3A: 220,
	0x10A3F: 9,
	0x10AE5: 230,
	0x10AE6: 220,
	0x10D24: 230,
	0x10D25: 230,
	0x10D26: 230,
	0x10D27: 230,
	0x10D69: 230,
	0x10D6A: 230,
	0x10D6B: 230,
	0x10D6C: 230,
	0x10D6D: 230,
	0x10EAB: 230,
	0x10EAC: 230,
	0x10EFD: 220,
	0x10EFE: 220,
	0x10EFF: 220,
	0x10F46: 220,
	0x10F47: 220,
	0x10F48: 230,
	0x10F49: 230,
	0x10F4A: 230,
	0x10F4B: 220,
	0x10F4C: 230,
	0x10F4D: 220,
	0x10F4E: 220,
	0x10F4F: 220,
	0x10F50: 220,
	0x10F82: 230,
	0x10F83: 220,
	0x10F84: 230,
	0x10F85: 220,
	0x11046: 9,
	0x11070: 9,
	0x1107F: 9,
	0x110B9: 9,
	0x110BA: 7,
	0x11100: 230,
	0x11101: 230,
	0x11102: 230,
	0x11133: 9,
	0x11134: 9,
	0x11173: 7,
	0x111C0: 9,
	0x111CA: 7,
	0x11235: 9,
	0x11236: 7,
	0x112E9: 7,
	0x112EA: 9,
	0x1133B: 7,
	0x1133C: 7,
	0x1134D: 9,
	0x11366: 230,
	0x11367: 230,
	0x11368: 230,
	0x11369: 230,
	0x1136A: 230,
	0x1136B: 230,
	0x1136C: 230,
	0x11370: 230,
	0x11371: 230,
	0x11372: 230,
	0x11373: 230,
	0x11374: 230,
	0x113CE: 9,
	0x113CF: 9,
	0x113D0: 9,
	0x11442: 9,
	0x11446: 7,
	0x1145E: 230,
	0x114C2: 9,
	0x114C3: 7,
	0x115BF: 9,
	0x115C0: 7,
	0x1163F: 9,
	0x116B6: 9,
	0x116B7: 7,
	0x1172B: 9,
	0x11839: 9,
	0x1183A: 7,
	0x1193D: 9,
	0x1193E: 9,
	0x11943: 7,
	0x119E0: 9,
	0x11A34: 9,
	0x11A47: 9,
	0x11A99: 9,
	0x11C3F: 9,
	0x11D42: 7,
	0x11D44: 9,
	0x11D45: 9,
	0x11D97: 9,
	0x11F41: 9,
	0x11F42: 9,
	0x1612F: 9,
	0x16AF0: 1,
	0x16AF1: 1,
	0x16AF2: 1,
	0x16AF3: 1,
	0x16AF4: 1,
	0x16B30: 230,
	0x16B31: 230,
	0x16B32: 230,
	0x16B33: 230,
	0x16B34: 230,
	0x16B35: 230,
	0x16B36: 230,
	0x16FF0: 6,
	0x16FF1: 6,
	0x1BC9E: 1,
	0x1D165: 216,
	0x1D166: 216,
	0x1D167: 1,
	0x1D168: 1,
	0x1D169: 1,
	0x1D16D: 226,
	0x1D16E: 216,
	0x1D16F: 216,
	0x1D170: 216,
	0x1D171: 216,
	0x1D172: 216,
	0x1D17B: 220,
	0x1D17C: 220,
	0x1D17D: 220,
	0x1D17E: 220,
	0x1D17F: 220,
	0x1D180: 220,
	0x1D181: 220,
	0x1D182: 220,
	0x1D185: 230,
	0x1D186: 230,
	0x1D187: 230,
	0x1D188: 230,
	0x1D189: 230,
	0x1D18A: 220,
	0x1D18B: 220,
	0x1D1AA: 230,
	0x1D1AB: 230,
	0x1D1AC: 230,
	0x1D1AD: 230,
	0x1D242: 230,
	0x1D243: 230,
	0x1D244: 230,
	0x1E000: 230,
	0x1E001: 230,
	0x1E002: 230,
	0x1E003: 230,
	0x1E004: 230,
	0x1E005: 230,
	0x1E006: 230,
	0x1E008: 230,
	0x1E009: 230,
	0x1E00A: 230,
	0x1E00B: 230,
	0x1E00C: 230,
	0x1E00D: 230,
	0x1E00E: 230,
	0x1E00F: 230,
	0x1E010: 230,
	0x1E011: 230,
	0x1E012: 230,
	0x1E013: 230,
	0x1E014: 230,
	0x1E015: 230,
	0x1E016: 230,
	0x1E017: 230,
	0x1E018: 230,
	0x1E01B: 230,
	0x1E01C: 230,
	0x1E01D: 230,
	0x1E01E: 230,
	0x1E01F: 230,
	0x1E020: 230,
	0x1E021: 230,
	0x1E023: 230,
	0x1E024: 230,
	0x1E026: 230,
	0x1E027: 230,
	0x1E028: 230,
	0x1E029: 230,
	0x1E02A: 230,
	0x1E08F: 230,
	0x1E130: 230,
	0x1E131: 230,
	0x1E132: 230,
	0x1E133: 230,
	0x1E134: 230,
	0x1E135: 230,
	0x1E136: 230,
	0x1E2AE: 230,
	0x1E2EC: 230,
	0x1E2ED: 230,
	0x1E2EE: 230,
	0x1E2EF: 230,
	0x1E4EC: 232,
	0x1E4ED: 232,
	0x1E4EE: 220,
	0x1E4EF: 230,
	0x1E5EE: 230,
	0x1E5EF: 220,
	0x1E8D0: 220,
	0x1E8D1: 220,
	0x1E8D2: 220,
	0x1E8D3: 220,
	0x1E8D4: 220,
	0x1E8D5: 220,
	0x1E8D6: 220,
	0x1E944: 230,
	0x1E945: 230,
	0x1E946: 230,
	0x1E947: 230,
	0x1E948: 230,
	0x1E949: 230,
	0x1E94A: 7,
}

var ucdComposePair = map[[2]rune]rune{
	{0x3C, 0x338}:      0x226E,
	{0x3D, 0x338}:      0x2260,
	{0x3E, 0x338}:      0x226F,
	{0x41, 0x300}:      0xC0,
	{0x41, 0x301}:      0xC1,
	{0x41, 0x302}:      0xC2,
	{0x41, 0x303}:      0xC3,
	{0x41, 0x304}:      0x100,
	{0x41, 0x306}:      0x102,
	{0x41, 0x307}:      0x226,
	{0x41, 0x308}:      0xC4,
	{0x41, 0x309}:      0x1EA2,
	{0x41, 0x30A}:      0xC5,
	{0x41, 0x30C}:      0x1CD,
	{0x41, 0x30F}:      0x200,
	{0x41, 0x311}:      0x202,
	{0x41, 0x323}:      0x1EA0,
	{0x41, 0x325}:      0x1E00,
	{0x41, 0x328}:      0x104,
	{0x42, 0x307}:      0x1E02,
	{0x42, 0x323}:      0x1E04,
	{0x42, 0x331}:      0x1E06,
	{0x43, 0x301}:      0x106,
	{0x43, 0x302}:      0x108,
	{0x43, 0x307}:      0x10A,
	{0x43, 0x30C}:      0x10C,
	{0x43, 0x327}:      0xC7,
	{0x44, 0x307}:      0x1E0A,
	{0x44, 0x30C}:      0x10E,
	{0x44, 0x323}:      0x1E0C,
	{0x44, 0x327}:      0x1E10,
	{0x44, 0x32D}:      0x1E12,
	{0x44, 0x331}:      0x1E0E,
	{0x45, 0x300}:      0xC8,
	{0x45, 0x301}:      0xC9,
	{0x45, 0x302}:      0xCA,
	{0x45, 0x303}:      0x1EBC,
	{0x45, 0x304}:      0x112,
	{0x45, 0x306}:      0x114,
	{0x45, 0x307}:      0x116,
	{0x45, 0x308}:      0xCB,
	{0x45, 0x309}:      0x1EBA,
	{0x45, 0x30C}:      0x11A,
	{0x45, 0x30F}:      0x204,
	{0x45, 0x311}:      0x206,
	{0x45, 0x323}:      0x1EB8,
	{0x45, 0x327}:      0x228,
	{0x45, 0x328}:      0x118,
	{0x45, 0x32D}:      0x1E18,
	{0x45, 0x330}:      0x1E1A,
	{0x46, 0x307}:      0x1E1E,
	{0x47, 0x301}:      0x1F4,
	{0x47, 0x302}:      0x11C,
	{0x47, 0x304}:      0x1E20,
	{0x47, 0x306}:      0x11E,
	{0x47, 0x307}:      0x120,
	{0x47, 0x30C}:      0x1E6,
	{0x47, 0x327}:      0x122,
	{0x48, 0x302}:      0x124,
	{0x48, 0x307}:      0x1E22,
	{0x48, 0x308}:      0x1E26,
	{0x48, 0x30C}:      0x21E,
	{0x48, 0x323}:      0x1E24,
	{0x48, 0x327}:      0x1E28,
	{0x48, 0x32E}:      0x1E2A,
	{0x49, 0x300}:      0xCC,
	{0x49, 0x301}:      0xCD,
	{0x49, 0x302}:      0xCE,
	{0x49, 0x303}:      0x128,
	{0x49, 0x304}:      0x12A,
	{0x49, 0x306}:      0x12C,
	{0x49, 0x307}:      0x130,
	{0x49, 0x308}:      0xCF,
	{0x49, 0x309}:      0x1EC8,
	{0x49, 0x30C}:      0x1CF,
	{0x49, 0x30F}:      0x208,
	{0x49, 0x311}:      0x20A,
	{0x49, 0x323}:      0x1ECA,
	{0x49, 0x328}:      0x12E,
	{0x49, 0x330}:      0x1E2C,
	{0x4A, 0x302}:      0x134,
	{0x4B, 0x301}:      0x1E30,
	{0x4B, 0x30C}:      0x1E8,
	{0x4B, 0x323}:      0x1E32,
	{0x4B, 0x327}:      0x136,
	{0x4B, 0x331}:      0x1E34,
	{0x4C, 0x301}:      0x139,
	{0x4C, 0x30C}:      0x13D,
	{0x4C, 0x323}:      0x1E36,
	{0x4C, 0x327}:      0x13B,
	{0x4C, 0x32D}:      0x1E3C,
	{0x4C, 0x331}:      0x1E3A,
	{0x4D, 0x301}:      0x1E3E,
	{0x4D, 0x307}:      0x1E40,
	{0x4D, 0x323}:      0x1E42,
	{0x4E, 0x300}:      0x1F8,
	{0x4E, 0x301}:      0x143,
	{0x4E, 0x303}:      0xD1,
	{0x4E, 0x307}:      0x1E44,
	{0x4E, 0x30C}:      0x147,
	{0x4E, 0x323}:      0x1E46,
	{0x4E, 0x327}:      0x145,
	{0x4E, 0x32D}:      0x1E4A,
	{0x4E, 0x331}:      0x1E48,
	{0x4F, 0x300}:      0xD2,
	{0x4F, 0x301}:      0xD3,
	{0x4F, 0x302}:      0xD4,
	{0x4F, 0x303}:      0xD5,
	{0x4F, 0x304}:      0x14C,
	{0x4F, 0x306}:      0x14E,
	{0x4F, 0x307}:      0x22E,
	{0x4F, 0x308}:      0xD6,
	{0x4F, 0x309}:      0x1ECE,
	{0x4F, 0x30B}:      0x150,
	{0x4F, 0x30C}:      0x1D1,
	{0x4F, 0x30F}:      0x20C,
	{0x4F, 0x311}:      0x20E,
	{0x4F, 0x31B}:      0x1A0,
	{0x4F, 0x323}:      0x1ECC,
	{0x4F, 0x328}:      0x1EA,
	{0x50, 0x301}:      0x1E54,
	{0x50, 0x307}:      0x1E56,
	{0x52, 0x301}:      0x154,
	{0x52, 0x307}:      0x1E58,
	{0x52, 0x30C}:      0x158,
	{0x52, 0x30F}:      0x210,
	{0x52, 0x311}:      0x212,
	{0x52, 0x323}:      0x1E5A,
	{0x52, 0x327}:      0x156,
	{0x52, 0x331}:      0x1E5E,
	{0x53, 0x301}:      0x15A,
	{0x53, 0x302}:      0x15C,
	{0x53, 0x307}:      0x1E60,
	{0x53, 0x30C}:      0x160,
	{0x53, 0x323}:      0x1E62,
	{0x53, 0x326}:      0x218,
	{0x53, 0x327}:      0x15E,
	{0x54, 0x307}:      0x1E6A,
	{0x54, 0x30C}:      0x164,
	{0x54, 0x323}:      0x1E6C,
	{0x54, 0x326}:      0x21A,
	{0x54, 0x327}:      0x162,
	{0x54, 0x32D}:      0x1E70,
	{0x54, 0x331}:      0x1E6E,
	{0x55, 0x300}:      0xD9,
	{0x55, 0x301}:      0xDA,
	{0x55, 0x302}:      0xDB,
	{0x55, 0x303}:      0x168,
	{0x55, 0x304}:      0x16A,
	{0x55, 0x306}:      0x16C,
	{0x55, 0x308}:      0xDC,
	{0x55, 0x309}:      0x1EE6,
	{0x55, 0x30A}:      0x16E,
	{0x55, 0x30B}:      0x170,
	{0x55, 0x30C}:      0x1D3,
	{0x55, 0x30F}:      0x214,
	{0x55, 0x311}:      0x216,
	{0x55, 0x31B}:      0x1AF,
	{0x55, 0x323}:      0x1EE4,
	{0x55, 0x324}:      0x1E72,
	{0x55, 0x328}:      0x172,
	{0x55, 0x32D}:      0x1E76,
	{0x55, 0x330}:      0x1E74,
	{0x56, 0x303}:      0x1E7C,
	{0x56, 0x323}:      0x1E7E,
	{0x57, 0x300}:      0x1E80,
	{0x57, 0x301}:      0x1E82,
	{0x57, 0x302}:      0x174,
	{0x57, 0x307}:      0x1E86,
	{0x57, 0x308}:      0x1E84,
	{0x57, 0x323}:      0x1E88,
	{0x58, 0x307}:      0x1E8A,
	{0x58, 0x308}:      0x1E8C,
	{0x59, 0x300}:      0x1EF2,
	{0x59, 0x301}:      0xDD,
	{0x59, 0x302}:      0x176,
	{0x59, 0x303}:      0x1EF8,
	{0x59, 0x304}:      0x232,
	{0x59, 0x307}:      0x1E8E,
	{0x59, 0x308}:      0x178,
	{0x59, 0x309}:      0x1EF6,
	{0x59, 0x323}:      0x1EF4,
	{0x5A, 0x301}:      0x179,
	{0x5A, 0x302}:      0x1E90,
	{0x5A, 0x307}:      0x17B,
	{0x5A, 0x30C}:      0x17D,
	{0x5A, 0x323}:      0x1E92,
	{0x5A, 0x331}:      0x1E94,
	{0x61, 0x300}:      0xE0,
	{0x61, 0x301}:      0xE1,
	{0x61, 0x302}:      0xE2,
	{0x61, 0x303}:      0xE3,
	{0x61, 0x304}:      0x101,
	{0x61, 0x306}:      0x103,
	{0x61, 0x307}:      0x227,
	{0x61, 0x308}:      0xE4,
	{0x61, 0x309}:      0x1EA3,
	{0x61, 0x30A}:      0xE5,
	{0x61, 0x30C}:      0x1CE,
	{0x61, 0x30F}:      0x201,
	{0x61, 0x311}:      0x203,
	{0x61, 0x323}:      0x1EA1,
	{0x61, 0x325}:      0x1E01,
	{0x61, 0x328}:      0x105,
	{0x62, 0x307}:      0x1E03,
	{0x62, 0x323}:      0x1E05,
	{0x62, 0x331}:      0x1E07,
	{0x63, 0x301}:      0x107,
	{0x63, 0x302}:      0x109,
	{0x63, 0x307}:      0x10B,
	{0x63, 0x30C}:      0x10D,
	{0x63, 0x327}:      0xE7,
	{0x64, 0x307}:      0x1E0B,
	{0x64, 0x30C}:      0x10F,
	{0x64, 0x323}:      0x1E0D,
	{0x64, 0x327}:      0x1E11,
	{0x64, 0x32D}:      0x1E13,
	{0x64, 0x331}:      0x1E0F,
	{0x65, 0x300}:      0xE8,
	{0x65, 0x301}:      0xE9,
	{0x65, 0x302}:      0xEA,
	{0x65, 0x303}:      0x1EBD,
	{0x65, 0x304}:      0x113,
	{0x65, 0x306}:      0x115,
	{0x65, 0x307}:      0x117,
	{0x65, 0x308}:      0xEB,
	{0x65, 0x309}:      0x1EBB,
	{0x65, 0x30C}:      0x11B,
	{0x65, 0x30F}:      0x205,
	{0x65, 0x311}:      0x207,
	{0x65, 0x323}:      0x1EB9,
	{0x65, 0x327}:      0x229,
	{0x65, 0x328}:      0x119,
	{0x65, 0x32D}:      0x1E19,
	{0x65, 0x330}:      0x1E1B,
	{0x66, 0x307}:      0x1E1F,
	{0x67, 0x301}:      0x1F5,
	{0x67, 0x302}:      0x11D,
	{0x67, 0x304}:      0x1E21,
	{0x67, 0x306}:      0x11F,
	{0x67, 0x307}:      0x121,
	{0x67, 0x30C}:      0x1E7,
	{0x67, 0x327}:      0x123,
	{0x68, 0x302}:      0x125,
	{0x68, 0x307}:      0x1E23,
	{0x68, 0x308}:      0x1E27,
	{0x68, 0x30C}:      0x21F,
	{0x68, 0x323}:      0x1E25,
	{0x68, 0x327}:      0x1E29,
	{0x68, 0x32E}:      0x1E2B,
	{0x68, 0x331}:      0x1E96,
	{0x69, 0x300}:      0xEC,
	{0x69, 0x301}:      0xED,
	{0x69, 0x302}:      0xEE,
	{0x69, 0x303}:      0x129,
	{0x69, 0x304}:      0x12B,
	{0x69, 0x306}:      0x12D,
	{0x69, 0x308}:      0xEF,
	{0x69, 0x309}:      0x1EC9,
	{0x69, 0x30C}:      0x1D0,
	{0x69, 0x30F}:      0x209,
	{0x69, 0x311}:      0x20B,
	{0x69, 0x323}:      0x1ECB,
	{0x69, 0x328}:      0x12F,
	{0x69, 0x330}:      0x1E2D,
	{0x6A, 0x302}:      0x135,
	{0x6A, 0x30C}:      0x1F0,
	{0x6B, 0x301}:      0x1E31,
	{0x6B, 0x30C}:      0x1E9,
	{0x6B, 0x323}:      0x1E33,
	{0x6B, 0x327}:      0x137,
	{0x6B, 0x331}:      0x1E35,
	{0x6C, 0x301}:      0x13A,
	{0x6C, 0x30C}:      0x13E,
	{0x6C, 0x323}:      0x1E37,
	{0x6C, 0x327}:      0x13C,
	{0x6C, 0x32D}:      0x1E3D,
	{0x6C, 0x331}:      0x1E3B,
	{0x6D, 0x301}:      0x1E3F,
	{0x6D, 0x307}:      0x1E41,
	{0x6D, 0x323}:      0x1E43,
	{0x6E, 0x300}:      0x1F9,
	{0x6E, 0x301}:      0x144,
	{0x6E, 0x303}:      0xF1,
	{0x6E, 0x307}:      0x1E45,
	{0x6E, 0x30C}:      0x148,
	{0x6E, 0x323}:      0x1E47,
	{0x6E, 0x327}:      0x146,
	{0x6E, 0x32D}:      0x1E4B,
	{0x6E, 0x331}:      0x1E49,
	{0x6F, 0x300}:      0xF2,
	{0x6F, 0x301}:      0xF3,
	{0x6F, 0x302}:      0xF4,
	{0x6F, 0x303}:      0xF5,
	{0x6F, 0x304}:      0x14D,
	{0x6F, 0x306}:      0x14F,
	{0x6F, 0x307}:      0x22F,
	{0x6F, 0x308}:      0xF6,
	{0x6F, 0x309}:      0x1ECF,
	{0x6F, 0x30B}:      0x151,
	{0x6F, 0x30C}:      0x1D2,
	{0x6F, 0x30F}:      0x20D,
	{0x6F, 0x311}:      0x20F,
	{0x6F, 0x31B}:      0x1A1,
	{0x6F, 0x323}:      0x1ECD,
	{0x6F, 0x328}:      0x1EB,
	{0x70, 0x301}:      0x1E55,
	{0x70, 0x307}:      0x1E57,
	{0x72, 0x301}:      0x155,
	{0x72, 0x307}:      0x1E59,
	{0x72, 0x30C}:      0x159,
	{0x72, 0x30F}:      0x211,
	{0x72, 0x311}:      0x213,
	{0x72, 0x323}:      0x1E5B,
	{0x72, 0x327}:      0x157,
	{0x72, 0x331}:      0x1E5F,
	{0x73, 0x301}:      0x15B,
	{0x73, 0x302}:      0x15D,
	{0x73, 0x307}:      0x1E61,
	{0x73, 0x30C}:      0x161,
	{0x73, 0x323}:      0x1E63,
	{0x73, 0x326}:      0x219,
	{0x73, 0x327}:      0x15F,
	{0x74, 0x307}:      0x1E6B,
	{0x74, 0x308}:      0x1E97,
	{0x74, 0x30C}:      0x165,
	{0x74, 0x323}:      0x1E6D,
	{0x74, 0x326}:      0x21B,
	{0x74, 0x327}:      0x163,
	{0x74, 0x32D}:      0x1E71,
	{0x74, 0x331}:      0x1E6F,
	{0x75, 0x300}:      0xF9,
	{0x75, 0x301}:      0xFA,
	{0x75, 0x302}:      0xFB,
	{0x75, 0x303}:      0x169,
	{0x75, 0x304}:      0x16B,
	{0x75, 0x306}:      0x16D,
	{0x75, 0x308}:      0xFC,
	{0x75, 0x309}:      0x1EE7,
	{0x75, 0x30A}:      0x16F,
	{0x75, 0x30B}:      0x171,
	{0x75, 0x30C}:      0x1D4,
	{0x75, 0x30F}:      0x215,
	{0x75, 0x311}:      0x217,
	{0x75, 0x31B}:      0x1B0,
	{0x75, 0x323}:      0x1EE5,
	{0x75, 0x324}:      0x1E73,
	{0x75, 0x328}:      0x173,
	{0x75, 0x32D}:      0x1E77,
	{0x75, 0x330}:      0x1E75,
	{0x76, 0x303}:      0x1E7D,
	{0x76, 0x323}:      0x1E7F,
	{0x77, 0x300}:      0x1E81,
	{0x77, 0x301}:      0x1E83,
	{0x77, 0x302}:      0x175,
	{0x77, 0x307}:      0x1E87,
	{0x77, 0x308}:      0x1E85,
	{0x77, 0x30A}:      0x1E98,
	{0x77, 0x323}:      0x1E89,
	{0x78, 0x307}:      0x1E8B,
	{0x78, 0x308}:      0x1E8D,
	{0x79, 0x300}:      0x1EF3,
	{0x79, 0x301}:      0xFD,
	{0x79, 0x302}:      0x177,
	{0x79, 0x303}:      0x1EF9,
	{0x79, 0x304}:      0x233,
	{0x79, 0x307}:      0x1E8F,
	{0x79, 0x308}:      0xFF,
	{0x79, 0x309}:      0x1EF7,
	{0x79, 0x30A}:      0x1E99,
	{0x79, 0x323}:      0x1EF5,
	{0x7A, 0x301}:      0x17A,
	{0x7A, 0x302}:      0x1E91,
	{0x7A, 0x307}:      0x17C,
	{0x7A, 0x30C}:      0x17E,
	{0x7A, 0x323}:      0x1E93,
	{0x7A, 0x331}:      0x1E95,
	{0xA8, 0x300}:      0x1FED,
	{0xA8, 0x301}:      0x385,
	{0xA8, 0x342}:      0x1FC1,
	{0xC2, 0x300}:      0x1EA6,
	{0xC2, 0x301}:      0x1EA4,
	{0xC2, 0x303}:      0x1EAA,
	{0xC2, 0x309}:      0x1EA8,
	{0xC4, 0x304}:      0x1DE,
	{0xC5, 0x301}:      0x1FA,
	{0xC6, 0x301}:      0x1FC,
	{0xC6, 0x304}:      0x1E2,
	{0xC7, 0x301}:      0x1E08,
	{0xCA, 0x300}:      0x1EC0,
	{0xCA, 0x301}:      0x1EBE,
	{0xCA, 0x303}:      0x1EC4,
	{0xCA, 0x309}:      0x1EC2,
	{0xCF, 0x301}:      0x1E2E,
	{0xD4, 0x300}:      0x1ED2,
	{0xD4, 0x301}:      0x1ED0,
	{0xD4, 0x303}:      0x1ED6,
	{0xD4, 0x309}:      0x1ED4,
	{0xD5, 0x301}:      0x1E4C,
	{0xD5, 0x304}:      0x22C,
	{0xD5, 0x308}:      0x1E4E,
	{0xD6, 0x304}:      0x22A,
	{0xD8, 0x301}:      0x1FE,
	{0xDC, 0x300}:      0x1DB,
	{0xDC, 0x301}:      0x1D7,
	{0xDC, 0x304}:      0x1D5,
	{0xDC, 0x30C}:      0x1D9,
	{0xE2, 0x300}:      0x1EA7,
	{0xE2, 0x301}:      0x1EA5,
	{0xE2, 0x303}:      0x1EAB,
	{0xE2, 0x309}:      0x1EA9,
	{0xE4, 0x304}:      0x1DF,
	{0xE5, 0x301}:      0x1FB,
	{0xE6, 0x301}:      0x1FD,
	{0xE6, 0x304}:      0x1E3,
	{0xE7, 0x301}:      0x1E09,
	{0xEA, 0x300}:      0x1EC1,
	{0xEA, 0x301}:      0x1EBF,
	{0xEA, 0x303}:      0x1EC5,
	{0xEA, 0x309}:      0x1EC3,
	{0xEF, 0x301}:      0x1E2F,
	{0xF4, 0x300}:      0x1ED3,
	{0xF4, 0x301}:      0x1ED1,
	{0xF4, 0x303}:      0x1ED7,
	{0xF4, 0x309}:      0x1ED5,
	{0xF5, 0x301}:      0x1E4D,
	{0xF5, 0x304}:      0x22D,
	{0xF5, 0x308}:      0x1E4F,
	{0xF6, 0x304}:      0x22B,
	{0xF8, 0x301}:      0x1FF,
	{0xFC, 0x300}:      0x1DC,
	{0xFC, 0x301}:      0x1D8,
	{0xFC, 0x304}:      0x1D6,
	{0xFC, 0x30C}:      0x1DA,
	{0x102, 0x300}:     0x1EB0,
	{0x102, 0x301}:     0x1EAE,
	{0x102, 0x303}:     0x1EB4,
	{0x102, 0x309}:     0x1EB2,
	{0x103, 0x300}:     0x1EB1,
	{0x103, 0x301}:     0x1EAF,
	{0x103, 0x303}:     0x1EB5,
	{0x103, 0x309}:     0x1EB3,
	{0x112, 0x300}:     0x1E14,
	{0x112, 0x301}:     0x1E16,
	{0x113, 0x300}:     0x1E15,
	{0x113, 0x301}:     0x1E17,
	{0x14C, 0x300}:     0x1E50,
	{0x14C, 0x301}:     0x1E52,
	{0x14D, 0x300}:     0x1E51,
	{0x14D, 0x301}:     0x1E53,
	{0x15A, 0x307}:     0x1E64,
	{0x15B, 0x307}:     0x1E65,
	{0x160, 0x307}:     0x1E66,
	{0x161, 0x307}:     0x1E67,
	{0x168, 0x301}:     0x1E78,
	{0x169, 0x301}:     0x1E79,
	{0x16A, 0x308}:     0x1E7A,
	{0x16B, 0x308}:     0x1E7B,
	{0x17F, 0x307}:     0x1E9B,
	{0x1A0, 0x300}:     0x1EDC,
	{0x1A0, 0x301}:     0x1EDA,
	{0x1A0, 0x303}:     0x1EE0,
	{0x1A0, 0x309}:     0x1EDE,
	{0x1A0, 0x323}:     0x1EE2,
	{0x1A1, 0x300}:     0x1EDD,
	{0x1A1, 0x301}:     0x1EDB,
	{0x1A1, 0x303}:     0x1EE1,
	{0x1A1, 0x309}:     0x1EDF,
	{0x1A1, 0x323}:     0x1EE3,
	{0x1AF, 0x300}:     0x1EEA,
	{0x1AF, 0x301}:     0x1EE8,
	{0x1AF, 0x303}:     0x1EEE,
	{0x1AF, 0x309}:     0x1EEC,
	{0x1AF, 0x323}:     0x1EF0,
	{0x1B0, 0x300}:     0x1EEB,
	{0x1B0, 0x301}:     0x1EE9,
	{0x1B0, 0x303}:     0x1EEF,
	{0x1B0, 0x309}:     0x1EED,
	{0x1B0, 0x323}:     0x1EF1,
	{0x1B7, 0x30C}:     0x1EE,
	{0x1EA, 0x304}:     0x1EC,
	{0x1EB, 0x304}:     0x1ED,
	{0x226, 0x304}:     0x1E0,
	{0x227, 0x304}:     0x1E1,
	{0x228, 0x306}:     0x1E1C,
	{0x229, 0x306}:     0x1E1D,
	{0x22E, 0x304}:     0x230,
	{0x22F, 0x304}:     0x231,
	{0x292, 0x30C}:     0x1EF,
	{0x391, 0x300}:     0x1FBA,
	{0x391, 0x301}:     0x386,
	{0x391, 0x304}:     0x1FB9,
	{0x391, 0x306}:     0x1FB8,
	{0x391, 0x313}:     0x1F08,
	{0x391, 0x314}:     0x1F09,
	{0x391, 0x345}:     0x1FBC,
	{0x395, 0x300}:     0x1FC8,
	{0x395, 0x301}:     0x388,
	{0x395, 0x313}:     0x1F18,
	{0x395, 0x314}:     0x1F19,
	{0x397, 0x300}:     0x1FCA,
	{0x397, 0x301}:     0x389,
	{0x397, 0x313}:     0x1F28,
	{0x397, 0x314}:     0x1F29,
	{0x397, 0x345}:     0x1FCC,
	{0x399, 0x300}:     0x1FDA,
	{0x399, 0x301}:     0x38A,
	{0x399, 0x304}:     0x1FD9,
	{0x399, 0x306}:     0x1FD8,
	{0x399, 0x308}:     0x3AA,
	{0x399, 0x313}:     0x1F38,
	{0x399, 0x314}:     0x1F39,
	{0x39F, 0x300}:     0x1FF8,
	{0x39F, 0x301}:     0x38C,
	{0x39F, 0x313}:     0x1F48,
	{0x39F, 0x314}:     0x1F49,
	{0x3A1, 0x314}:     0x1FEC,
	{0x3A5, 0x300}:     0x1FEA,
	{0x3A5, 0x301}:     0x38E,
	{0x3A5, 0x304}:     0x1FE9,
	{0x3A5, 0x306}:     0x1FE8,
	{0x3A5, 0x308}:     0x3AB,
	{0x3A5, 0x314}:     0x1F59,
	{0x3A9, 0x300}:     0x1FFA,
	{0x3A9, 0x301}:     0x38F,
	{0x3A9, 0x313}:     0x1F68,
	{0x3A9, 0x314}:     0x1F69,
	{0x3A9, 0x345}:     0x1FFC,
	{0x3AC, 0x345}:     0x1FB4,
	{0x3AE, 0x345}:     0x1FC4,
	{0x3B1, 0x300}:     0x1F70,
	{0x3B1, 0x301}:     0x3AC,
	{0x3B1, 0x304}:     0x1FB1,
	{0x3B1, 0x306}:     0x1FB0,
	{0x3B1, 0x313}:     0x1F00,
	{0x3B1, 0x314}:     0x1F01,
	{0x3B1, 0x342}:     0x1FB6,
	{0x3B1, 0x345}:     0x1FB3,
	{0x3B5, 0x300}:     0x1F72,
	{0x3B5, 0x301}:     0x3AD,
	{0x3B5, 0x313}:     0x1F10,
	{0x3B5, 0x314}:     0x1F11,
	{0x3B7, 0x300}:     0x1F74,
	{0x3B7, 0x301}:     0x3AE,
	{0x3B7, 0x313}:     0x1F20,
	{0x3B7, 0x314}:     0x1F21,
	{0x3B7, 0x342}:     0x1FC6,
	{0x3B7, 0x345}:     0x1FC3,
	{0x3B9, 0x300}:     0x1F76,
	{0x3B9, 0x301}:     0x3AF,
	{0x3B9, 0x304}:     0x1FD1,
	{0x3B9, 0x306}:     0x1FD0,
	{0x3B9, 0x308}:     0x3CA,
	{0x3B9, 0x313}:     0x1F30,
	{0x3B9, 0x314}:     0x1F31,
	{0x3B9, 0x342}:     0x1FD6,
	{0x3BF, 0x300}:     0x1F78,
	{0x3BF, 0x301}:     0x3CC,
	{0x3BF, 0x313}:     0x1F40,
	{0x3BF, 0x314}:     0x1F41,
	{0x3C1, 0x313}:     0x1FE4,
	{0x3C1, 0x314}:     0x1FE5,
	{0x3C5, 0x300}:     0x1F7A,
	{0x3C5, 0x301}:     0x3CD,
	{0x3C5, 0x304}:     0x1FE1,
	{0x3C5, 0x306}:     0x1FE0,
	{0x3C5, 0x308}:     0x3CB,
	{0x3C5, 0x313}:     0x1F50,
	{0x3C5, 0x314}:     0x1F51,
	{0x3C5, 0x342}:     0x1FE6,
	{0x3C9, 0x300}:     0x1F7C,
	{0x3C9, 0x301}:     0x3CE,
	{0x3C9, 0x313}:     0x1F60,
	{0x3C9, 0x314}:     0x1F61,
	{0x3C9, 0x342}:     0x1FF6,
	{0x3C9, 0x345}:     0x1FF3,
	{0x3CA, 0x300}:     0x1FD2,
	{0x3CA, 0x301}:     0x390,
	{0x3CA, 0x342}:     0x1FD7,
	{0x3CB, 0x300}:     0x1FE2,
	{0x3CB, 0x301}:     0x3B0,
	{0x3CB, 0x342}:     0x1FE7,
	{0x3CE, 0x345}:     0x1FF4,
	{0x3D2, 0x301}:     0x3D3,
	{0x3D2, 0x308}:     0x3D4,
	{0x406, 0x308}:     0x407,
	{0x410, 0x306}:     0x4D0,
	{0x410, 0x308}:     0x4D2,
	{0x413, 0x301}:     0x403,
	{0x415, 0x300}:     0x400,
	{0x415, 0x306}:     0x4D6,
	{0x415, 0x308}:     0x401,
	{0x416, 0x306}:     0x4C1,
	{0x416, 0x308}:     0x4DC,
	{0x417, 0x308}:     0x4DE,
	{0x418, 0x300}:     0x40D,
	{0x418, 0x304}:     0x4E2,
	{0x418, 0x306}:     0x419,
	{0x418, 0x308}:     0x4E4,
	{0x41A, 0x301}:     0x40C,
	{0x41E, 0x308}:     0x4E6,
	{0x423, 0x304}:     0x4EE,
	{0x423, 0x306}:     0x40E,
	{0x423, 0x308}:     0x4F0,
	{0x423, 0x30B}:     0x4F2,
	{0x427, 0x308}:     0x4F4,
	{0x42B, 0x308}:     0x4F8,
	{0x42D, 0x308}:     0x4EC,
	{0x430, 0x306}:     0x4D1,
	{0x430, 0x308}:     0x4D3,
	{0x433, 0x301}:     0x453,
	{0x435, 0x300}:     0x450,
	{0x435, 0x306}:     0x4D7,
	{0x435, 0x308}:     0x451,
	{0x436, 0x306}:     0x4C2,
	{0x436, 0x308}:     0x4DD,
	{0x437, 0x308}:     0x4DF,
	{0x438, 0x300}:     0x45D,
	{0x438, 0x304}:     0x4E3,
	{0x438, 0x306}:     0x439,
	{0x438, 0x308}:     0x4E5,
	{0x43A, 0x301}:     0x45C,
	{0x43E, 0x308}:     0x4E7,
	{0x443, 0x304}:     0x4EF,
	{0x443, 0x306}:     0x45E,
	{0x443, 0x308}:     0x4F1,
	{0x443, 0x30B}:     0x4F3,
	{0x447, 0x308}:     0x4F5,
	{0x44B, 0x308}:     0x4F9,
	{0x44D, 0x308}:     0x4ED,
	{0x456, 0x308}:     0x457,
	{0x474, 0x30F}:     0x476,
	{0x475, 0x30F}:     0x477,
	{0x4D8, 0x308}:     0x4DA,
	{0x4D9, 0x308}:     0x4DB,
	{0x4E8, 0x308}:     0x4EA,
	{0x4E9, 0x308}:     0x4EB,
	{0x627, 0x653}:     0x622,
	{0x627, 0x654}:     0x623,
	{0x627, 0x655}:     0x625,
	{0x648, 0x654}:     0x624,
	{0x64A, 0x654}:     0x626,
	{0x6C1, 0x654}:     0x6C2,
	{0x6D2, 0x654}:     0x6D3,
	{0x6D5, 0x654}:     0x6C0,
	{0x928, 0x93C}:     0x929,
	{0x930, 0x93C}:     0x931,
	{0x933, 0x93C}:     0x934,
	{0x9C7, 0x9BE}:     0x9CB,
	{0x9C7, 0x9D7}:     0x9CC,
	{0xB47, 0xB3E}:     0xB4B,
	{0xB47, 0xB56}:     0xB48,
	{0xB47, 0xB57}:     0xB4C,
	{0xB92, 0xBD7}:     0xB94,
	{0xBC6, 0xBBE}:     0xBCA,
	{0xBC6, 0xBD7}:     0xBCC,
	{0xBC7, 0xBBE}:     0xBCB,
	{0xC46, 0xC56}:     0xC48,
	{0xCBF, 0xCD5}:     0xCC0,
	{0xCC6, 0xCC2}:     0xCCA,
	{0xCC6, 0xCD5}:     0xCC7,
	{0xCC6, 0xCD6}:     0xCC8,
	{0xCCA, 0xCD5}:     0xCCB,
	{0xD46, 0xD3E}:     0xD4A,
	{0xD46, 0xD57}:     0xD4C,
	{0xD47, 0xD3E}:     0xD4B,
	{0xDD9, 0xDCA}:     0xDDA,
	{0xDD9, 0xDCF}:     0xDDC,
	{0xDD9, 0xDDF}:     0xDDE,
	{0xDDC, 0xDCA}:     0xDDD,
	{0x1025, 0x102E}:   0x1026,
	{0x1B05, 0x1B35}:   0x1B06,
	{0x1B07, 0x1B35}:   0x1B08,
	{0x1B09, 0x1B35}:   0x1B0A,
	{0x1B0B, 0x1B35}:   0x1B0C,
	{0x1B0D, 0x1B35}:   0x1B0E,
	{0x1B11, 0x1B35}:   0x1B12,
	{0x1B3A, 0x1B35}:   0x1B3B,
	{0x1B3C, 0x1B35}:   0x1B3D,
	{0x1B3E, 0x1B35}:   0x1B40,
	{0x1B3F, 0x1B35}:   0x1B41,
	{0x1B42, 0x1B35}:   0x1B43,
	{0x1E36, 0x304}:    0x1E38,
	{0x1E37, 0x304}:    0x1E39,
	{0x1E5A, 0x304}:    0x1E5C,
	{0x1E5B, 0x304}:    0x1E5D,
	{0x1E62, 0x307}:    0x1E68,
	{0x1E63, 0x307}:    0x1E69,
	{0x1EA0, 0x302}:    0x1EAC,
	{0x1EA0, 0x306}:    0x1EB6,
	{0x1EA1, 0x302}:    0x1EAD,
	{0x1EA1, 0x306}:    0x1EB7,
	{0x1EB8, 0x302}:    0x1EC6,
	{0x1EB9, 0x302}:    0x1EC7,
	{0x1ECC, 0x302}:    0x1ED8,
	{0x1ECD, 0x302}:    0x1ED9,
	{0x1F00, 0x300}:    0x1F02,
	{0x1F00, 0x301}:    0x1F04,
	{0x1F00, 0x342}:    0x1F06,
	{0x1F00, 0x345}:    0x1F80,
	{0x1F01, 0x300}:    0x1F03,
	{0x1F01, 0x301}:    0x1F05,
	{0x1F01, 0x342}:    0x1F07,
	{0x1F01, 0x345}:    0x1F81,
	{0x1F02, 0x345}:    0x1F82,
	{0x1F03, 0x345}:    0x1F83,
	{0x1F04, 0x345}:    0x1F84,
	{0x1F05, 0x345}:    0x1F85,
	{0x1F06, 0x345}:    0x1F86,
	{0x1F07, 0x345}:    0x1F87,
	{0x1F08, 0x300}:    0x1F0A,
	{0x1F08, 0x301}:    0x1F0C,
	{0x1F08, 0x342}:    0x1F0E,
	{0x1F08, 0x345}:    0x1F88,
	{0x1F09, 0x300}:    0x1F0B,
	{0x1F09, 0x301}:    0x1F0D,
	{0x1F09, 0x342}:    0x1F0F,
	{0x1F09, 0x345}:    0x1F89,
	{0x1F0A, 0x345}:    0x1F8A,
	{0x1F0B, 0x345}:    0x1F8B,
	{0x1F0C, 0x345}:    0x1F8C,
	{0x1F0D, 0x345}:    0x1F8D,
	{0x1F0E, 0x345}:    0x1F8E,
	{0x1F0F, 0x345}:    0x1F8F,
	{0x1F10, 0x300}:    0x1F12,
	{0x1F10, 0x301}:    0x1F14,
	{0x1F11, 0x300}:    0x1F13,
	{0x1F11, 0x301}:    0x1F15,
	{0x1F18, 0x300}:    0x1F1A,
	{0x1F18, 0x301}:    0x1F1C,
	{0x1F19, 0x300}:    0x1F1B,
	{0x1F19, 0x301}:    0x1F1D,
	{0x1F20, 0x300}:    0x1F22,
	{0x1F20, 0x301}:    0x1F24,
	{0x1F20, 0x342}:    0x1F26,
	{0x1F20, 0x345}:    0x1F90,
	{0x1F21, 0x300}:    0x1F23,
	{0x1F21, 0x301}:    0x1F25,
	{0x1F21, 0x342}:    0x1F27,
	{0x1F21, 0x345}:    0x1F91,
	{0x1F22, 0x345}:    0x1F92,
	{0x1F23, 0x345}:    0x1F93,
	{0x1F24, 0x345}:    0x1F94,
	{0x1F25, 0x345}:    0x1F95,
	{0x1F26, 0x345}:    0x1F96,
	{0x1F27, 0x345}:    0x1F97,
	{0x1F28, 0x300}:    0x1F2A,
	{0x1F28, 0x301}:    0x1F2C,
	{0x1F28, 0x342}:    0x1F2E,
	{0x1F28, 0x345}:    0x1F98,
	{0x1F29, 0x300}:    0x1F2B,
	{0x1F29, 0x301}:    0x1F2D,
	{0x1F29, 0x342}:    0x1F2F,
	{0x1F29, 0x345}:    0x1F99,
	{0x1F2A, 0x345}:    0x1F9A,
	{0x1F2B, 0x345}:    0x1F9B,
	{0x1F2C, 0x345}:    0x1F9C,
	{0x1F2D, 0x345}:    0x1F9D,
	{0x1F2E, 0x345}:    0x1F9E,
	{0x1F2F, 0x345}:    0x1F9F,
	{0x1F30, 0x300}:    0x1F32,
	{0x1F30, 0x301}:    0x1F34,
	{0x1F30, 0x342}:    0x1F36,
	{0x1F31, 0x300}:    0x1F33,
	{0x1F31, 0x301}:    0x1F35,
	{0x1F31, 0x342}:    0x1F37,
	{0x1F38, 0x300}:    0x1F3A,
	{0x1F38, 0x301}:    0x1F3C,
	{0x1F38, 0x342}:    0x1F3E,
	{0x1F39, 0x300}:    0x1F3B,
	{0x1F39, 0x301}:    0x1F3D,
	{0x1F39, 0x342}:    0x1F3F,
	{0x1F40, 0x300}:    0x1F42,
	{0x1F40, 0x301}:    0x1F44,
	{0x1F41, 0x300}:    0x1F43,
	{0x1F41, 0x301}:    0x1F45,
	{0x1F48, 0x300}:    0x1F4A,
	{0x1F48, 0x301}:    0x1F4C,
	{0x1F49, 0x300}:    0x1F4B,
	{0x1F49, 0x301}:    0x1F4D,
	{0x1F50, 0x300}:    0x1F52,
	{0x1F50, 0x301}:    0x1F54,
	{0x1F50, 0x342}:    0x1F56,
	{0x1F51, 0x300}:    0x1F53,
	{0x1F51, 0x301}:    0x1F55,
	{0x1F51, 0x342}:    0x1F57,
	{0x1F59, 0x300}:    0x1F5B,
	{0x1F59, 0x301}:    0x1F5D,
	{0x1F59, 0x342}:    0x1F5F,
	{0x1F60, 0x300}:    0x1F62,
	{0x1F60, 0x301}:    0x1F64,
	{0x1F60, 0x342}:    0x1F66,
	{0x1F60, 0x345}:    0x1FA0,
	{0x1F61, 0x300}:    0x1F63,
	{0x1F61, 0x301}:    0x1F65,
	{0x1F61, 0x342}:    0x1F67,
	{0x1F61, 0x345}:    0x1FA1,
	{0x1F62, 0x345}:    0x1FA2,
	{0x1F63, 0x345}:    0x1FA3,
	{0x1F64, 0x345}:    0x1FA4,
	{0x1F65, 0x345}:    0x1FA5,
	{0x1F66, 0x345}:    0x1FA6,
	{0x1F67, 0x345}:    0x1FA7,
	{0x1F68, 0x300}:    0x1F6A,
	{0x1F68, 0x301}:    0x1F6C,
	{0x1F68, 0x342}:    0x1F6E,
	{0x1F68, 0x345}:    0x1FA8,
	{0x1F69, 0x300}:    0x1F6B,
	{0x1F69, 0x301}:    0x1F6D,
	{0x1F69, 0x342}:    0x1F6F,
	{0x1F69, 0x345}:    0x1FA9,
	{0x1F6A, 0x345}:    0x1FAA,
	{0x1F6B, 0x345}:    0x1FAB,
	{0x1F6C, 0x345}:    0x1FAC,
	{0x1F6D, 0x345}:    0x1FAD,
	{0x1F6E, 0x345}:    0x1FAE,
	{0x1F6F, 0x345}:    0x1FAF,
	{0x1F70, 0x345}:    0x1FB2,
	{0x1F74, 0x345}:    0x1FC2,
	{0x1F7C, 0x345}:    0x1FF2,
	{0x1FB6, 0x345}:    0x1FB7,
	{0x1FBF, 0x300}:    0x1FCD,
	{0x1FBF, 0x301}:    0x1FCE,
	{0x1FBF, 0x342}:    0x1FCF,
	{0x1FC6, 0x345}:    0x1FC7,
	{0x1FF6, 0x345}:    0x1FF7,
	{0x1FFE, 0x300}:    0x1FDD,
	{0x1FFE, 0x301}:    0x1FDE,
	{0x1FFE, 0x342}:    0x1FDF,
	{0x2190, 0x338}:    0x219A,
	{0x2192, 0x338}:    0x219B,
	{0x2194, 0x338}:    0x21AE,
	{0x21D0, 0x338}:    0x21CD,
	{0x21D2, 0x338}:    0x21CF,
	{0x21D4, 0x338}:    0x21CE,
	{0x2203, 0x338}:    0x2204,
	{0x2208, 0x338}:    0x2209,
	{0x220B, 0x338}:    0x220C,
	{0x2223, 0x338}:    0x2224,
	{0x2225, 0x338}:    0x2226,
	{0x223C, 0x338}:    0x2241,
	{0x2243, 0x338}:    0x2244,
	{0x2245, 0x338}:    0x2247,
	{0x2248, 0x338}:    0x2249,
	{0x224D, 0x338}:    0x226D,
	{0x2261, 0x338}:    0x2262,
	{0x2264, 0x338}:    0x2270,
	{0x2265, 0x338}:    0x2271,
	{0x2272, 0x338}:    0x2274,
	{0x2273, 0x338}:    0x2275,
	{0x2276, 0x338}:    0x2278,
	{0x2277, 0x338}:    0x2279,
	{0x227A, 0x338}:    0x2280,
	{0x227B, 0x338}:    0x2281,
	{0x227C, 0x338}:    0x22E0,
	{0x227D, 0x338}:    0x22E1,
	{0x2282, 0x338}:    0x2284,
	{0x2283, 0x338}:    0x2285,
	{0x2286, 0x338}:    0x2288,
	{0x2287, 0x338}:    0x2289,
	{0x2291, 0x338}:    0x22E2,
	{0x2292, 0x338}:    0x22E3,
	{0x22A2, 0x338}:    0x22AC,
	{0x22A8, 0x338}:    0x22AD,
	{0x22A9, 0x338}:    0x22AE,
	{0x22AB, 0x338}:    0x22AF,
	{0x22B2, 0x338}:    0x22EA,
	{0x22B3, 0x338}:    0x22EB,
	{0x22B4, 0x338}:    0x22EC,
	{0x22B5, 0x338}:    0x22ED,
	{0x3046, 0x3099}:   0x3094,
	{0x304B, 0x3099}:   0x304C,
	{0x304D, 0x3099}:   0x304E,
	{0x304F, 0x3099}:   0x3050,
	{0x3051, 0x3099}:   0x3052,
	{0x3053, 0x3099}:   0x3054,
	{0x3055, 0x3099}:   0x3056,
	{0x3057, 0x3099}:   0x3058,
	{0x3059, 0x3099}:   0x305A,
	{0x305B, 0x3099}:   0x305C,
	{0x305D, 0x3099}:   0x305E,
	{0x305F, 0x3099}:   0x3060,
	{0x3061, 0x3099}:   0x3062,
	{0x3064, 0x3099}:   0x3065,
	{0x3066, 0x3099}:   0x3067,
	{0x3068, 0x3099}:   0x3069,
	{0x306F, 0x3099}:   0x3070,
	{0x306F, 0x309A}:   0x3071,
	{0x3072, 0x3099}:   0x3073,
	{0x3072, 0x309A}:   0x3074,
	{0x3075, 0x3099}:   0x3076,
	{0x3075, 0x309A}:   0x3077,
	{0x3078, 0x3099}:   0x3079,
	{0x3078, 0x309A}:   0x307A,
	{0x307B, 0x3099}:   0x307C,
	{0x307B, 0x309A}:   0x307D,
	{0x309D, 0x3099}:   0x309E,
	{0x30A6, 0x3099}:   0x30F4,
	{0x30AB, 0x3099}:   0x30AC,
	{0x30AD, 0x3099}:   0x30AE,
	{0x30AF, 0x3099}:   0x30B0,
	{0x30B1, 0x3099}:   0x30B2,
	{0x30B3, 0x3099}:   0x30B4,
	{0x30B5, 0x3099}:   0x30B6,
	{0x30B7, 0x3099}:   0x30B8,
	{0x30B9, 0x3099}:   0x30BA,
	{0x30BB, 0x3099}:   0x30BC,
	{0x30BD, 0x3099}:   0x30BE,
	{0x30BF, 0x3099}:   0x30C0,
	{0x30C1, 0x3099}:   0x30C2,
	{0x30C4, 0x3099}:   0x30C5,
	{0x30C6, 0x3099}:   0x30C7,
	{0x30C8, 0x3099}:   0x30C9,
	{0x30CF, 0x3099}:   0x30D0,
	{0x30CF, 0x309A}:   0x30D1,
	{0x30D2, 0x3099}:   0x30D3,
	{0x30D2, 0x309A}:   0x30D4,
	{0x30D5, 0x3099}:   0x30D6,
	{0x30D5, 0x309A}:   0x30D7,
	{0x30D8, 0x3099}:   0x30D9,
	{0x30D8, 0x309A}:   0x30DA,
	{0x30DB, 0x3099}:   0x30DC,
	{0x30DB, 0x309A}:   0x30DD,
	{0x30EF, 0x3099}:   0x30F7,
	{0x30F0, 0x3099}:   0x30F8,
	{0x30F1, 0x3099}:   0x30F9,
	{0x30F2, 0x3099}:   0x30FA,
	{0x30FD, 0x3099}:   0x30FE,
	{0x105D2, 0x307}:   0x105C9,
	{0x105DA, 0x307}:   0x105E4,
	{0x11099, 0x110BA}: 0x1109A,
	{0x1109B, 0x110BA}: 0x1109C,
	{0x110A5, 0x110BA}: 0x110AB,
	{0x11131, 0x11127}: 0x1112E,
	{0x11132, 0x11127}: 0x1112F,
	{0x11347, 0x1133E}: 0x1134B,
	{0x11347, 0x11357}: 0x1134C,
	{0x11382, 0x113C9}: 0x11383,
	{0x11384, 0x113BB}: 0x11385,
	{0x1138B, 0x113C2}: 0x1138E,
	{0x11390, 0x113C9}: 0x11391,
	{0x113C2, 0x113B8}: 0x113C7,
	{0x113C2, 0x113C2}: 0x113C5,
	{0x113C2, 0x113C9}: 0x113C8,
	{0x114B9, 0x114B0}: 0x114BC,
	{0x114B9, 0x114BA}: 0x114BB,
	{0x114B9, 0x114BD}: 0x114BE,
	{0x115B8, 0x115AF}: 0x115BA,
	{0x115B9, 0x115AF}: 0x115BB,
	{0x11935, 0x11930}: 0x11938,
	{0x1611E, 0x1611E}: 0x16121,
	{0x1611E, 0x1611F}: 0x16123,
	{0x1611E, 0x16120}: 0x16125,
	{0x1611E, 0x16129}: 0x16122,
	{0x16121, 0x1611F}: 0x16126,
	{0x16121, 0x16120}: 0x16128,
	{0x16122, 0x1611F}: 0x16127,
	{0x16129, 0x1611F}: 0x16124,
	{0x16D63, 0x16D67}: 0x16D69,
	{0x16D67, 0x16D67}: 0x16D68,
	{0x16D69, 0x16D67}: 0x16D6A,
}

var ucdDecomposition = map[rune]string{
	0xA0:    "<noBreak> 0020",
	0xA8:    "<compat> 0020 0308",
	0xAA:    "<super> 0061",
	0xAF:    "<compat> 0020 0304",
	0xB2:    "<super> 0032",
	0xB3:    "<super> 0033",
	0xB4:    "<compat> 0020 0301",
	0xB5:    "<compat> 03BC",
	0xB8:    "<compat> 0020 0327",
	0xB9:    "<super> 0031",
	0xBA:    "<super> 006F",
	0xBC:    "<fraction> 0031 2044 0034",
	0xBD:    "<fraction> 0031 2044 0032",
	0xBE:    "<fraction> 0033 2044 0034",
	0xC0:    "0041 0300",
	0xC1:    "0041 0301",
	0xC2:    "0041 0302",
	0xC3:    "0041 0303",
	0xC4:    "0041 0308",
	0xC5:    "0041 030A",
	0xC7:    "0043 0327",
	0xC8:    "0045 0300",
	0xC9:    "0045 0301",
	0xCA:    "0045 0302",
	0xCB:    "0045 0308",
	0xCC:    "0049 0300",
	0xCD:    "0049 0301",
	0xCE:    "0049 0302",
	0xCF:    "0049 0308",
	0xD1:    "004E 0303",
	0xD2:    "004F 0300",
	0xD3:    "004F 0301",
	0xD4:    "004F 0302",
	0xD5:    "004F 0303",
	0xD6:    "004F 0308",
	0xD9:    "0055 0300",
	0xDA:    "0055 0301",
	0xDB:    "0055 0302",
	0xDC:    "0055 0308",
	0xDD:    "0059 0301",
	0xE0:    "0061 0300",
	0xE1:    "0061 0301",
	0xE2:    "0061 0302",
	0xE3:    "0061 0303",
	0xE4:    "0061 0308",
	0xE5:    "0061 030A",
	0xE7:    "0063 0327",
	0xE8:    "0065 0300",
	0xE9:    "0065 0301",
	0xEA:    "0065 0302",
	0xEB:    "0065 0308",
	0xEC:    "0069 0300",
	0xED:    "0069 0301",
	0xEE:    "0069 0302",
	0xEF:    "0069 0308",
	0xF1:    "006E 0303",
	0xF2:    "006F 0300",
	0xF3:    "006F 0301",
	0xF4:    "006F 0302",
	0xF5:    "006F 0303",
	0xF6:    "006F 0308",
	0xF9:    "0075 0300",
	0xFA:    "0075 0301",
	0xFB:    "0075 0302",
	0xFC:    "0075 0308",
	0xFD:    "0079 0301",
	0xFF:    "0079 0308",
	0x100:   "0041 0304",
	0x101:   "0061 0304",
	0x102:   "0041 0306",
	0x103:   "0061 0306",
	0x104:   "0041 0328",
	0x105:   "0061 0328",
	0x106:   "0043 0301",
	0x107:   "0063 0301",
	0x108:   "0043 0302",
	0x109:   "0063 0302",
	0x10A:   "0043 0307",
	0x10B:   "0063 0307",
	0x10C:   "0043 030C",
	0x10D:   "0063 030C",
	0x10E:   "0044 030C",
	0x10F:   "0064 030C",
	0x112:   "0045 0304",
	0x113:   "0065 0304",
	0x114:   "0045 0306",
	0x115:   "0065 0306",
	0x116:   "0045 0307",
	0x117:   "0065 0307",
	0x118:   "0045 0328",
	0x119:   "0065 0328",
	0x11A:   "0045 030C",
	0x11B:   "0065 030C",
	0x11C:   "0047 0302",
	0x11D:   "0067 0302",
	0x11E:   "0047 0306",
	0x11F:   "0067 0306",
	0x120:   "0047 0307",
	0x121:   "0067 0307",
	0x122:   "0047 0327",
	0x123:   "0067 0327",
	0x124:   "0048 0302",
	0x125:   "0068 0302",
	0x128:   "0049 0303",
	0x129:   "0069 0303",
	0x12A:   "0049 0304",
	0x12B:   "0069 0304",
	0x12C:   "0049 0306",
	0x12D:   "0069 0306",
	0x12E:   "0049 0328",
	0x12F:   "0069 0328",
	0x130:   "0049 0307",
	0x132:   "<compat> 0049 004A",
	0x133:   "<compat> 0069 006A",
	0x134:   "004A 0302",
	0x135:   "006A 0302",
	0x136:   "004B 0327",
	0x137:   "006B 0327",
	0x139:   "004C 0301",
	0x13A:   "006C 0301",
	0x13B:   "004C 0327",
	0x13C:   "006C 0327",
	0x13D:   "004C 030C",
	0x13E:   "006C 030C",
	0x13F:   "<compat> 004C 00B7",
	0x140:   "<compat> 006C 00B7",
	0x143:   "004E 0301",
	0x144:   "006E 0301",
	0x145:   "004E 0327",
	0x146:   "006E 0327",
	0x147:   "004E 030C",
	0x148:   "006E 030C",
	0x149:   "<compat> 02BC 006E",
	0x14C:   "004F 0304",
	0x14D:   "006F 0304",
	0x14E:   "004F 0306",
	0x14F:   "006F 0306",
	0x150:   "004F 030B",
	0x151:   "006F 030B",
	0x154:   "0052 0301",
	0x155:   "0072 0301",
	0x156:   "0052 0327",
	0x157:   "0072 0327",
	0x158:   "0052 030C",
	0x159:   "0072 030C",
	0x15A:   "0053 0301",
	0x15B:   "0073 0301",
	0x15C:   "0053 0302",
	0x15D:   "0073 0302",
	0x15E:   "0053 0327",
	0x15F:   "0073 0327",
	0x160:   "0053 030C",
	0x161:   "0073 030C",
	0x162:   "0054 0327",
	0x163:   "0074 0327",
	0x164:   "0054 030C",
	0x165:   "0074 030C",
	0x168:   "0055 0303",
	0x169:   "0075 0303",
	0x16A:   "0055 0304",
	0x16B:   "0075 0304",
	0x16C:   "0055 0306",
	0x16D:   "0075 0306",
	0x16E:   "0055 030A",
	0x16F:   "0075 030A",
	0x170:   "0055 030B",
	0x171:   "0075 030B",
	0x172:   "0055 0328",
	0x173:   "0075 0328",
	0x174:   "0057 0302",
	0x175:   "0077 0302",
	0x176:   "0059 0302",
	0x177:   "0079 0302",
	0x178:   "0059 0308",
	0x179:   "005A 0301",
	0x17A:   "007A 0301",
	0x17B:   "005A 0307",
	0x17C:   "007A 0307",
	0x17D:   "005A 030C",
	0x17E:   "007A 030C",
	0x17F:   "<compat> 0073",
	0x1A0:   "004F 031B",
	0x1A1:   "006F 031B",
	0x1AF:   "0055 031B",
	0x1B0:   "0075 031B",
	0x1C4:   "<compat> 0044 017D",
	0x1C5:   "<compat> 0044 017E",
	0x1C6:   "<compat> 0064 017E",
	0x1C7:   "<compat> 004C 004A",
	0x1C8:   "<compat> 004C 006A",
	0x1C9:   "<compat> 006C 006A",
	0x1CA:   "<compat> 004E 004A",
	0x1CB:   "<compat> 004E 006A",
	0x1CC:   "<compat> 006E 006A",
	0x1CD:   "0041 030C",
	0x1CE:   "0061 030C",
	0x1CF:   "0049 030C",
	0x1D0:   "0069 030C",
	0x1D1:   "004F 030C",
	0x1D2:   "006F 030C",
	0x1D3:   "0055 030C",
	0x1D4:   "0075 030C",
	0x1D5:   "00DC 0304",
	0x1D6:   "00FC 0304",
	0x1D7:   "00DC 0301",
	0x1D8:   "00FC 0301",
	0x1D9:   "00DC 030C",
	0x1DA:   "00FC 030C",
	0x1DB:   "00DC 0300",
	0x1DC:   "00FC 0300",
	0x1DE:   "00C4 0304",
	0x1DF:   "00E4 0304",
	0x1E0:   "0226 0304",
	0x1E1:   "0227 0304",
	0x1E2:   "00C6 0304",
	0x1E3:   "00E6 0304",
	0x1E6:   "0047 030C",
	0x1E7:   "0067 030C",
	0x1E8:   "004B 030C",
	0x1E9:   "006B 030C",
	0x1EA:   "004F 0328",
	0x1EB:   "006F 0328",
	0x1EC:   "01EA 0304",
	0x1ED:   "01EB 0304",
	0x1EE:   "01B7 030C",
	0x1EF:   "0292 030C",
	0x1F0:   "006A 030C",
	0x1F1:   "<compat> 0044 005A",
	0x1F2:   "<compat> 0044 007A",
	0x1F3:   "<compat> 0064 007A",
	0x1F4:   "0047 0301",
	0x1F5:   "0067 0301",
	0x1F8:   "004E 0300",
	0x1F9:   "006E 0300",
	0x1FA:   "00C5 0301",
	0x1FB:   "00E5 0301",
	0x1FC:   "00C6 0301",
	0x1FD:   "00E6 0301",
	0x1FE:   "00D8 0301",
	0x1FF:   "00F8 0301",
	0x200:   "0041 030F",
	0x201:   "0061 030F",
	0x202:   "0041 0311",
	0x203:   "0061 0311",
	0x204:   "0045 030F",
	0x205:   "0065 030F",
	0x206:   "0045 0311",
	0x207:   "0065 0311",
	0x208:   "0049 030F",
	0x209:   "0069 030F",
	0x20A:   "0049 0311",
	0x20B:   "0069 0311",
	0x20C:   "004F 030F",
	0x20D:   "006F 030F",
	0x20E:   "004F 0311",
	0x20F:   "006F 0311",
	0x210:   "0052 030F",
	0x211:   "0072 030F",
	0x212:   "0052 0311",
	0x213:   "0072 0311",
	0x214:   "0055 030F",
	0x215:   "0075 030F",
	0x216:   "0055 0311",
	0x217:   "0075 0311",
	0x218:   "0053 0326",
	0x219:   "0073 0326",
	0x21A:   "0054 0326",
	0x21B:   "0074 0326",
	0x21E:   "0048 030C",
	0x21F:   "0068 030C",
	0x226:   "0041 0307",
	0x227:   "0061 0307",
	0x228:   "0045 0327",
	0x229:   "0065 0327",
	0x22A:   "00D6 0304",
	0x22B:   "00F6 0304",
	0x22C:   "00D5 0304",
	0x22D:   "00F5 0304",
	0x22E:   "004F 0307",
	0x22F:   "006F 0307",
	0x230:   "022E 0304",
	0x231:   "022F 0304",
	0x232:   "0059 0304",
	0x233:   "0079 0304",
	0x2B0:   "<super> 0068",
	0x2B1:   "<super> 0266",
	0x2B2:   "<super> 006A",
	0x2B3:   "<super> 0072",
	0x2B4:   "<super> 0279",
	0x2B5:   "<super> 027B",
	0x2B6:   "<super> 0281",
	0x2B7:   "<super> 0077",
	0x2B8:   "<super> 0079",
	0x2D8:   "<compat> 0020 0306",
	0x2D9:   "<compat> 0020 0307",
	0x2DA:   "<compat> 0020 030A",
	0x2DB:   "<compat> 0020 0328",
	0x2DC:   "<compat> 0020 0303",
	0x2DD:   "<compat> 0020 030B",
	0x2E0:   "<super> 0263",
	0x2E1:   "<super> 006C",
	0x2E2:   "<super> 0073",
	0x2E3:   "<super> 0078",
	0x2E4:   "<super> 0295",
	0x340:   "0300",
	0x341:   "0301",
	0x343:   "0313",
	0x344:   "0308 0301",
	0x374:   "02B9",
	0x37A:   "<compat> 0020 0345",
	0x37E:   "003B",
	0x384:   "<compat> 0020 0301",
	0x385:   "00A8 0301",
	0x386:   "0391 0301",
	0x387:   "00B7",
	0x388:   "0395 0301",
	0x389:   "0397 0301",
	0x38A:   "0399 0301",
	0x38C:   "039F 0301",
	0x38E:   "03A5 0301",
	0x38F:   "03A9 0301",
	0x390:   "03CA 0301",
	0x3AA:   "0399 0308",
	0x3AB:   "03A5 0308",
	0x3AC:   "03B1 0301",
	0x3AD:   "03B5 0301",
	0x3AE:   "03B7 0301",
	0x3AF:   "03B9 0301",
	0x3B0:   "03CB 0301",
	0x3CA:   "03B9 0308",
	0x3CB:   "03C5 0308",
	0x3CC:   "03BF 0301",
	0x3CD:   "03C5 0301",
	0x3CE:   "03C9 0301",
	0x3D0:   "<compat> 03B2",
	0x3D1:   "<compat> 03B8",
	0x3D2:   "<compat> 03A5",
	0x3D3:   "03D2 0301",
	0x3D4:   "03D2 0308",
	0x3D5:   "<compat> 03C6",
	0x3D6:   "<compat> 03C0",
	0x3F0:   "<compat> 03BA",
	0x3F1:   "<compat> 03C1",
	0x3F2:   "<compat> 03C2",
	0x3F4:   "<compat> 0398",
	0x3F5:   "<compat> 03B5",
	0x3F9:   "<compat> 03A3",
	0x400:   "0415 0300",
	0x401:   "0415 0308",
	0x403:   "0413 0301",
	0x407:   "0406 0308",
	0x40C:   "041A 0301",
	0x40D:   "0418 0300",
	0x40E:   "0423 0306",
	0x419:   "0418 0306",
	0x439:   "0438 0306",
	0x450:   "0435 0300",
	0x451:   "0435 0308",
	0x453:   "0433 0301",
	0x457:   "0456 0308",
	0x45C:   "043A 0301",
	0x45D:   "0438 0300",
	0x45E:   "0443 0306",
	0x476:   "0474 030F",
	0x477:   "0475 030F",
	0x4C1:   "0416 0306",
	0x4C2:   "0436 0306",
	0x4D0:   "0410 0306",
	0x4D1:   "0430 0306",
	0x4D2:   "0410 0308",
	0x4D3:   "0430 0308",
	0x4D6:   "0415 0306",
	0x4D7:   "0435 0306",
	0x4DA:   "04D8 0308",
	0x4DB:   "04D9 0308",
	0x4DC:   "0416 0308",
	0x4DD:   "0436 0308",
	0x4DE:   "0417 0308",
	0x4DF:   "0437 0308",
	0x4E2:   "0418 0304",
	0x4E3:   "0438 0304",
	0x4E4:   "0418 0308",
	0x4E5:   "0438 0308",
	0x4E6:   "041E 0308",
	0x4E7:   "043E 0308",
	0x4EA:   "04E8 0308",
	0x4EB:   "04E9 0308",
	0x4EC:   "042D 0308",
	0x4ED:   "044D 0308",
	0x4EE:   "0423 0304",
	0x4EF:   "0443 0304",
	0x4F0:   "0423 0308",
	0x4F1:   "0443 0308",
	0x4F2:   "0423 030B",
	0x4F3:   "0443 030B",
	0x4F4:   "0427 0308",
	0x4F5:   "0447 0308",
	0x4F8:   "042B 0308",
	0x4F9:   "044B 0308",
	0x587:   "<compat> 0565 0582",
	0x622:   "0627 0653",
	0x623:   "0627 0654",
	0x624:   "0648 0654",
	0x625:   "0627 0655",
	0x626:   "064A 0654",
	0x675:   "<compat> 0627 0674",
	0x676:   "<compat> 0648 0674",
	0x677:   "<compat> 06C7 0674",
	0x678:   "<compat> 064A 0674",
	0x6C0:   "06D5 0654",
	0x6C2:   "06C1 0654",
	0x6D3:   "06D2 0654",
	0x929:   "0928 093C",
	0x931:   "0930 093C",
	0x934:   "0933 093C",
	0x958:   "0915 093C",
	0x959:   "0916 093C",
	0x95A:   "0917 093C",
	0x95B:   "091C 093C",
	0x95C:   "0921 093C",
	0x95D:   "0922 093C",
	0x95E:   "092B 093C",
	0x95F:   "092F 093C",
	0x9CB:   "09C7 09BE",
	0x9CC:   "09C7 09D7",
	0x9DC:   "09A1 09BC",
	0x9DD:   "09A2 09BC",
	0x9DF:   "09AF 09BC",
	0xA33:   "0A32 0A3C",
	0xA36:   "0A38 0A3C",
	0xA59:   "0A16 0A3C",
	0xA5A:   "0A17 0A3C",
	0xA5B:   "0A1C 0A3C",
	0xA5E:   "0A2B 0A3C",
	0xB48:   "0B47 0B56",
	0xB4B:   "0B47 0B3E",
	0xB4C:   "0B47 0B57",
	0xB5C:   "0B21 0B3C",
	0xB5D:   "0B22 0B3C",
	0xB94:   "0B92 0BD7",
	0xBCA:   "0BC6 0BBE",
	0xBCB:   "0BC7 0BBE",
	0xBCC:   "0BC6 0BD7",
	0xC48:   "0C46 0C56",
	0xCC0:   "0CBF 0CD5",
	0xCC7:   "0CC6 0CD5",
	0xCC8:   "0CC6 0CD6",
	0xCCA:   "0CC6 0CC2",
	0xCCB:   "0CCA 0CD5",
	0xD4A:   "0D46 0D3E",
	0xD4B:   "0D47 0D3E",
	0xD4C:   "0D46 0D57",
	0xDDA:   "0DD9 0DCA",
	0xDDC:   "0DD9 0DCF",
	0xDDD:   "0DDC 0DCA",
	0xDDE:   "0DD9 0DDF",
	0xE33:   "<compat> 0E4D 0E32",
	0xEB3:   "<compat> 0ECD 0EB2",
	0xEDC:   "<compat> 0EAB 0E99",
	0xEDD:   "<compat> 0EAB 0EA1",
	0xF0C:   "<noBreak> 0F0B",
	0xF43:   "0F42 0FB7",
	0xF4D:   "0F4C 0FB7",
	0xF52:   "0F51 0FB7",
	0xF57:   "0F56 0FB7",
	0xF5C:   "0F5B 0FB7",
	0xF69:   "0F40 0FB5",
	0xF73:   "0F71 0F72",
	0xF75:   "0F71 0F74",
	0xF76:   "0FB2 0F80",
	0xF77:   "<compat> 0FB2 0F81",
	0xF78:   "0FB3 0F80",
	0xF79:   "<compat> 0FB3 0F81",
	0xF81:   "0F71 0F80",
	0xF93:   "0F92 0FB7",
	0xF9D:   "0F9C 0FB7",
	0xFA2:   "0FA1 0FB7",
	0xFA7:   "0FA6 0FB7",
	0xFAC:   "0FAB 0FB7",
	0xFB9:   "0F90 0FB5",
	0x1026:  "1025 102E",
	0x10FC:  "<super> 10DC",
	0x1B06:  "1B05 1B35",
	0x1B08:  "1B07 1B35",
	0x1B0A:  "1B09 1B35",
	0x1B0C:  "1B0B 1B35",
	0x1B0E:  "1B0D 1B35",
	0x1B12:  "1B11 1B35",
	0x1B3B:  "1B3A 1B35",
	0x1B3D:  "1B3C 1B35",
	0x1B40:  "1B3E 1B35",
	0x1B41:  "1B3F 1B35",
	0x1B43:  "1B42 1B35",
	0x1D2C:  "<super> 0041",
	0x1D2D:  "<super> 00C6",
	0x1D2E:  "<super> 0042",
	0x1D30:  "<super> 0044",
	0x1D31:  "<super> 0045",
	0x1D32:  "<super> 018E",
	0x1D33:  "<super> 0047",
	0x1D34:  "<super> 0048",
	0x1D35:  "<super> 0049",
	0x1D36:  "<super> 004A",
	0x1D37:  "<super> 004B",
	0x1D38:  "<super> 004C",
	0x1D39:  "<super> 004D",
	0x1D3A:  "<super> 004E",
	0x1D3C:  "<super> 004F",
	0x1D3D:  "<super> 0222",
	0x1D3E:  "<super> 0050",
	0x1D3F:  "<super> 0052",
	0x1D40:  "<super> 0054",
	0x1D41:  "<super> 0055",
	0x1D42:  "<super> 0057",
	0x1D43:  "<super> 0061",
	0x1D44:  "<super> 0250",
	0x1D45:  "<super> 0251",
	0x1D46:  "<super> 1D02",
	0x1D47:  "<super> 0062",
	0x1D48:  "<super> 0064",
	0x1D49:  "<super> 0065",
	0x1D4A:  "<super> 0259",
	0x1D4B:  "<super> 025B",
	0x1D4C:  "<super> 025C",
	0x1D4D:  "<super> 0067",
	0x1D4F:  "<super> 006B",
	0x1D50:  "<super> 006D",
	0x1D51:  "<super> 014B",
	0x1D52:  "<super> 006F",
	0x1D53:  "<super> 0254",
	0x1D54:  "<super> 1D16",
	0x1D55:  "<super> 1D17",
	0x1D56:  "<super> 0070",
	0x1D57:  "<super> 0074",
	0x1D58:  "<super> 0075",
	0x1D59:  "<super> 1D1D",
	0x1D5A:  "<super> 026F",
	0x1D5B:  "<super> 0076",
	0x1D5C:  "<super> 1D25",
	0x1D5D:  "<super> 03B2",
	0x1D5E:  "<super> 03B3",
	0x1D5F:  "<super> 03B4",
	0x1D60:  "<super> 03C6",
	0x1D61:  "<super> 03C7",
	0x1D62:  "<sub> 0069",
	0x1D63:  "<sub> 0072",
	0x1D64:  "<sub> 0075",
	0x1D65:  "<sub> 0076",
	0x1D66:  "<sub> 03B2",
	0x1D67:  "<sub> 03B3",
	0x1D68:  "<sub> 03C1",
	0x1D69:  "<sub> 03C6",
	0x1D6A:  "<sub> 03C7",
	0x1D78:  "<super> 043D",
	0x1D9B:  "<super> 0252",
	0x1D9C:  "<super> 0063",
	0x1D9D:  "<super> 0255",
	0x1D9E:  "<super> 00F0",
	0x1D9F:  "<super> 025C",
	0x1DA0:  "<super> 0066",
	0x1DA1:  "<super> 025F",
	0x1DA2:  "<super> 0261",
	0x1DA3:  "<super> 0265",
	0x1DA4:  "<super> 0268",
	0x1DA5:  "<super> 0269",
	0x1DA6:  "<super> 026A",
	0x1DA7:  "<super> 1D7B",
	0x1DA8:  "<super> 029D",
	0x1DA9:  "<super> 026D",
	0x1DAA:  "<super> 1D85",
	0x1DAB:  "<super> 029F",
	0x1DAC:  "<super> 0271",
	0x1DAD:  "<super> 0270",
	0x1DAE:  "<super> 0272",
	0x1DAF:  "<super> 0273",
	0x1DB0:  "<super> 0274",
	0x1DB1:  "<super> 0275",
	0x1DB2:  "<super> 0278",
	0x1DB3:  "<super> 0282",
	0x1DB4:  "<super> 0283",
	0x1DB5:  "<super> 01AB",
	0x1DB6:  "<super> 0289",
	0x1DB7:  "<super> 028A",
	0x1DB8:  "<super> 1D1C",
	0x1DB9:  "<super> 028B",
	0x1DBA:  "<super> 028C",
	0x1DBB:  "<super> 007A",
	0x1DBC:  "<super> 0290",
	0x1DBD:  "<super> 0291",
	0x1DBE:  "<super> 0292",
	0x1DBF:  "<super> 03B8",
	0x1E00:  "0041 0325",
	0x1E01:  "0061 0325",
	0x1E02:  "0042 0307",
	0x1E03:  "0062 0307",
	0x1E04:  "0042 0323",
	0x1E05:  "0062 0323",
	0x1E06:  "0042 0331",
	0x1E07:  "0062 0331",
	0x1E08:  "00C7 0301",
	0x1E09:  "00E7 0301",
	0x1E0A:  "0044 0307",
	0x1E0B:  "0064 0307",
	0x1E0C:  "0044 0323",
	0x1E0D:  "0064 0323",
	0x1E0E:  "0044 0331",
	0x1E0F:  "0064 0331",
	0x1E10:  "0044 0327",
	0x1E11:  "0064 0327",
	0x1E12:  "0044 032D",
	0x1E13:  "0064 032D",
	0x1E14:  "0112 0300",
	0x1E15:  "0113 0300",
	0x1E16:  "0112 0301",
	0x1E17:  "0113 0301",
	0x1E18:  "0045 032D",
	0x1E19:  "0065 032D",
	0x1E1A:  "0045 0330",
	0x1E1B:  "0065 0330",
	0x1E1C:  "0228 0306",
	0x1E1D:  "0229 0306",
	0x1E1E:  "0046 0307",
	0x1E1F:  "0066 0307",
	0x1E20:  "0047 0304",
	0x1E21:  "0067 0304",
	0x1E22:  "0048 0307",
	0x1E23:  "0068 0307",
	0x1E24:  "0048 0323",
	0x1E25:  "0068 0323",
	0x1E26:  "0048 0308",
	0x1E27:  "0068 0308",
	0x1E28:  "0048 0327",
	0x1E29:  "0068 0327",
	0x1E2A:  "0048 032E",
	0x1E2B:  "0068 032E",
	0x1E2C:  "0049 0330",
	0x1E2D:  "0069 0330",
	0x1E2E:  "00CF 0301",
	0x1E2F:  "00EF 0301",
	0x1E30:  "004B 0301",
	0x1E31:  "006B 0301",
	0x1E32:  "004B 0323",
	0x1E33:  "006B 0323",
	0x1E34:  "004B 0331",
	0x1E35:  "006B 0331",
	0x1E36:  "004C 0323",
	0x1E37:  "006C 0323",
	0x1E38:  "1E36 0304",
	0x1E39:  "1E37 0304",
	0x1E3A:  "004C 0331",
	0x1E3B:  "006C 0331",
	0x1E3C:  "004C 032D",
	0x1E3D:  "006C 032D",
	0x1E3E:  "004D 0301",
	0x1E3F:  "006D 0301",
	0x1E40:  "004D 0307",
	0x1E41:  "006D 0307",
	0x1E42:  "004D 0323",
	0x1E43:  "006D 0323",
	0x1E44:  "004E 0307",
	0x1E45:  "006E 0307",
	0x1E46:  "004E 0323",
	0x1E47:  "006E 0323",
	0x1E48:  "004E 0331",
	0x1E49:  "006E 0331",
	0x1E4A:  "004E 032D",
	0x1E4B:  "006E 032D",
	0x1E4C:  "00D5 0301",
	0x1E4D:  "00F5 0301",
	0x1E4E:  "00D5 0308",
	0x1E4F:  "00F5 0308",
	0x1E50:  "014C 0300",
	0x1E51:  "014D 0300",
	0x1E52:  "014C 0301",
	0x1E53:  "014D 0301",
	0x1E54:  "0050 0301",
	0x1E55:  "0070 0301",
	0x1E56:  "0050 0307",
	0x1E57:  "0070 0307",
	0x1E58:  "0052 0307",
	0x1E59:  "0072 0307",
	0x1E5A:  "0052 0323",
	0x1E5B:  "0072 0323",
	0x1E5C:  "1E5A 0304",
	0x1E5D:  "1E5B 0304",
	0x1E5E:  "0052 0331",
	0x1E5F:  "0072 0331",
	0x1E60:  "0053 0307",
	0x1E61:  "0073 0307",
	0x1E62:  "0053 0323",
	0x1E63:  "0073 0323",
	0x1E64:  "015A 0307",
	0x1E65:  "015B 0307",
	0x1E66:  "0160 0307",
	0x1E67:  "0161 0307",
	0x1E68:  "1E62 0307",
	0x1E69:  "1E63 0307",
	0x1E6A:  "0054 0307",
	0x1E6B:  "0074 0307",
	0x1E6C:  "0054 0323",
	0x1E6D:  "0074 0323",
	0x1E6E:  "0054 0331",
	0x1E6F:  "0074 0331",
	0x1E70:  "0054 032D",
	0x1E71:  "0074 032D",
	0x1E72:  "0055 0324",
	0x1E73:  "0075 0324",
	0x1E74:  "0055 0330",
	0x1E75:  "0075 0330",
	0x1E76:  "0055 032D",
	0x1E77:  "0075 032D",
	0x1E78:  "0168 0301",
	0x1E79:  "0169 0301",
	0x1E7A:  "016A 0308",
	0x1E7B:  "016B 0308",
	0x1E7C:  "0056 0303",
	0x1E7D:  "0076 0303",
	0x1E7E:  "0056 0323",
	0x1E7F:  "0076 0323",
	0x1E80:  "0057 0300",
	0x1E81:  "0077 0300",
	0x1E82:  "0057 0301",
	0x1E83:  "0077 0301",
	0x1E84:  "0057 0308",
	0x1E85:  "0077 0308",
	0x1E86:  "0057 0307",
	0x1E87:  "0077 0307",
	0x1E88:  "0057 0323",
	0x1E89:  "0077 0323",
	0x1E8A:  "0058 0307",
	0x1E8B:  "0078 0307",
	0x1E8C:  "0058 0308",
	0x1E8D:  "0078 0308",
	0x1E8E:  "0059 0307",
	0x1E8F:  "0079 0307",
	0x1E90:  "005A 0302",
	0x1E91:  "007A 0302",
	0x1E92:  "005A 0323",
	0x1E93:  "007A 0323",
	0x1E94:  "005A 0331",
	0x1E95:  "007A 0331",
	0x1E96:  "0068 0331",
	0x1E97:  "0074 0308",
	0x1E98:  "0077 030A",
	0x1E99:  "0079 030A",
	0x1E9A:  "<compat> 0061 02BE",
	0x1E9B:  "017F 0307",
	0x1EA0:  "0041 0323",
	0x1EA1:  "0061 0323",
	0x1EA2:  "0041 0309",
	0x1EA3:  "0061 0309",
	0x1EA4:  "00C2 0301",
	0x1EA5:  "00E2 0301",
	0x1EA6:  "00C2 0300",
	0x1EA7:  "00E2 0300",
	0x1EA8:  "00C2 0309",
	0x1EA9:  "00E2 0309",
	0x1EAA:  "00C2 0303",
	0x1EAB:  "00E2 0303",
	0x1EAC:  "1EA0 0302",
	0x1EAD:  "1EA1 0302",
	0x1EAE:  "0102 0301",
	0x1EAF:  "0103 0301",
	0x1EB0:  "0102 0300",
	0x1EB1:  "0103 0300",
	0x1EB2:  "0102 0309",
	0x1EB3:  "0103 0309",
	0x1EB4:  "0102 0303",
	0x1EB5:  "0103 0303",
	0x1EB6:  "1EA0 0306",
	0x1EB7:  "1EA1 0306",
	0x1EB8:  "0045 0323",
	0x1EB9:  "0065 0323",
	0x1EBA:  "0045 0309",
	0x1EBB:  "0065 0309",
	0x1EBC:  "0045 0303",
	0x1EBD:  "0065 0303",
	0x1EBE:  "00CA 0301",
	0x1EBF:  "00EA 0301",
	0x1EC0:  "00CA 0300",
	0x1EC1:  "00EA 0300",
	0x1EC2:  "00CA 0309",
	0x1EC3:  "00EA 0309",
	0x1EC4:  "00CA 0303",
	0x1EC5:  "00EA 0303",
	0x1EC6:  "1EB8 0302",
	0x1EC7:  "1EB9 0302",
	0x1EC8:  "0049 0309",
	0x1EC9:  "0069 0309",
	0x1ECA:  "0049 0323",
	0x1ECB:  "0069 0323",
	0x1ECC:  "004F 0323",
	0x1ECD:  "006F 0323",
	0x1ECE:  "004F 0309",
	0x1ECF:  "006F 0309",
	0x1ED0:  "00D4 0301",
	0x1ED1:  "00F4 0301",
	0x1ED2:  "00D4 0300",
	0x1ED3:  "00F4 0300",
	0x1ED4:  "00D4 0309",
	0x1ED5:  "00F4 0309",
	0x1ED6:  "00D4 0303",
	0x1ED7:  "00F4 0303",
	0x1ED8:  "1ECC 0302",
	0x1ED9:  "1ECD 0302",
	0x1EDA:  "01A0 0301",
	0x1EDB:  "01A1 0301",
	0x1EDC:  "01A0 0300",
	0x1EDD:  "01A1 0300",
	0x1EDE:  "01A0 0309",
	0x1EDF:  "01A1 0309",
	0x1EE0:  "01A0 0303",
	0x1EE1:  "01A1 0303",
	0x1EE2:  "01A0 0323",
	0x1EE3:  "01A1 0323",
	0x1EE4:  "0055 0323",
	0x1EE5:  "0075 0323",
	0x1EE6:  "0055 0309",
	0x1EE7:  "0075 0309",
	0x1EE8:  "01AF 0301",
	0x1EE9:  "01B0 0301",
	0x1EEA:  "01AF 0300",
	0x1EEB:  "01B0 0300",
	0x1EEC:  "01AF 0309",
	0x1EED:  "01B0 0309",
	0x1EEE:  "01AF 0303",
	0x1EEF:  "01B0 0303",
	0x1EF0:  "01AF 0323",
	0x1EF1:  "01B0 0323",
	0x1EF2:  "0059 0300",
	0x1EF3:  "0079 0300",
	0x1EF4:  "0059 0323",
	0x1EF5:  "0079 0323",
	0x1EF6:  "0059 0309",
	0x1EF7:  "0079 0309",
	0x1EF8:  "0059 0303",
	0x1EF9:  "0079 0303",
	0x1F00:  "03B1 0313",
	0x1F01:  "03B1 0314",
	0x1F02:  "1F00 0300",
	0x1F03:  "1F01 0300",
	0x1F04:  "1F00 0301",
	0x1F05:  "1F01 0301",
	0x1F06:  "1F00 0342",
	0x1F07:  "1F01 0342",
	0x1F08:  "0391 0313",
	0x1F09:  "0391 0314",
	0x1F0A:  "1F08 0300",
	0x1F0B:  "1F09 0300",
	0x1F0C:  "1F08 0301",
	0x1F0D:  "1F09 0301",
	0x1F0E:  "1F08 0342",
	0x1F0F:  "1F09 0342",
	0x1F10:  "03B5 0313",
	0x1F11:  "03B5 0314",
	0x1F12:  "1F10 0300",
	0x1F13:  "1F11 0300",
	0x1F14:  "1F10 0301",
	0x1F15:  "1F11 0301",
	0x1F18:  "0395 0313",
	0x1F19:  "0395 0314",
	0x1F1A:  "1F18 0300",
	0x1F1B:  "1F19 0300",
	0x1F1C:  "1F18 0301",
	0x1F1D:  "1F19 0301",
	0x1F20:  "03B7 0313",
	0x1F21:  "03B7 0314",
	0x1F22:  "1F20 0300",
	0x1F23:  "1F21 0300",
	0x1F24:  "1F20 0301",
	0x1F25:  "1F21 0301",
	0x1F26:  "1F20 0342",
	0x1F27:  "1F21 0342",
	0x1F28:  "0397 0313",
	0x1F29:  "0397 0314",
	0x1F2A:  "1F28 0300",
	0x1F2B:  "1F29 0300",
	0x1F2C:  "1F28 0301",
	0x1F2D:  "1F29 0301",
	0x1F2E:  "1F28 0342",
	0x1F2F:  "1F29 0342",
	0x1F30:  "03B9 0313",
	0x1F31:  "03B9 0314",
	0x1F32:  "1F30 0300",
	0x1F33:  "1F31 0300",
	0x1F34:  "1F30 0301",
	0x1F35:  "1F31 0301",
	0x1F36:  "1F30 0342",
	0x1F37:  "1F31 0342",
	0x1F38:  "0399 0313",
	0x1F39:  "0399 0314",
	0x1F3A:  "1F38 0300",
	0x1F3B:  "1F39 0300",
	0x1F3C:  "1F38 0301",
	0x1F3D:  "1F39 0301",
	0x1F3E:  "1F38 0342",
	0x1F3F:  "1F39 0342",
	0x1F40:  "03BF 0313",
	0x1F41:  "03BF 0314",
	0x1F42:  "1F40 0300",
	0x1F43:  "1F41 0300",
	0x1F44:  "1F40 0301",
	0x1F45:  "1F41 0301",
	0x1F48:  "039F 0313",
	0x1F49:  "039F 0314",
	0x1F4A:  "1F48 0300",
	0x1F4B:  "1F49 0300",
	0x1F4C:  "1F48 0301",
	0x1F4D:  "1F49 0301",
	0x1F50:  "03C5 0313",
	0x1F51:  "03C5 0314",
	0x1F52:  "1F50 0300",
	0x1F53:  "1F51 0300",
	0x1F54:  "1F50 0301",
	0x1F55:  "1F51 0301",
	0x1F56:  "1F50 0342",
	0x1F57:  "1F51 0342",
	0x1F59:  "03A5 0314",
	0x1F5B:  "1F59 0300",
	0x1F5D:  "1F59 0301",
	0x1F5F:  "1F59 0342",
	0x1F60:  "03C9 0313",
	0x1F61:  "03C9 0314",
	0x1F62:  "1F60 0300",
	0x1F63:  "1F61 0300",
	0x1F64:  "1F60 0301",
	0x1F65:  "1F61 0301",
	0x1F66:  "1F60 0342",
	0x1F67:  "1F61 0342",
	0x1F68:  "03A9 0313",
	0x1F69:  "03A9 0314",
	0x1F6A:  "1F68 0300",
	0x1F6B:  "1F69 0300",
	0x1F6C:  "1F68 0301",
	0x1F6D:  "1F69 0301",
	0x1F6E:  "1F68 0342",
	0x1F6F:  "1F69 0342",
	0x1F70:  "03B1 0300",
	0x1F71:  "03AC",
	0x1F72:  "03B5 0300",
	0x1F73:  "03AD",
	0x1F74:  "03B7 0300",
	0x1F75:  "03AE",
	0x1F76:  "03B9 0300",
	0x1F77:  "03AF",
	0x1F78:  "03BF 0300",
	0x1F79:  "03CC",
	0x1F7A:  "03C5 0300",
	0x1F7B:  "03CD",
	0x1F7C:  "03C9 0300",
	0x1F7D:  "03CE",
	0x1F80:  "1F00 0345",
	0x1F81:  "1F01 0345",
	0x1F82:  "1F02 0345",
	0x1F83:  "1F03 0345",
	0x1F84:  "1F04 0345",
	0x1F85:  "1F05 0345",
	0x1F86:  "1F06 0345",
	0x1F87:  "1F07 0345",
	0x1F88:  "1F08 0345",
	0x1F89:  "1F09 0345",
	0x1F8A:  "1F0A 0345",
	0x1F8B:  "1F0B 0345",
	0x1F8C:  "1F0C 0345",
	0x1F8D:  "1F0D 0345",
	0x1F8E:  "1F0E 0345",
	0x1F8F:  "1F0F 0345",
	0x1F90:  "1F20 0345",
	0x1F91:  "1F21 0345",
	0x1F92:  "1F22 0345",
	0x1F93:  "1F23 0345",
	0x1F94:  "1F24 0345",
	0x1F95:  "1F25 0345",
	0x1F96:  "1F26 0345",
	0x1F97:  "1F27 0345",
	0x1F98:  "1F28 0345",
	0x1F99:  "1F29 0345",
	0x1F9A:  "1F2A 0345",
	0x1F9B:  "1F2B 0345",
	0x1F9C:  "1F2C 0345",
	0x1F9D:  "1F2D 0345",
	0x1F9E:  "1F2E 0345",
	0x1F9F:  "1F2F 0345",
	0x1FA0:  "1F60 0345",
	0x1FA1:  "1F61 0345",
	0x1FA2:  "1F62 0345",
	0x1FA3:  "1F63 0345",
	0x1FA4:  "1F64 0345",
	0x1FA5:  "1F65 0345",
	0x1FA6:  "1F66 0345",
	0x1FA7:  "1F67 0345",
	0x1FA8:  "1F68 0345",
	0x1FA9:  "1F69 0345",
	0x1FAA:  "1F6A 0345",
	0x1FAB:  "1F6B 0345",
	0x1FAC:  "1F6C 0345",
	0x1FAD:  "1F6D 0345",
	0x1FAE:  "1F6E 0345",
	0x1FAF:  "1F6F 0345",
	0x1FB0:  "03B1 0306",
	0x1FB1:  "03B1 0304",
	0x1FB2:  "1F70 0345",
	0x1FB3:  "03B1 0345",
	0x1FB4:  "03AC 0345",
	0x1FB6:  "03B1 0342",
	0x1FB7:  "1FB6 0345",
	0x1FB8:  "0391 0306",
	0x1FB9:  "0391 0304",
	0x1FBA:  "0391 0300",
	0x1FBB:  "0386",
	0x1FBC:  "0391 0345",
	0x1FBD:  "<compat> 0020 0313",
	0x1FBE:  "03B9",
	0x1FBF:  "<compat> 0020 0313",
	0x1FC0:  "<compat> 0020 0342",
	0x1FC1:  "00A8 0342",
	0x1FC2:  "1F74 0345",
	0x1FC3:  "03B7 0345",
	0x1FC4:  "03AE 0345",
	0x1FC6:  "03B7 0342",
	0x1FC7:  "1FC6 0345",
	0x1FC8:  "0395 0300",
	0x1FC9:  "0388",
	0x1FCA:  "0397 0300",
	0x1FCB:  "0389",
	0x1FCC:  "0397 0345",
	0x1FCD:  "1FBF 0300",
	0x1FCE:  "1FBF 0301",
	0x1FCF:  "1FBF 0342",
	0x1FD0:  "03B9 0306",
	0x1FD1:  "03B9 0304",
	0x1FD2:  "03CA 0300",
	0x1FD3:  "0390",
	0x1FD6:  "03B9 0342",
	0x1FD7:  "03CA 0342",
	0x1FD8:  "0399 0306",
	0x1FD9:  "0399 0304",
	0x1FDA:  "0399 0300",
	0x1FDB:  "038A",
	0x1FDD:  "1FFE 0300",
	0x1FDE:  "1FFE 0301",
	0x1FDF:  "1FFE 0342",
	0x1FE0:  "03C5 0306",
	0x1FE1:  "03C5 0304",
	0x1FE2:  "03CB 0300",
	0x1FE3:  "03B0",
	0x1FE4:  "03C1 0313",
	0x1FE5:  "03C1 0314",
	0x1FE6:  "03C5 0342",
	0x1FE7:  "03CB 0342",
	0x1FE8:  "03A5 0306",
	0x1FE9:  "03A5 0304",
	0x1FEA:  "03A5 0300",
	0x1FEB:  "038E",
	0x1FEC:  "03A1 0314",
	0x1FED:  "00A8 0300",
	0x1FEE:  "0385",
	0x1FEF:  "0060",
	0x1FF2:  "1F7C 0345",
	0x1FF3:  "03C9 0345",
	0x1FF4:  "03CE 0345",
	0x1FF6:  "03C9 0342",
	0x1FF7:  "1FF6 0345",
	0x1FF8:  "039F 0300",
	0x1FF9:  "038C",
	0x1FFA:  "03A9 0300",
	0x1FFB:  "038F",
	0x1FFC:  "03A9 0345",
	0x1FFD:  "00B4",
	0x1FFE:  "<compat> 0020 0314",
	0x2000:  "2002",
	0x2001:  "2003",
	0x2002:  "<compat> 0020",
	0x2003:  "<compat> 0020",
	0x2004:  "<compat> 0020",
	0x2005:  "<compat> 0020",
	0x2006:  "<compat> 0020",
	0x2007:  "<noBreak> 0020",
	0x2008:  "<compat> 0020",
	0x2009:  "<compat> 0020",
	0x200A:  "<compat> 0020",
	0x2011:  "<noBreak> 2010",
	0x2017:  "<compat> 0020 0333",
	0x2024:  "<compat> 002E",
	0x2025:  "<compat> 002E 002E",
	0x2026:  "<compat> 002E 002E 002E",
	0x202F:  "<noBreak> 0020",
	0x2033:  "<compat> 2032 2032",
	0x2034:  "<compat> 2032 2032 2032",
	0x2036:  "<compat> 2035 2035",
	0x2037:  "<compat> 2035 2035 2035",
	0x203C:  "<compat> 0021 0021",
	0x203E:  "<compat> 0020 0305",
	0x2047:  "<compat> 003F 003F",
	0x2048:  "<compat> 003F 0021",
	0x2049:  "<compat> 0021 003F",
	0x2057:  "<compat> 2032 2032 2032 2032",
	0x205F:  "<compat> 0020",
	0x2070:  "<super> 0030",
	0x2071:  "<super> 0069",
	0x2074:  "<super> 0034",
	0x2075:  "<super> 0035",
	0x2076:  "<super> 0036",
	0x2077:  "<super> 0037",
	0x2078:  "<super> 0038",
	0x2079:  "<super> 0039",
	0x207A:  "<super> 002B",
	0x207B:  "<super> 2212",
	0x207C:  "<super> 003D",
	0x207D:  "<super> 0028",
	0x207E:  "<super> 0029",
	0x207F:  "<super> 006E",
	0x2080:  "<sub> 0030",
	0x2081:  "<sub> 0031",
	0x2082:  "<sub> 0032",
	0x2083:  "<sub> 0033",
	0x2084:  "<sub> 0034",
	0x2085:  "<sub> 0035",
	0x2086:  "<sub> 0036",
	0x2087:  "<sub> 0037",
	0x2088:  "<sub> 0038",
	0x2089:  "<sub> 0039",
	0x208A:  "<sub> 002B",
	0x208B:  "<sub> 2212",
	0x208C:  "<sub> 003D",
	0x208D:  "<sub> 0028",
	0x208E:  "<sub> 0029",
	0x2090:  "<sub> 0061",
	0x2091:  "<sub> 0065",
	0x2092:  "<sub> 006F",
	0x2093:  "<sub> 0078",
	0x2094:  "<sub> 0259",
	0x2095:  "<sub> 0068",
	0x2096:  "<sub> 006B",
	0x2097:  "<sub> 006C",
	0x2098:  "<sub> 006D",
	0x2099:  "<sub> 006E",
	0x209A:  "<sub> 0070",
	0x209B:  "<sub> 0073",
	0x209C:  "<sub> 0074",
	0x20A8:  "<compat> 0052 0073",
	0x2100:  "<compat> 0061 002F 0063",
	0x2101:  "<compat> 0061 002F 0073",
	0x2102:  "<font> 0043",
	0x2103:  "<compat> 00B0 0043",
	0x2105:  "<compat> 0063 002F 006F",
	0x2106:  "<compat> 0063 002F 0075",
	0x2107:  "<compat> 0190",
	0x2109:  "<compat> 00B0 0046",
	0x210A:  "<font> 0067",
	0x210B:  "<font> 0048",
	0x210C:  "<font> 0048",
	0x210D:  "<font> 0048",
	0x210E:  "<font> 0068",
	0x210F:  "<font> 0127",
	0x2110:  "<font> 0049",
	0x2111:  "<font> 0049",
	0x2112:  "<font> 004C",
	0x2113:  "<font> 006C",
	0x2115:  "<font> 004E",
	0x2116:  "<compat> 004E 006F",
	0x2119:  "<font> 0050",
	0x211A:  "<font> 0051",
	0x211B:  "<font> 0052",
	0x211C:  "<font> 0052",
	0x211D:  "<font> 0052",
	0x2120:  "<super> 0053 004D",
	0x2121:  "<compat> 0054 0045 004C",
	0x2122:  "<super> 0054 004D",
	0x2124:  "<font> 005A",
	0x2126:  "03A9",
	0x2128:  "<font> 005A",
	0x212A:  "004B",
	0x212B:  "00C5",
	0x212C:  "<font> 0042",
	0x212D:  "<font> 0043",
	0x212F:  "<font> 0065",
	0x2130:  "<font> 0045",
	0x2131:  "<font> 0046",
	0x2133:  "<font> 004D",
	0x2134:  "<font> 006F",
	0x2135:  "<compat> 05D0",
	0x2136:  "<compat> 05D1",
	0x2137:  "<compat> 05D2",
	0x2138:  "<compat> 05D3",
	0x2139:  "<font> 0069",
	0x213B:  "<compat> 0046 0041 0058",
	0x213C:  "<font> 03C0",
	0x213D:  "<font> 03B3",
	0x213E:  "<font> 0393",
	0x213F:  "<font> 03A0",
	0x2140:  "<font> 2211",
	0x2145:  "<font> 0044",
	0x2146:  "<font> 0064",
	0x2147:  "<font> 0065",
	0x2148:  "<font> 0069",
	0x2149:  "<font> 006A",
	0x2150:  "<fraction> 0031 2044 0037",
	0x2151:  "<fraction> 0031 2044 0039",
	0x2152:  "<fraction> 0031 2044 0031 0030",
	0x2153:  "<fraction> 0031 2044 0033",
	0x2154:  "<fraction> 0032 2044 0033",
	0x2155:  "<fraction> 0031 2044 0035",
	0x2156:  "<fraction> 0032 2044 0035",
	0x2157:  "<fraction> 0033 2044 0035",
	0x2158:  "<fraction> 0034 2044 0035",
	0x2159:  "<fraction> 0031 2044 0036",
	0x215A:  "<fraction> 0035 2044 0036",
	0x215B:  "<fraction> 0031 2044 0038",
	0x215C:  "<fraction> 0033 2044 0038",
	0x215D:  "<fraction> 0035 2044 0038",
	0x215E:  "<fraction> 0037 2044 0038",
	0x215F:  "<fraction> 0031 2044",
	0x2160:  "<compat> 0049",
	0x2161:  "<compat> 0049 0049",
	0x2162:  "<compat> 0049 0049 0049",
	0x2163:  "<compat> 0049 0056",
	0x2164:  "<compat> 0056",
	0x2165:  "<compat> 0056 0049",
	0x2166:  "<compat> 0056 0049 0049",
	0x2167:  "<compat> 0056 0049 0049 0049",
	0x2168:  "<compat> 0049 0058",
	0x2169:  "<compat> 0058",
	0x216A:  "<compat> 0058 0049",
	0x216B:  "<compat> 0058 0049 0049",
	0x216C:  "<compat> 004C",
	0x216D:  "<compat> 0043",
	0x216E:  "<compat> 0044",
	0x216F:  "<compat> 004D",
	0x2170:  "<compat> 0069",
	0x2171:  "<compat> 0069 0069",
	0x2172:  "<compat> 0069 0069 0069",
	0x2173:  "<compat> 0069 0076",
	0x2174:  "<compat> 0076",
	0x2175:  "<compat> 0076 0069",
	0x2176:  "<compat> 0076 0069 0069",
	0x2177:  "<compat> 0076 0069 0069 0069",
	0x2178:  "<compat> 0069 0078",
	0x2179:  "<compat> 0078",
	0x217A:  "<compat> 0078 0069",
	0x217B:  "<compat> 0078 0069 0069",
	0x217C:  "<compat> 006C",
	0x217D:  "<compat> 0063",
	0x217E:  "<compat> 0064",
	0x217F:  "<compat> 006D",
	0x2189:  "<fraction> 0030 2044 0033",
	0x219A:  "2190 0338",
	0x219B:  "2192 0338",
	0x21AE:  "2194 0338",
	0x21CD:  "21D0 0338",
	0x21CE:  "21D4 0338",
	0x21CF:  "21D2 0338",
	0x2204:  "2203 0338",
	0x2209:  "2208 0338",
	0x220C:  "220B 0338",
	0x2224:  "2223 0338",
	0x2226:  "2225 0338",
	0x222C:  "<compat> 222B 222B",
	0x222D:  "<compat> 222B 222B 222B",
	0x222F:  "<compat> 222E 222E",
	0x2230:  "<compat> 222E 222E 222E",
	0x2241:  "223C 0338",
	0x2244:  "2243 0338",
	0x2247:  "2245 0338",
	0x2249:  "2248 0338",
	0x2260:  "003D 0338",
	0x2262:  "2261 0338",
	0x226D:  "224D 0338",
	0x226E:  "003C 0338",
	0x226F:  "003E 0338",
	0x2270:  "2264 0338",
	0x2271:  "2265 0338",
	0x2274:  "2272 0338",
	0x2275:  "2273 0338",
	0x2278:  "2276 0338",
	0x2279:  "2277 0338",
	0x2280:  "227A 0338",
	0x2281:  "227B 0338",
	0x2284:  "2282 0338",
	0x2285:  "2283 0338",
	0x2288:  "2286 0338",
	0x2289:  "2287 0338",
	0x22AC:  "22A2 0338",
	0x22AD:  "22A8 0338",
	0x22AE:  "22A9 0338",
	0x22AF:  "22AB 0338",
	0x22E0:  "227C 0338",
	0x22E1:  "227D 0338",
	0x22E2:  "2291 0338",
	0x22E3:  "2292 0338",
	0x22EA:  "22B2 0338",
	0x22EB:  "22B3 0338",
	0x22EC:  "22B4 0338",
	0x22ED:  "22B5 0338",
	0x2329:  "3008",
	0x232A:  "3009",
	0x2460:  "<circle> 0031",
	0x2461:  "<circle> 0032",
	0x2462:  "<circle> 0033",
	0x2463:  "<circle> 0034",
	0x2464:  "<circle> 0035",
	0x2465:  "<circle> 0036",
	0x2466:  "<circle> 0037",
	0x2467:  "<circle> 0038",
	0x2468:  "<circle> 0039",
	0x2469:  "<circle> 0031 0030",
	0x246A:  "<circle> 0031 0031",
	0x246B:  "<circle> 0031 0032",
	0x246C:  "<circle> 0031 0033",
	0x246D:  "<circle> 0031 0034",
	0x246E:  "<circle> 0031 0035",
	0x246F:  "<circle> 0031 0036",
	0x2470:  "<circle> 0031 0037",
	0x2471:  "<circle> 0031 0038",
	0x2472:  "<circle> 0031 0039",
	0x2473:  "<circle> 0032 0030",
	0x2474:  "<compat> 0028 0031 0029",
	0x2475:  "<compat> 0028 0032 0029",
	0x2476:  "<compat> 0028 0033 0029",
	0x2477:  "<compat> 0028 0034 0029",
	0x2478:  "<compat> 0028 0035 0029",
	0x2479:  "<compat> 0028 0036 0029",
	0x247A:  "<compat> 0028 0037 0029",
	0x247B:  "<compat> 0028 0038 0029",
	0x247C:  "<compat> 0028 0039 0029",
	0x247D:  "<compat> 0028 0031 0030 0029",
	0x247E:  "<compat> 0028 0031 0031 0029",
	0x247F:  "<compat> 0028 0031 0032 0029",
	0x2480:  "<compat> 0028 0031 0033 0029",
	0x2481:  "<compat> 0028 0031 0034 0029",
	0x2482:  "<compat> 0028 0031 0035 0029",
	0x2483:  "<compat> 0028 0031 0036 0029",
	0x2484:  "<compat> 0028 0031 0037 0029",
	0x2485:  "<compat> 0028 0031 0038 0029",
	0x2486:  "<compat> 0028 0031 0039 0029",
	0x2487:  "<compat> 0028 0032 0030 0029",
	0x2488:  "<compat> 0031 002E",
	0x2489:  "<compat> 0032 002E",
	0x248A:  "<compat> 0033 002E",
	0x248B:  "<compat> 0034 002E",
	0x248C:  "<compat> 0035 002E",
	0x248D:  "<compat> 0036 002E",
	0x248E:  "<compat> 0037 002E",
	0x248F:  "<compat> 0038 002E",
	0x2490:  "<compat> 0039 002E",
	0x2491:  "<compat> 0031 0030 002E",
	0x2492:  "<compat> 0031 0031 002E",
	0x2493:  "<compat> 0031 0032 002E",
	0x2494:  "<compat> 0031 0033 002E",
	0x2495:  "<compat> 0031 0034 002E",
	0x2496:  "<compat> 0031 0035 002E",
	0x2497:  "<compat> 0031 0036 002E",
	0x2498:  "<compat> 0031 0037 002E",
	0x2499:  "<compat> 0031 0038 002E",
	0x249A:  "<compat> 0031 0039 002E",
	0x249B:  "<compat> 0032 0030 002E",
	0x249C:  "<compat> 0028 0061 0029",
	0x249D:  "<compat> 0028 0062 0029",
	0x249E:  "<compat> 0028 0063 0029",
	0x249F:  "<compat> 0028 0064 0029",
	0x24A0:  "<compat> 0028 0065 0029",
	0x24A1:  "<compat> 0028 0066 0029",
	0x24A2:  "<compat> 0028 0067 0029",
	0x24A3:  "<compat> 0028 0068 0029",
	0x24A4:  "<compat> 0028 0069 0029",
	0x24A5:  "<compat> 0028 006A 0029",
	0x24A6:  "<compat> 0028 006B 0029",
	0x24A7:  "<compat> 0028 006C 0029",
	0x24A8:  "<compat> 0028 006D 0029",
	0x24A9:  "<compat> 0028 006E 0029",
	0x24AA:  "<compat> 0028 006F 0029",
	0x24AB:  "<compat> 0028 0070 0029",
	0x24AC:  "<compat> 0028 0071 0029",
	0x24AD:  "<compat> 0028 0072 0029",
	0x24AE:  "<compat> 0028 0073 0029",
	0x24AF:  "<compat> 0028 0074 0029",
	0x24B0:  "<compat> 0028 0075 0029",
	0x24B1:  "<compat> 0028 0076 0029",
	0x24B2:  "<compat> 0028 0077 0029",
	0x24B3:  "<compat> 0028 0078 0029",
	0x24B4:  "<compat> 0028 0079 0029",
	0x24B5:  "<compat> 0028 007A 0029",
	0x24B6:  "<circle> 0041",
	0x24B7:  "<circle> 0042",
	0x24B8:  "<circle> 0043",
	0x24B9:  "<circle> 0044",
	0x24BA:  "<circle> 0045",
	0x24BB:  "<circle> 0046",
	0x24BC:  "<circle> 0047",
	0x24BD:  "<circle> 0048",
	0x24BE:  "<circle> 0049",
	0x24BF:  "<circle> 004A",
	0x24C0:  "<circle> 004B",
	0x24C1:  "<circle> 004C",
	0x24C2:  "<circle> 004D",
	0x24C3:  "<circle> 004E",
	0x24C4:  "<circle> 004F",
	0x24C5:  "<circle> 0050",
	0x24C6:  "<circle> 0051",
	0x24C7:  "<circle> 0052",
	0x24C8:  "<circle> 0053",
	0x24C9:  "<circle> 0054",
	0x24CA:  "<circle> 0055",
	0x24CB:  "<circle> 0056",
	0x24CC:  "<circle> 0057",
	0x24CD:  "<circle> 0058",
	0x24CE:  "<circle> 0059",
	0x24CF:  "<circle> 005A",
	0x24D0:  "<circle> 0061",
	0x24D1:  "<circle> 0062",
	0x24D2:  "<circle> 0063",
	0x24D3:  "<circle> 0064",
	0x24D4:  "<circle> 0065",
	0x24D5:  "<circle> 0066",
	0x24D6:  "<circle> 0067",
	0x24D7:  "<circle> 0068",
	0x24D8:  "<circle> 0069",
	0x24D9:  "<circle> 006A",
	0x24DA:  "<circle> 006B",
	0x24DB:  "<circle> 006C",
	0x24DC:  "<circle> 006D",
	0x24DD:  "<circle> 006E",
	0x24DE:  "<circle> 006F",
	0x24DF:  "<circle> 0070",
	0x24E0:  "<circle> 0071",
	0x24E1:  "<circle> 0072",
	0x24E2:  "<circle> 0073",
	0x24E3:  "<circle> 0074",
	0x24E4:  "<circle> 0075",
	0x24E5:  "<circle> 0076",
	0x24E6:  "<circle> 0077",
	0x24E7:  "<circle> 0078",
	0x24E8:  "<circle> 0079",
	0x24E9:  "<circle> 007A",
	0x24EA:  "<circle> 0030",
	0x2A0C:  "<compat> 222B 222B 222B 222B",
	0x2A74:  "<compat> 003A 003A 003D",
	0x2A75:  "<compat> 003D 003D",
	0x2A76:  "<compat> 003D 003D 003D",
	0x2ADC:  "2ADD 0338",
	0x2C7C:  "<sub> 006A",
	0x2C7D:  "<super> 0056",
	0x2D6F:  "<super> 2D61",
	0x2E9F:  "<compat> 6BCD",
	0x2EF3:  "<compat> 9F9F",
	0x2F00:  "<compat> 4E00",
	0x2F01:  "<compat> 4E28",
	0x2F02:  "<compat> 4E36",
	0x2F03:  "<compat> 4E3F",
	0x2F04:  "<compat> 4E59",
	0x2F05:  "<compat> 4E85",
	0x2F06:  "<compat> 4E8C",
	0x2F07:  "<compat> 4EA0",
	0x2F08:  "<compat> 4EBA",
	0x2F09:  "<compat> 513F",
	0x2F0A:  "<compat> 5165",
	0x2F0B:  "<compat> 516B",
	0x2F0C:  "<compat> 5182",
	0x2F0D:  "<compat> 5196",
	0x2F0E:  "<compat> 51AB",
	0x2F0F:  "<compat> 51E0",
	0x2F10:  "<compat> 51F5",
	0x2F11:  "<compat> 5200",
	0x2F12:  "<compat> 529B",
	0x2F13:  "<compat> 52F9",
	0x2F14:  "<compat> 5315",
	0x2F15:  "<compat> 531A",
	0x2F16:  "<compat> 5338",
	0x2F17:  "<compat> 5341",
	0x2F18:  "<compat> 535C",
	0x2F19:  "<compat> 5369",
	0x2F1A:  "<compat> 5382",
	0x2F1B:  "<compat> 53B6",
	0x2F1C:  "<compat> 53C8",
	0x2F1D:  "<compat> 53E3",
	0x2F1E:  "<compat> 56D7",
	0x2F1F:  "<compat> 571F",
	0x2F20:  "<compat> 58EB",
	0x2F21:  "<compat> 5902",
	0x2F22:  "<compat> 590A",
	0x2F23:  "<compat> 5915",
	0x2F24:  "<compat> 5927",
	0x2F25:  "<compat> 5973",
	0x2F26:  "<compat> 5B50",
	0x2F27:  "<compat> 5B80",
	0x2F28:  "<compat> 5BF8",
	0x2F29:  "<compat> 5C0F",
	0x2F2A:  "<compat> 5C22",
	0x2F2B:  "<compat> 5C38",
	0x2F2C:  "<compat> 5C6E",
	0x2F2D:  "<compat> 5C71",
	0x2F2E:  "<compat> 5DDB",
	0x2F2F:  "<compat> 5DE5",
	0x2F30:  "<compat> 5DF1",
	0x2F31:  "<compat> 5DFE",
	0x2F32:  "<compat> 5E72",
	0x2F33:  "<compat> 5E7A",
	0x2F34:  "<compat> 5E7F",
	0x2F35:  "<compat> 5EF4",
	0x2F36:  "<compat> 5EFE",
	0x2F37:  "<compat> 5F0B",
	0x2F38:  "<compat> 5F13",
	0x2F39:  "<compat> 5F50",
	0x2F3A:  "<compat> 5F61",
	0x2F3B:  "<compat> 5F73",
	0x2F3C:  "<compat> 5FC3",
	0x2F3D:  "<compat> 6208",
	0x2F3E:  "<compat> 6236",
	0x2F3F:  "<compat> 624B",
	0x2F40:  "<compat> 652F",
	0x2F41:  "<compat> 6534",
	0x2F42:  "<compat> 6587",
	0x2F43:  "<compat> 6597",
	0x2F44:  "<compat> 65A4",
	0x2F45:  "<compat> 65B9",
	0x2F46:  "<compat> 65E0",
	0x2F47:  "<compat> 65E5",
	0x2F48:  "<compat> 66F0",
	0x2F49:  "<compat> 6708",
	0x2F4A:  "<compat> 6728",
	0x2F4B:  "<compat> 6B20",
	0x2F4C:  "<compat> 6B62",
	0x2F4D:  "<compat> 6B79",
	0x2F4E:  "<compat> 6BB3",
	0x2F4F:  "<compat> 6BCB",
	0x2F50:  "<compat> 6BD4",
	0x2F51:  "<compat> 6BDB",
	0x2F52:  "<compat> 6C0F",
	0x2F53:  "<compat> 6C14",
	0x2F54:  "<compat> 6C34",
	0x2F55:  "<compat> 706B",
	0x2F56:  "<compat> 722A",
	0x2F57:  "<compat> 7236",
	0x2F58:  "<compat> 723B",
	0x2F59:  "<compat> 723F",
	0x2F5A:  "<compat> 7247",
	0x2F5B:  "<compat> 7259",
	0x2F5C:  "<compat> 725B",
	0x2F5D:  "<compat> 72AC",
	0x2F5E:  "<compat> 7384",
	0x2F5F:  "<compat> 7389",
	0x2F60:  "<compat> 74DC",
	0x2F61:  "<compat> 74E6",
	0x2F62:  "<compat> 7518",
	0x2F63:  "<compat> 751F",
	0x2F64:  "<compat> 7528",
	0x2F65:  "<compat> 7530",
	0x2F66:  "<compat> 758B",
	0x2F67:  "<compat> 7592",
	0x2F68:  "<compat> 7676",
	0x2F69:  "<compat> 767D",
	0x2F6A:  "<compat> 76AE",
	0x2F6B:  "<compat> 76BF",
	0x2F6C:  "<compat> 76EE",
	0x2F6D:  "<compat> 77DB",
	0x2F6E:  "<compat> 77E2",
	0x2F6F:  "<compat> 77F3",
	0x2F70:  "<compat> 793A",
	0x2F71:  "<compat> 79B8",
	0x2F72:  "<compat> 79BE",
	0x2F73:  "<compat> 7A74",
	0x2F74:  "<compat> 7ACB",
	0x2F75:  "<compat> 7AF9",
	0x2F76:  "<compat> 7C73",
	0x2F77:  "<compat> 7CF8",
	0x2F78:  "<compat> 7F36",
	0x2F79:  "<compat> 7F51",
	0x2F7A:  "<compat> 7F8A",
	0x2F7B:  "<compat> 7FBD",
	0x2F7C:  "<compat> 8001",
	0x2F7D:  "<compat> 800C",
	0x2F7E:  "<compat> 8012",
	0x2F7F:  "<compat> 8033",
	0x2F80:  "<compat> 807F",
	0x2F81:  "<compat> 8089",
	0x2F82:  "<compat> 81E3",
	0x2F83:  "<compat> 81EA",
	0x2F84:  "<compat> 81F3",
	0x2F85:  "<compat> 81FC",
	0x2F86:  "<compat> 820C",
	0x2F87:  "<compat> 821B",
	0x2F88:  "<compat> 821F",
	0x2F89:  "<compat> 826E",
	0x2F8A:  "<compat> 8272",
	0x2F8B:  "<compat> 8278",
	0x2F8C:  "<compat> 864D",
	0x2F8D:  "<compat> 866B",
	0x2F8E:  "<compat> 8840",
	0x2F8F:  "<compat> 884C",
	0x2F90:  "<compat> 8863",
	0x2F91:  "<compat> 897E",
	0x2F92:  "<compat> 898B",
	0x2F93:  "<compat> 89D2",
	0x2F94:  "<compat> 8A00",
	0x2F95:  "<compat> 8C37",
	0x2F96:  "<compat> 8C46",
	0x2F97:  "<compat> 8C55",
	0x2F98:  "<compat> 8C78",
	0x2F99:  "<compat> 8C9D",
	0x2F9A:  "<compat> 8D64",
	0x2F9B:  "<compat> 8D70",
	0x2F9C:  "<compat> 8DB3",
	0x2F9D:  "<compat> 8EAB",
	0x2F9E:  "<compat> 8ECA",
	0x2F9F:  "<compat> 8F9B",
	0x2FA0:  "<compat> 8FB0",
	0x2FA1:  "<compat> 8FB5",
	0x2FA2:  "<compat> 9091",
	0x2FA3:  "<compat> 9149",
	0x2FA4:  "<compat> 91C6",
	0x2FA5:  "<compat> 91CC",
	0x2FA6:  "<compat> 91D1",
	0x2FA7:  "<compat> 9577",
	0x2FA8:  "<compat> 9580",
	0x2FA9:  "<compat> 961C",
	0x2FAA:  "<compat> 96B6",
	0x2FAB:  "<compat> 96B9",
	0x2FAC:  "<compat> 96E8",
	0x2FAD:  "<compat> 9751",
	0x2FAE:  "<compat> 975E",
	0x2FAF:  "<compat> 9762",
	0x2FB0:  "<compat> 9769",
	0x2FB1:  "<compat> 97CB",
	0x2FB2:  "<compat> 97ED",
	0x2FB3:  "<compat> 97F3",
	0x2FB4:  "<compat> 9801",
	0x2FB5:  "<compat> 98A8",
	0x2FB6:  "<compat> 98DB",
	0x2FB7:  "<compat> 98DF",
	0x2FB8:  "<compat> 9996",
	0x2FB9:  "<compat> 9999",
	0x2FBA:  "<compat> 99AC",
	0x2FBB:  "<compat> 9AA8",
	0x2FBC:  "<compat> 9AD8",
	0x2FBD:  "<compat> 9ADF",
	0x2FBE:  "<compat> 9B25",
	0x2FBF:  "<compat> 9B2F",
	0x2FC0:  "<compat> 9B32",
	0x2FC1:  "<compat> 9B3C",
	0x2FC2:  "<compat> 9B5A",
	0x2FC3:  "<compat> 9CE5",
	0x2FC4:  "<compat> 9E75",
	0x2FC5:  "<compat> 9E7F",
	0x2FC6:  "<compat> 9EA5",
	0x2FC7:  "<compat> 9EBB",
	0x2FC8:  "<compat> 9EC3",
	0x2FC9:  "<compat> 9ECD",
	0x2FCA:  "<compat> 9ED1",
	0x2FCB:  "<compat> 9EF9",
	0x2FCC:  "<compat> 9EFD",
	0x2FCD:  "<compat> 9F0E",
	0x2FCE:  "<compat> 9F13",
	0x2FCF:  "<compat> 9F20",
	0x2FD0:  "<compat> 9F3B",
	0x2FD1:  "<compat> 9F4A",
	0x2FD2:  "<compat> 9F52",
	0x2FD3:  "<compat> 9F8D",
	0x2FD4:  "<compat> 9F9C",
	0x2FD5:  "<compat> 9FA0",
	0x3000:  "<wide> 0020",
	0x3036:  "<compat> 3012",
	0x3038:  "<compat> 5341",
	0x3039:  "<compat> 5344",
	0x303A:  "<compat> 5345",
	0x304C:  "304B 3099",
	0x304E:  "304D 3099",
	0x3050:  "304F 3099",
	0x3052:  "3051 3099",
	0x3054:  "3053 3099",
	0x3056:  "3055 3099",
	0x3058:  "3057 3099",
	0x305A:  "3059 3099",
	0x305C:  "305B 3099",
	0x305E:  "305D 3099",
	0x3060:  "305F 3099",
	0x3062:  "3061 3099",
	0x3065:  "3064 3099",
	0x3067:  "3066 3099",
	0x3069:  "3068 3099",
	0x3070:  "306F 3099",
	0x3071:  "306F 309A",
	0x3073:  "3072 3099",
	0x3074:  "3072 309A",
	0x3076:  "3075 3099",
	0x3077:  "3075 309A",
	0x3079:  "3078 3099",
	0x307A:  "3078 309A",
	0x307C:  "307B 3099",
	0x307D:  "307B 309A",
	0x3094:  "3046 3099",
	0x309B:  "<compat> 0020 3099",
	0x309C:  "<compat> 0020 309A",
	0x309E:  "309D 3099",
	0x309F:  "<vertical> 3088 308A",
	0x30AC:  "30AB 3099",
	0x30AE:  "30AD 3099",
	0x30B0:  "30AF 3099",
	0x30B2:  "30B1 3099",
	0x30B4:  "30B3 3099",
	0x30B6:  "30B5 3099",
	0x30B8:  "30B7 3099",
	0x30BA:  "30B9 3099",
	0x30BC:  "30BB 3099",
	0x30BE:  "30BD 3099",
	0x30C0:  "30BF 3099",
	0x30C2:  "30C1 3099",
	0x30C5:  "30C4 3099",
	0x30C7:  "30C6 3099",
	0x30C9:  "30C8 3099",
	0x30D0:  "30CF 3099",
	0x30D1:  "30CF 309A",
	0x30D3:  "30D2 3099",
	0x30D4:  "30D2 309A",
	0x30D6:  "30D5 3099",
	0x30D7:  "30D5 309A",
	0x30D9:  "30D8 3099",
	0x30DA:  "30D8 309A",
	0x30DC:  "30DB 3099",
	0x30DD:  "30DB 309A",
	0x30F4:  "30A6 3099",
	0x30F7:  "30EF 3099",
	0x30F8:  "30F0 3099",
	0x30F9:  "30F1 3099",
	0x30FA:  "30F2 3099",
	0x30FE:  "30FD 3099",
	0x30FF:  "<vertical> 30B3 30C8",
	0x3131:  "<compat> 1100",
	0x3132:  "<compat> 1101",
	0x3133:  "<compat> 11AA",
	0x3134:  "<compat> 1102",
	0x3135:  "<compat> 11AC",
	0x3136:  "<compat> 11AD",
	0x3137:  "<compat> 1103",
	0x3138:  "<compat> 1104",
	0x3139:  "<compat> 1105",
	0x313A:  "<compat> 11B0",
	0x313B:  "<compat> 11B1",
	0x313C:  "<compat> 11B2",
	0x313D:  "<compat> 11B3",
	0x313E:  "<compat> 11B4",
	0x313F:  "<compat> 11B5",
	0x3140:  "<compat> 111A",
	0x3141:  "<compat> 1106",
	0x3142:  "<compat> 1107",
	0x3143:  "<compat> 1108",
	0x3144:  "<compat> 1121",
	0x3145:  "<compat> 1109",
	0x3146:  "<compat> 110A",
	0x3147:  "<compat> 110B",
	0x3148:  "<compat> 110C",
	0x3149:  "<compat> 110D",
	0x314A:  "<compat> 110E",
	0x314B:  "<compat> 110F",
	0x314C:  "<compat> 1110",
	0x314D:  "<compat> 1111",
	0x314E:  "<compat> 1112",
	0x314F:  "<compat> 1161",
	0x3150:  "<compat> 1162",
	0x3151:  "<compat> 1163",
	0x3152:  "<compat> 1164",
	0x3153:  "<compat> 1165",
	0x3154:  "<compat> 1166",
	0x3155:  "<compat> 1167",
	0x3156:  "<compat> 1168",
	0x3157:  "<compat> 1169",
	0x3158:  "<compat> 116A",
	0x3159:  "<compat> 116B",
	0x315A:  "<compat> 116C",
	0x315B:  "<compat> 116D",
	0x315C:  "<compat> 116E",
	0x315D:  "<compat> 116F",
	0x315E:  "<compat> 1170",
	0x315F:  "<compat> 1171",
	0x3160:  "<compat> 1172",
	0x3161:  "<compat> 1173",
	0x3162:  "<compat> 1174",
	0x3163:  "<compat> 1175",
	0x3164:  "<compat> 1160",
	0x3165:  "<compat> 1114",
	0x3166:  "<compat> 1115",
	0x3167:  "<compat> 11C7",
	0x3168:  "<compat> 11C8",
	0x3169:  "<compat> 11CC",
	0x316A:  "<compat> 11CE",
	0x316B:  "<compat> 11D3",
	0x316C:  "<compat> 11D7",
	0x316D:  "<compat> 11D9",
	0x316E:  "<compat> 111C",
	0x316F:  "<compat> 11DD",
	0x3170:  "<compat> 11DF",
	0x3171:  "<compat> 111D",
	0x3172:  "<compat> 111E",
	0x3173:  "<compat> 1120",
	0x3174:  "<compat> 1122",
	0x3175:  "<compat> 1123",
	0x3176:  "<compat> 1127",
	0x3177:  "<compat> 1129",
	0x3178:  "<compat> 112B",
	0x3179:  "<compat> 112C",
	0x317A:  "<compat> 112D",
	0x317B:  "<compat> 112E",
	0x317C:  "<compat> 112F",
	0x317D:  "<compat> 1132",
	0x317E:  "<compat> 1136",
	0x317F:  "<compat> 1140",
	0x3180:  "<compat> 1147",
	0x3181:  "<compat> 114C",
	0x3182:  "<compat> 11F1",
	0x3183:  "<compat> 11F2",
	0x3184:  "<compat> 1157",
	0x3185:  "<compat> 1158",
	0x3186:  "<compat> 1159",
	0x3187:  "<compat> 1184",
	0x3188:  "<compat> 1185",
	0x3189:  "<compat> 1188",
	0x318A:  "<compat> 1191",
	0x318B:  "<compat> 1192",
	0x318C:  "<compat> 1194",
	0x318D:  "<compat> 119E",
	0x318E:  "<compat> 11A1",
	0x3192:  "<super> 4E00",
	0x3193:  "<super> 4E8C",
	0x3194:  "<super> 4E09",
	0x3195:  "<super> 56DB",
	0x3196:  "<super> 4E0A",
	0x3197:  "<super> 4E2D",
	0x3198:  "<super> 4E0B",
	0x3199:  "<super> 7532",
	0x319A:  "<super> 4E59",
	0x319B:  "<super> 4E19",
	0x319C:  "<super> 4E01",
	0x319D:  "<super> 5929",
	0x319E:  "<super> 5730",
	0x319F:  "<super> 4EBA",
	0x3200:  "<compat> 0028 1100 0029",
	0x3201:  "<compat> 0028 1102 0029",
	0x3202:  "<compat> 0028 1103 0029",
	0x3203:  "<compat> 0028 1105 0029",
	0x3204:  "<compat> 0028 1106 0029",
	0x3205:  "<compat> 0028 1107 0029",
	0x3206:  "<compat> 0028 1109 0029",
	0x3207:  "<compat> 0028 110B 0029",
	0x3208:  "<compat> 0028 110C 0029",
	0x3209:  "<compat> 0028 110E 0029",
	0x320A:  "<compat> 0028 110F 0029",
	0x320B:  "<compat> 0028 1110 0029",
	0x320C:  "<compat> 0028 1111 0029",
	0x320D:  "<compat> 0028 1112 0029",
	0x320E:  "<compat> 0028 1100 1161 0029",
	0x320F:  "<compat> 0028 1102 1161 0029",
	0x3210:  "<compat> 0028 1103 1161 0029",
	0x3211:  "<compat> 0028 1105 1161 0029",
	0x3212:  "<compat> 0028 1106 1161 0029",
	0x3213:  "<compat> 0028 1107 1161 0029",
	0x3214:  "<compat> 0028 1109 1161 0029",
	0x3215:  "<compat> 0028 110B 1161 0029",
	0x3216:  "<compat> 0028 110C 1161 0029",
	0x3217:  "<compat> 0028 110E 1161 0029",
	0x3218:  "<compat> 0028 110F 1161 0029",
	0x3219:  "<compat> 0028 1110 1161 0029",
	0x321A:  "<compat> 0028 1111 1161 0029",
	0x321B:  "<compat> 0028 1112 1161 0029",
	0x321C:  "<compat> 0028 110C 116E 0029",
	0x321D:  "<compat> 0028 110B 1169 110C 1165 11AB 0029",
	0x321E:  "<compat> 0028 110B 1169 1112 116E 0029",
	0x3220:  "<compat> 0028 4E00 0029",
	0x3221:  "<compat> 0028 4E8C 0029",
	0x3222:  "<compat> 0028 4E09 0029",
	0x3223:  "<compat> 0028 56DB 0029",
	0x3224:  "<compat> 0028 4E94 0029",
	0x3225:  "<compat> 0028 516D 0029",
	0x3226:  "<compat> 0028 4E03 0029",
	0x3227:  "<compat> 0028 516B 0029",
	0x3228:  "<compat> 0028 4E5D 0029",
	0x3229:  "<compat> 0028 5341 0029",
	0x322A:  "<compat> 0028 6708 0029",
	0x322B:  "<compat> 0028 706B 0029",
	0x322C:  "<compat> 0028 6C34 0029",
	0x322D:  "<compat> 0028 6728 0029",
	0x322E:  "<compat> 0028 91D1 0029",
	0x322F:  "<compat> 0028 571F 0029",
	0x3230:  "<compat> 0028 65E5 0029",
	0x3231:  "<compat> 0028 682A 0029",
	0x3232:  "<compat> 0028 6709 0029",
	0x3233:  "<compat> 0028 793E 0029",
	0x3234:  "<compat> 0028 540D 0029",
	0x3235:  "<compat> 0028 7279 0029",
	0x3236:  "<compat> 0028 8CA1 0029",
	0x3237:  "<compat> 0028 795D 0029",
	0x3238:  "<compat> 0028 52B4 0029",
	0x3239:  "<compat> 0028 4EE3 0029",
	0x323A:  "<compat> 0028 547C 0029",
	0x323B:  "<compat> 0028 5B66 0029",
	0x323C:  "<compat> 0028 76E3 0029",
	0x323D:  "<compat> 0028 4F01 0029",
	0x323E:  "<compat> 0028 8CC7 0029",
	0x323F:  "<compat> 0028 5354 0029",
	0x3240:  "<compat> 0028 796D 0029",
	0x3241:  "<compat> 0028 4F11 0029",
	0x3242:  "<compat> 0028 81EA 0029",
	0x3243:  "<compat> 0028 81F3 0029",
	0x3244:  "<circle> 554F",
	0x3245:  "<circle> 5E7C",
	0x3246:  "<circle> 6587",
	0x3247:  "<circle> 7B8F",
	0x3250:  "<square> 0050 0054 0045",
	0x3251:  "<circle> 0032 0031",
	0x3252:  "<circle> 0032 0032",
	0x3253:  "<circle> 0032 0033",
	0x3254:  "<circle> 0032 0034",
	0x3255:  "<circle> 0032 0035",
	0x3256:  "<circle> 0032 0036",
	0x3257:  "<circle> 0032 0037",
	0x3258:  "<circle> 0032 0038",
	0x3259:  "<circle> 0032 0039",
	0x325A:  "<circle> 0033 0030",
	0x325B:  "<circle> 0033 0031",
	0x325C:  "<circle> 0033 0032",
	0x325D:  "<circle> 0033 0033",
	0x325E:  "<circle> 0033 0034",
	0x325F:  "<circle> 0033 0035",
	0x3260:  "<circle> 1100",
	0x3261:  "<circle> 1102",
	0x3262:  "<circle> 1103",
	0x3263:  "<circle> 1105",
	0x3264:  "<circle> 1106",
	0x3265:  "<circle> 1107",
	0x3266:  "<circle> 1109",
	0x3267:  "<circle> 110B",
	0x3268:  "<circle> 110C",
	0x3269:  "<circle> 110E",
	0x326A:  "<circle> 110F",
	0x326B:  "<circle> 1110",
	0x326C:  "<circle> 1111",
	0x326D:  "<circle> 1112",
	0x326E:  "<circle> 1100 1161",
	0x326F:  "<circle> 1102 1161",
	0x3270:  "<circle> 1103 1161",
	0x3271:  "<circle> 1105 1161",
	0x3272:  "<circle> 1106 1161",
	0x3273:  "<circle> 1107 1161",
	0x3274:  "<circle> 1109 1161",
	0x3275:  "<circle> 110B 1161",
	0x3276:  "<circle> 110C 1161",
	0x3277:  "<circle> 110E 1161",
	0x3278:  "<circle> 110F 1161",
	0x3279:  "<circle> 1110 1161",
	0x327A:  "<circle> 1111 1161",
	0x327B:  "<circle> 1112 1161",
	0x327C:  "<circle> 110E 1161 11B7 1100 1169",
	0x327D:  "<circle> 110C 116E 110B 1174",
	0x327E:  "<circle> 110B 116E",
	0x3280:  "<circle> 4E00",
	0x3281:  "<circle> 4E8C",
	0x3282:  "<circle> 4E09",
	0x3283:  "<circle> 56DB",
	0x3284:  "<circle> 4E94",
	0x3285:  "<circle> 516D",
	0x3286:  "<circle> 4E03",
	0x3287:  "<circle> 516B",
	0x3288:  "<circle> 4E5D",
	0x3289:  "<circle> 5341",
	0x328A:  "<circle> 6708",
	0x328B:  "<circle> 706B",
	0x328C:  "<circle> 6C34",
	0x328D:  "<circle> 6728",
	0x328E:  "<circle> 91D1",
	0x328F:  "<circle> 571F",
	0x3290:  "<circle> 65E5",
	0x3291:  "<circle> 682A",
	0x3292:  "<circle> 6709",
	0x3293:  "<circle> 793E",
	0x3294:  "<circle> 540D",
	0x3295:  "<circle> 7279",
	0x3296:  "<circle> 8CA1",
	0x3297:  "<circle> 795D",
	0x3298:  "<circle> 52B4",
	0x3299:  "<circle> 79D8",
	0x329A:  "<circle> 7537",
	0x329B:  "<circle> 5973",
	0x329C:  "<circle> 9069",
	0x329D:  "<circle> 512A",
	0x329E:  "<circle> 5370",
	0x329F:  "<circle> 6CE8",
	0x32A0:  "<circle> 9805",
	0x32A1:  "<circle> 4F11",
	0x32A2:  "<circle> 5199",
	0x32A3:  "<circle> 6B63",
	0x32A4:  "<circle> 4E0A",
	0x32A5:  "<circle> 4E2D",
	0x32A6:  "<circle> 4E0B",
	0x32A7:  "<circle> 5DE6",
	0x32A8:  "<circle> 53F3",
	0x32A9:  "<circle> 533B",
	0x32AA:  "<circle> 5B97",
	0x32AB:  "<circle> 5B66",
	0x32AC:  "<circle> 76E3",
	0x32AD:  "<circle> 4F01",
	0x32AE:  "<circle> 8CC7",
	0x32AF:  "<circle> 5354",
	0x32B0:  "<circle> 591C",
	0x32B1:  "<circle> 0033 0036",
	0x32B2:  "<circle> 0033 0037",
	0x32B3:  "<circle> 0033 0038",
	0x32B4:  "<circle> 0033 0039",
	0x32B5:  "<circle> 0034 0030",
	0x32B6:  "<circle> 0034 0031",
	0x32B7:  "<circle> 0034 0032",
	0x32B8:  "<circle> 0034 0033",
	0x32B9:  "<circle> 0034 0034",
	0x32BA:  "<circle> 0034 0035",
	0x32BB:  "<circle> 0034 0036",
	0x32BC:  "<circle> 0034 0037",
	0x32BD:  "<circle> 0034 0038",
	0x32BE:  "<circle> 0034 0039",
	0x32BF:  "<circle> 0035 0030",
	0x32C0:  "<compat> 0031 6708",
	0x32C1:  "<compat> 0032 6708",
	0x32C2:  "<compat> 0033 6708",
	0x32C3:  "<compat> 0034 6708",
	0x32C4:  "<compat> 0035 6708",
	0x32C5:  "<compat> 0036 6708",
	0x32C6:  "<compat> 0037 6708",
	0x32C7:  "<compat> 0038 6708",
	0x32C8:  "<compat> 0039 6708",
	0x32C9:  "<compat> 0031 0030 6708",
	0x32CA:  "<compat> 0031 0031 6708",
	0x32CB:  "<compat> 0031 0032 6708",
	0x32CC:  "<square> 0048 0067",
	0x32CD:  "<square> 0065 0072 0067",
	0x32CE:  "<square> 0065 0056",
	0x32CF:  "<square> 004C 0054 0044",
	0x32D0:  "<circle> 30A2",
	0x32D1:  "<circle> 30A4",
	0x32D2:  "<circle> 30A6",
	0x32D3:  "<circle> 30A8",
	0x32D4:  "<circle> 30AA",
	0x32D5:  "<circle> 30AB",
	0x32D6:  "<circle> 30AD",
	0x32D7:  "<circle> 30AF",
	0x32D8:  "<circle> 30B1",
	0x32D9:  "<circle> 30B3",
	0x32DA:  "<circle> 30B5",
	0x32DB:  "<circle> 30B7",
	0x32DC:  "<circle> 30B9",
	0x32DD:  "<circle> 30BB",
	0x32DE:  "<circle> 30BD",
	0x32DF:  "<circle> 30BF",
	0x32E0:  "<circle> 30C1",
	0x32E1:  "<circle> 30C4",
	0x32E2:  "<circle> 30C6",
	0x32E3:  "<circle> 30C8",
	0x32E4:  "<circle> 30CA",
	0x32E5:  "<circle> 30CB",
	0x32E6:  "<circle> 30CC",
	0x32E7:  "<circle> 30CD",
	0x32E8:  "<circle> 30CE",
	0x32E9:  "<circle> 30CF",
	0x32EA:  "<circle> 30D2",
	0x32EB:  "<circle> 30D5",
	0x32EC:  "<circle> 30D8",
	0x32ED:  "<circle> 30DB",
	0x32EE:  "<circle> 30DE",
	0x32EF:  "<circle> 30DF",
	0x32F0:  "<circle> 30E0",
	0x32F1:  "<circle> 30E1",
	0x32F2:  "<circle> 30E2",
	0x32F3:  "<circle> 30E4",
	0x32F4:  "<circle> 30E6",
	0x32F5:  "<circle> 30E8",
	0x32F6:  "<circle> 30E9",
	0x32F7:  "<circle> 30EA",
	0x32F8:  "<circle> 30EB",
	0x32F9:  "<circle> 30EC",
	0x32FA:  "<circle> 30ED",
	0x32FB:  "<circle> 30EF",
	0x32FC:  "<circle> 30F0",
	0x32FD:  "<circle> 30F1",
	0x32FE:  "<circle> 30F2",
	0x32FF:  "<square> 4EE4 548C",
	0x3300:  "<square> 30A2 30D1 30FC 30C8",
	0x3301:  "<square> 30A2 30EB 30D5 30A1",
	0x3302:  "<square> 30A2 30F3 30DA 30A2",
	0x3303:  "<square> 30A2 30FC 30EB",
	0x3304:  "<square> 30A4 30CB 30F3 30B0",
	0x3305:  "<square> 30A4 30F3 30C1",
	0x3306:  "<square> 30A6 30A9 30F3",
	0x3307:  "<square> 30A8 30B9 30AF 30FC 30C9",
	0x3308:  "<square> 30A8 30FC 30AB 30FC",
	0x3309:  "<square> 30AA 30F3 30B9",
	0x330A:  "<square> 30AA 30FC 30E0",
	0x330B:  "<square> 30AB 30A4 30EA",
	0x330C:  "<square> 30AB 30E9 30C3 30C8",
	0x330D:  "<square> 30AB 30ED 30EA 30FC",
	0x330E:  "<square> 30AC 30ED 30F3",
	0x330F:  "<square> 30AC 30F3 30DE",
	0x3310:  "<square> 30AE 30AC",
	0x3311:  "<square> 30AE 30CB 30FC",
	0x3312:  "<square> 30AD 30E5 30EA 30FC",
	0x3313:  "<square> 30AE 30EB 30C0 30FC",
	0x3314:  "<square> 30AD 30ED",
	0x3315:  "<square> 30AD 30ED 30B0 30E9 30E0",
	0x3316:  "<square> 30AD 30ED 30E1 30FC 30C8 30EB",
	0x3317:  "<square> 30AD 30ED 30EF 30C3 30C8",
	0x3318:  "<square> 30B0 30E9 30E0",
	0x3319:  "<square> 30B0 30E9 30E0 30C8 30F3",
	0x331A:  "<square> 30AF 30EB 30BC 30A4 30ED",
	0x331B:  "<square> 30AF 30ED 30FC 30CD",
	0x331C:  "<square> 30B1 30FC 30B9",
	0x331D:  "<square> 30B3 30EB 30CA",
	0x331E:  "<square> 30B3 30FC 30DD",
	0x331F:  "<square> 30B5 30A4 30AF 30EB",
	0x3320:  "<square> 30B5 30F3 30C1 30FC 30E0",
	0x3321:  "<square> 30B7 30EA 30F3 30B0",
	0x3322:  "<square> 30BB 30F3 30C1",
	0x3323:  "<square> 30BB 30F3 30C8",
	0x3324:  "<square> 30C0 30FC 30B9",
	0x3325:  "<square> 30C7 30B7",
	0x3326:  "<square> 30C9 30EB",
	0x3327:  "<square> 30C8 30F3",
	0x3328:  "<square> 30CA 30CE",
	0x3329:  "<square> 30CE 30C3 30C8",
	0x332A:  "<square> 30CF 30A4 30C4",
	0x332B:  "<square> 30D1 30FC 30BB 30F3 30C8",
	0x332C:  "<square> 30D1 30FC 30C4",
	0x332D:  "<square> 30D0 30FC 30EC 30EB",
	0x332E:  "<square> 30D4 30A2 30B9 30C8 30EB",
	0x332F:  "<square> 30D4 30AF 30EB",
	0x3330:  "<square> 30D4 30B3",
	0x3331:  "<square> 30D3 30EB",
	0x3332:  "<square> 30D5 30A1 30E9 30C3 30C9",
	0x3333:  "<square> 30D5 30A3 30FC 30C8",
	0x3334:  "<square> 30D6 30C3 30B7 30A7 30EB",
	0x3335:  "<square> 30D5 30E9 30F3",
	0x3336:  "<square> 30D8 30AF 30BF 30FC 30EB",
	0x3337:  "<square> 30DA 30BD",
	0x3338:  "<square> 30DA 30CB 30D2",
	0x3339:  "<square> 30D8 30EB 30C4",
	0x333A:  "<square> 30DA 30F3 30B9",
	0x333B:  "<square> 30DA 30FC 30B8",
	0x333C:  "<square> 30D9 30FC 30BF",
	0x333D:  "<square> 30DD 30A4 30F3 30C8",
	0x333E:  "<square> 30DC 30EB 30C8",
	0x333F:  "<square> 30DB 30F3",
	0x3340:  "<square> 30DD 30F3 30C9",
	0x3341:  "<square> 30DB 30FC 30EB",
	0x3342:  "<square> 30DB 30FC 30F3",
	0x3343:  "<square> 30DE 30A4 30AF 30ED",
	0x3344:  "<square> 30DE 30A4 30EB",
	0x3345:  "<square> 30DE 30C3 30CF",
	0x3346:  "<square> 30DE 30EB 30AF",
	0x3347:  "<square> 30DE 30F3 30B7 30E7 30F3",
	0x3348:  "<square> 30DF 30AF 30ED 30F3",
	0x3349:  "<square> 30DF 30EA",
	0x334A:  "<square> 30DF 30EA 30D0 30FC 30EB",
	0x334B:  "<square> 30E1 30AC",
	0x334C:  "<square> 30E1 30AC 30C8 30F3",
	0x334D:  "<square> 30E1 30FC 30C8 30EB",
	0x334E:  "<square> 30E4 30FC 30C9",
	0x334F:  "<square> 30E4 30FC 30EB",
	0x3350:  "<square> 30E6 30A2 30F3",
	0x3351:  "<square> 30EA 30C3 30C8 30EB",
	0x3352:  "<square> 30EA 30E9",
	0x3353:  "<square> 30EB 30D4 30FC",
	0x3354:  "<square> 30EB 30FC 30D6 30EB",
	0x3355:  "<square> 30EC 30E0",
	0x3356:  "<square> 30EC 30F3 30C8 30B2 30F3",
	0x3357:  "<square> 30EF 30C3 30C8",
	0x3358:  "<compat> 0030 70B9",
	0x3359:  "<compat> 0031 70B9",
	0x335A:  "<compat> 0032 70B9",
	0x335B:  "<compat> 0033 70B9",
	0x335C:  "<compat> 0034 70B9",
	0x335D:  "<compat> 0035 70B9",
	0x335E:  "<compat> 0036 70B9",
	0x335F:  "<compat> 0037 70B9",
	0x3360:  "<compat> 0038 70B9",
	0x3361:  "<compat> 0039 70B9",
	0x3362:  "<compat> 0031 0030 70B9",
	0x3363:  "<compat> 0031 0031 70B9",
	0x3364:  "<compat> 0031 0032 70B9",
	0x3365:  "<compat> 0031 0033 70B9",
	0x3366:  "<compat> 0031 0034 70B9",
	0x3367:  "<compat> 0031 0035 70B9",
	0x3368:  "<compat> 0031 0036 70B9",
	0x3369:  "<compat> 0031 0037 70B9",
	0x336A:  "<compat> 0031 0038 70B9",
	0x336B:  "<compat> 0031 0039 70B9",
	0x336C:  "<compat> 0032 0030 70B9",
	0x336D:  "<compat> 0032 0031 70B9",
	0x336E:  "<compat> 0032 0032 70B9",
	0x336F:  "<compat> 0032 0033 70B9",
	0x3370:  "<compat> 0032 0034 70B9",
	0x3371:  "<square> 0068 0050 0061",
	0x3372:  "<square> 0064 0061",
	0x3373:  "<square> 0041 0055",
	0x3374:  "<square> 0062 0061 0072",
	0x3375:  "<square> 006F 0056",
	0x3376:  "<square> 0070 0063",
	0x3377:  "<square> 0064 006D",
	0x3378:  "<square> 0064 006D 00B2",
	0x3379:  "<square> 0064 006D 00B3",
	0x337A:  "<square> 0049 0055",
	0x337B:  "<square> 5E73 6210",
	0x337C:  "<square> 662D 548C",
	0x337D:  "<square> 5927 6B63",
	0x337E:  "<square> 660E 6CBB",
	0x337F:  "<square> 682A 5F0F 4F1A 793E",
	0x3380:  "<square> 0070 0041",
	0x3381:  "<square> 006E 0041",
	0x3382:  "<square> 03BC 0041",
	0x3383:  "<square> 006D 0041",
	0x3384:  "<square> 006B 0041",
	0x3385:  "<square> 004B 0042",
	0x3386:  "<square> 004D 0042",
	0x3387:  "<square> 0047 0042",
	0x3388:  "<square> 0063 0061 006C",
	0x3389:  "<square> 006B 0063 0061 006C",
	0x338A:  "<square> 0070 0046",
	0x338B:  "<square> 006E 0046",
	0x338C:  "<square> 03BC 0046",
	0x338D:  "<square> 03BC 0067",
	0x338E:  "<square> 006D 0067",
	0x338F:  "<square> 006B 0067",
	0x3390:  "<square> 0048 007A",
	0x3391:  "<square> 006B 0048 007A",
	0x3392:  "<square> 004D 0048 007A",
	0x3393:  "<square> 0047 0048 007A",
	0x3394:  "<square> 0054 0048 007A",
	0x3395:  "<square> 03BC 2113",
	0x3396:  "<square> 006D 2113",
	0x3397:  "<square> 0064 2113",
	0x3398:  "<square> 006B 2113",
	0x3399:  "<square> 0066 006D",
	0x339A:  "<square> 006E 006D",
	0x339B:  "<square> 03BC 006D",
	0x339C:  "<square> 006D 006D",
	0x339D:  "<square> 0063 006D",
	0x339E:  "<square> 006B 006D",
	0x339F:  "<square> 006D 006D 00B2",
	0x33A0:  "<square> 0063 006D 00B2",
	0x33A1:  "<square> 006D 00B2",
	0x33A2:  "<square> 006B 006D 00B2",
	0x33A3:  "<square> 006D 006D 00B3",
	0x33A4:  "<square> 0063 006D 00B3",
	0x33A5:  "<square> 006D 00B3",
	0x33A6:  "<square> 006B 006D 00B3",
	0x33A7:  "<square> 006D 2215 0073",
	0x33A8:  "<square> 006D 2215 0073 00B2",
	0x33A9:  "<square> 0050 0061",
	0x33AA:  "<square> 006B 0050 0061",
	0x33AB:  "<square> 004D 0050 0061",
	0x33AC:  "<square> 0047 0050 0061",
	0x33AD:  "<square> 0072 0061 0064",
	0x33AE:  "<square> 0072 0061 0064 2215 0073",
	0x33AF:  "<square> 0072 0061 0064 2215 0073 00B2",
	0x33B0:  "<square> 0070 0073",
	0x33B1:  "<square> 006E 0073",
	0x33B2:  "<square> 03BC 0073",
	0x33B3:  "<square> 006D 0073",
	0x33B4:  "<square> 0070 0056",
	0x33B5:  "<square> 006E 0056",
	0x33B6:  "<square> 03BC 0056",
	0x33B7:  "<square> 006D 0056",
	0x33B8:  "<square> 006B 0056",
	0x33B9:  "<square> 004D 0056",
	0x33BA:  "<square> 0070 0057",
	0x33BB:  "<square> 006E 0057",
	0x33BC:  "<square> 03BC 0057",
	0x33BD:  "<square> 006D 0057",
	0x33BE:  "<square> 006B 0057",
	0x33BF:  "<square> 004D 0057",
	0x33C0:  "<square> 006B 03A9",
	0x33C1:  "<square> 004D 03A9",
	0x33C2:  "<square> 0061 002E 006D 002E",
	0x33C3:  "<square> 0042 0071",
	0x33C4:  "<square> 0063 0063",
	0x33C5:  "<square> 0063 0064",
	0x33C6:  "<square> 0043 2215 006B 0067",
	0x33C7:  "<square> 0043 006F 002E",
	0x33C8:  "<square> 0064 0042",
	0x33C9:  "<square> 0047 0079",
	0x33CA:  "<square> 0068 0061",
	0x33CB:  "<square> 0048 0050",
	0x33CC:  "<square> 0069 006E",
	0x33CD:  "<square> 004B 004B",
	0x33CE:  "<square> 004B 004D",
	0x33CF:  "<square> 006B 0074",
	0x33D0:  "<square> 006C 006D",
	0x33D1:  "<square> 006C 006E",
	0x33D2:  "<square> 006C 006F 0067",
	0x33D3:  "<square> 006C 0078",
	0x33D4:  "<square> 006D 0062",
	0x33D5:  "<square> 006D 0069 006C",
	0x33D6:  "<square> 006D 006F 006C",
	0x33D7:  "<square> 0050 0048",
	0x33D8:  "<square> 0070 002E 006D 002E",
	0x33D9:  "<square> 0050 0050 004D",
	0x33DA:  "<square> 0050 0052",
	0x33DB:  "<square> 0073 0072",
	0x33DC:  "<square> 0053 0076",
	0x33DD:  "<square> 0057 0062",
	0x33DE:  "<square> 0056 2215 006D",
	0x33DF:  "<square> 0041 2215 006D",
	0x33E0:  "<compat> 0031 65E5",
	0x33E1:  "<compat> 0032 65E5",
	0x33E2:  "<compat> 0033 65E5",
	0x33E3:  "<compat> 0034 65E5",
	0x33E4:  "<compat> 0035 65E5",
	0x33E5:  "<compat> 0036 65E5",
	0x33E6:  "<compat> 0037 65E5",
	0x33E7:  "<compat> 0038 65E5",
	0x33E8:  "<compat> 0039 65E5",
	0x33E9:  "<compat> 0031 0030 65E5",
	0x33EA:  "<compat> 0031 0031 65E5",
	0x33EB:  "<compat> 0031 0032 65E5",
	0x33EC:  "<compat> 0031 0033 65E5",
	0x33ED:  "<compat> 0031 0034 65E5",
	0x33EE:  "<compat> 0031 0035 65E5",
	0x33EF:  "<compat> 0031 0036 65E5",
	0x33F0:  "<compat> 0031 0037 65E5",
	0x33F1:  "<compat> 0031 0038 65E5",
	0x33F2:  "<compat> 0031 0039 65E5",
	0x33F3:  "<compat> 0032 0030 65E5",
	0x33F4:  "<compat> 0032 0031 65E5",
	0x33F5:  "<compat> 0032 0032 65E5",
	0x33F6:  "<compat> 0032 0033 65E5",
	0x33F7:  "<compat> 0032 0034 65E5",
	0x33F8:  "<compat> 0032 0035 65E5",
	0x33F9:  "<compat> 0032 0036 65E5",
	0x33FA:  "<compat> 0032 0037 65E5",
	0x33FB:  "<compat> 0032 0038 65E5",
	0x33FC:  "<compat> 0032 0039 65E5",
	0x33FD:  "<compat> 0033 0030 65E5",
	0x33FE:  "<compat> 0033 0031 65E5",
	0x33FF:  "<square> 0067 0061 006C",
	0xA69C:  "<super> 044A",
	0xA69D:  "<super> 044C",
	0xA770:  "<super> A76F",
	0xA7F2:  "<super> 0043",
	0xA7F3:  "<super> 0046",
	0xA7F4:  "<super> 0051",
	0xA7F8:  "<super> 0126",
	0xA7F9:  "<super> 0153",
	0xAB5C:  "<super> A727",
	0xAB5D:  "<super> AB37",
	0xAB5E:  "<super> 026B",
	0xAB5F:  "<super> AB52",
	0xAB69:  "<super> 028D",
	0xF900:  "8C48",
	0xF901:  "66F4",
	0xF902:  "8ECA",
	0xF903:  "8CC8",
	0xF904:  "6ED1",
	0xF905:  "4E32",
	0xF906:  "53E5",
	0xF907:  "9F9C",
	0xF908:  "9F9C",
	0xF909:  "5951",
	0xF90A:  "91D1",
	0xF90B:  "5587",
	0xF90C:  "5948",
	0xF90D:  "61F6",
	0xF90E:  "7669",
	0xF90F:  "7F85",
	0xF910:  "863F",
	0xF911:  "87BA",
	0xF912:  "88F8",
	0xF913:  "908F",
	0xF914:  "6A02",
	0xF915:  "6D1B",
	0xF916:  "70D9",
	0xF917:  "73DE",
	0xF918:  "843D",
	0xF919:  "916A",
	0xF91A:  "99F1",
	0xF91B:  "4E82",
	0xF91C:  "5375",
	0xF91D:  "6B04",
	0xF91E:  "721B",
	0xF91F:  "862D",
	0xF920:  "9E1E",
	0xF921:  "5D50",
	0xF922:  "6FEB",
	0xF923:  "85CD",
	0xF924:  "8964",
	0xF925:  "62C9",
	0xF926:  "81D8",
	0xF927:  "881F",
	0xF928:  "5ECA",
	0xF929:  "6717",
	0xF92A:  "6D6A",
	0xF92B:  "72FC",
	0xF92C:  "90CE",
	0xF92D:  "4F86",
	0xF92E:  "51B7",
	0xF92F:  "52DE",
	0xF930:  "64C4",
	0xF931:  "6AD3",
	0xF932:  "7210",
	0xF933:  "76E7",
	0xF934:  "8001",
	0xF935:  "8606",
	0xF936:  "865C",
	0xF937:  "8DEF",
	0xF938:  "9732",
	0xF939:  "9B6F",
	0xF93A:  "9DFA",
	0xF93B:  "788C",
	0xF93C:  "797F",
	0xF93D:  "7DA0",
	0xF93E:  "83C9",
	0xF93F:  "9304",
	0xF940:  "9E7F",
	0xF941:  "8AD6",
	0xF942:  "58DF",
	0xF943:  "5F04",
	0xF944:  "7C60",
	0xF945:  "807E",
	0xF946:  "7262",
	0xF947:  "78CA",
	0xF948:  "8CC2",
	0xF949:  "96F7",
	0xF94A:  "58D8",
	0xF94B:  "5C62",
	0xF94C:  "6A13",
	0xF94D:  "6DDA",
	0xF94E:  "6F0F",
	0xF94F:  "7D2F",
	0xF950:  "7E37",
	0xF951:  "964B",
	0xF952:  "52D2",
	0xF953:  "808B",
	0xF954:  "51DC",
	0xF955:  "51CC",
	0xF956:  "7A1C",
	0xF957:  "7DBE",
	0xF958:  "83F1",
	0xF959:  "9675",
	0xF95A:  "8B80",
	0xF95B:  "62CF",
	0xF95C:  "6A02",
	0xF95D:  "8AFE",
	0xF95E:  "4E39",
	0xF95F:  "5BE7",
	0xF960:  "6012",
	0xF961:  "7387",
	0xF962:  "7570",
	0xF963:  "5317",
	0xF964:  "78FB",
	0xF965:  "4FBF",
	0xF966:  "5FA9",
	0xF967:  "4E0D",
	0xF968:  "6CCC",
	0xF969:  "6578",
	0xF96A:  "7D22",
	0xF96B:  "53C3",
	0xF96C:  "585E",
	0xF96D:  "7701",
	0xF96E:  "8449",
	0xF96F:  "8AAA",
	0xF970:  "6BBA",
	0xF971:  "8FB0",
	0xF972:  "6C88",
	0xF973:  "62FE",
	0xF974:  "82E5",
	0xF975:  "63A0",
	0xF976:  "7565",
	0xF977:  "4EAE",
	0xF978:  "5169",
	0xF979:  "51C9",
	0xF97A:  "6881",
	0xF97B:  "7CE7",
	0xF97C:  "826F",
	0xF97D:  "8AD2",
	0xF97E:  "91CF",
	0xF97F:  "52F5",
	0xF980:  "5442",
	0xF981:  "5973",
	0xF982:  "5EEC",
	0xF983:  "65C5",
	0xF984:  "6FFE",
	0xF985:  "792A",
	0xF986:  "95AD",
	0xF987:  "9A6A",
	0xF988:  "9E97",
	0xF989:  "9ECE",
	0xF98A:  "529B",
	0xF98B:  "66C6",
	0xF98C:  "6B77",
	0xF98D:  "8F62",
	0xF98E:  "5E74",
	0xF98F:  "6190",
	0xF990:  "6200",
	0xF991:  "649A",
	0xF992:  "6F23",
	0xF993:  "7149",
	0xF994:  "7489",
	0xF995:  "79CA",
	0xF996:  "7DF4",
	0xF997:  "806F",
	0xF998:  "8F26",
	0xF999:  "84EE",
	0xF99A:  "9023",
	0xF99B:  "934A",
	0xF99C:  "5217",
	0xF99D:  "52A3",
	0xF99E:  "54BD",
	0xF99F:  "70C8",
	0xF9A0:  "88C2",
	0xF9A1:  "8AAA",
	0xF9A2:  "5EC9",
	0xF9A3:  "5FF5",
	0xF9A4:  "637B",
	0xF9A5:  "6BAE",
	0xF9A6:  "7C3E",
	0xF9A7:  "7375",
	0xF9A8:  "4EE4",
	0xF9A9:  "56F9",
	0xF9AA:  "5BE7",
	0xF9AB:  "5DBA",
	0xF9AC:  "601C",
	0xF9AD:  "73B2",
	0xF9AE:  "7469",
	0xF9AF:  "7F9A",
	0xF9B0:  "8046",
	0xF9B1:  "9234",
	0xF9B2:  "96F6",
	0xF9B3:  "9748",
	0xF9B4:  "9818",
	0xF9B5:  "4F8B",
	0xF9B6:  "79AE",
	0xF9B7:  "91B4",
	0xF9B8:  "96B8",
	0xF9B9:  "60E1",
	0xF9BA:  "4E86",
	0xF9BB:  "50DA",
	0xF9BC:  "5BEE",
	0xF9BD:  "5C3F",
	0xF9BE:  "6599",
	0xF9BF:  "6A02",
	0xF9C0:  "71CE",
	0xF9C1:  "7642",
	0xF9C2:  "84FC",
	0xF9C3:  "907C",
	0xF9C4:  "9F8D",
	0xF9C5:  "6688",
	0xF9C6:  "962E",
	0xF9C7:  "5289",
	0xF9C8:  "677B",
	0xF9C9:  "67F3",
	0xF9CA:  "6D41",
	0xF9CB:  "6E9C",
	0xF9CC:  "7409",
	0xF9CD:  "7559",
	0xF9CE:  "786B",
	0xF9CF:  "7D10",
	0xF9D0:  "985E",
	0xF9D1:  "516D",
	0xF9D2:  "622E",
	0xF9D3:  "9678",
	0xF9D4:  "502B",
	0xF9D5:  "5D19",
	0xF9D6:  "6DEA",
	0xF9D7:  "8F2A",
	0xF9D8:  "5F8B",
	0xF9D9:  "6144",
	0xF9DA:  "6817",
	0xF9DB:  "7387",
	0xF9DC:  "9686",
	0xF9DD:  "5229",
	0xF9DE:  "540F",
	0xF9DF:  "5C65",
	0xF9E0:  "6613",
	0xF9E1:  "674E",
	0xF9E2:  "68A8",
	0xF9E3:  "6CE5",
	0xF9E4:  "7406",
	0xF9E5:  "75E2",
	0xF9E6:  "7F79",
	0xF9E7:  "88CF",
	0xF9E8:  "88E1",
	0xF9E9:  "91CC",
	0xF9EA:  "96E2",
	0xF9EB:  "533F",
	0xF9EC:  "6EBA",
	0xF9ED:  "541D",
	0xF9EE:  "71D0",
	0xF9EF:  "7498",
	0xF9F0:  "85FA",
	0xF9F1:  "96A3",
	0xF9F2:  "9C57",
	0xF9F3:  "9E9F",
	0xF9F4:  "6797",
	0xF9F5:  "6DCB",
	0xF9F6:  "81E8",
	0xF9F7:  "7ACB",
	0xF9F8:  "7B20",
	0xF9F9:  "7C92",
	0xF9FA:  "72C0",
	0xF9FB:  "7099",
	0xF9FC:  "8B58",
	0xF9FD:  "4EC0",
	0xF9FE:  "8336",
	0xF9FF:  "523A",
	0xFA00:  "5207",
	0xFA01:  "5EA6",
	0xFA02:  "62D3",
	0xFA03:  "7CD6",
	0xFA04:  "5B85",
	0xFA05:  "6D1E",
	0xFA06:  "66B4",
	0xFA07:  "8F3B",
	0xFA08:  "884C",
	0xFA09:  "964D",
	0xFA0A:  "898B",
	0xFA0B:  "5ED3",
	0xFA0C:  "5140",
	0xFA0D:  "55C0",
	0xFA10:  "585A",
	0xFA12:  "6674",
	0xFA15:  "51DE",
	0xFA16:  "732A",
	0xFA17:  "76CA",
	0xFA18:  "793C",
	0xFA19:  "795E",
	0xFA1A:  "7965",
	0xFA1B:  "798F",
	0xFA1C:  "9756",
	0xFA1D:  "7CBE",
	0xFA1E:  "7FBD",
	0xFA20:  "8612",
	0xFA22:  "8AF8",
	0xFA25:  "9038",
	0xFA26:  "90FD",
	0xFA2A:  "98EF",
	0xFA2B:  "98FC",
	0xFA2C:  "9928",
	0xFA2D:  "9DB4",
	0xFA2E:  "90DE",
	0xFA2F:  "96B7",
	0xFA30:  "4FAE",
	0xFA31:  "50E7",
	0xFA32:  "514D",
	0xFA33:  "52C9",
	0xFA34:  "52E4",
	0xFA35:  "5351",
	0xFA36:  "559D",
	0xFA37:  "5606",
	0xFA38:  "5668",
	0xFA39:  "5840",
	0xFA3A:  "58A8",
	0xFA3B:  "5C64",
	0xFA3C:  "5C6E",
	0xFA3D:  "6094",
	0xFA3E:  "6168",
	0xFA3F:  "618E",
	0xFA40:  "61F2",
	0xFA41:  "654F",
	0xFA42:  "65E2",
	0xFA43:  "6691",
	0xFA44:  "6885",
	0xFA45:  "6D77",
	0xFA46:  "6E1A",
	0xFA47:  "6F22",
	0xFA48:  "716E",
	0xFA49:  "722B",
	0xFA4A:  "7422",
	0xFA4B:  "7891",
	0xFA4C:  "793E",
	0xFA4D:  "7949",
	0xFA4E:  "7948",
	0xFA4F:  "7950",
	0xFA50:  "7956",
	0xFA51:  "795D",
	0xFA52:  "798D",
	0xFA53:  "798E",
	0xFA54:  "7A40",
	0xFA55:  "7A81",
	0xFA56:  "7BC0",
	0xFA57:  "7DF4",
	0xFA58:  "7E09",
	0xFA59:  "7E41",
	0xFA5A:  "7F72",
	0xFA5B:  "8005",
	0xFA5C:  "81ED",
	0xFA5D:  "8279",
	0xFA5E:  "8279",
	0xFA5F:  "8457",
	0xFA60:  "8910",
	0xFA61:  "8996",
	0xFA62:  "8B01",
	0xFA63:  "8B39",
	0xFA64:  "8CD3",
	0xFA65:  "8D08",
	0xFA66:  "8FB6",
	0xFA67:  "9038",
	0xFA68:  "96E3",
	0xFA69:  "97FF",
	0xFA6A:  "983B",
	0xFA6B:  "6075",
	0xFA6C:  "242EE",
	0xFA6D:  "8218",
	0xFA70:  "4E26",
	0xFA71:  "51B5",
	0xFA72:  "5168",
	0xFA73:  "4F80",
	0xFA74:  "5145",
	0xFA75:  "5180",
	0xFA76:  "52C7",
	0xFA77:  "52FA",
	0xFA78:  "559D",
	0xFA79:  "5555",
	0xFA7A:  "5599",
	0xFA7B:  "55E2",
	0xFA7C:  "585A",
	0xFA7D:  "58B3",
	0xFA7E:  "5944",
	0xFA7F:  "5954",
	0xFA80:  "5A62",
	0xFA81:  "5B28",
	0xFA82:  "5ED2",
	0xFA83:  "5ED9",
	0xFA84:  "5F69",
	0xFA85:  "5FAD",
	0xFA86:  "60D8",
	0xFA87:  "614E",
	0xFA88:  "6108",
	0xFA89:  "618E",
	0xFA8A:  "6160",
	0xFA8B:  "61F2",
	0xFA8C:  "6234",
	0xFA8D:  "63C4",
	0xFA8E:  "641C",
	0xFA8F:  "6452",
	0xFA90:  "6556",
	0xFA91:  "6674",
	0xFA92:  "6717",
	0xFA93:  "671B",
	0xFA94:  "6756",
	0xFA95:  "6B79",
	0xFA96:  "6BBA",
	0xFA97:  "6D41",
	0xFA98:  "6EDB",
	0xFA99:  "6ECB",
	0xFA9A:  "6F22",
	0xFA9B:  "701E",
	0xFA9C:  "716E",
	0xFA9D:  "77A7",
	0xFA9E:  "7235",
	0xFA9F:  "72AF",
	0xFAA0:  "732A",
	0xFAA1:  "7471",
	0xFAA2:  "7506",
	0xFAA3:  "753B",
	0xFAA4:  "761D",
	0xFAA5:  "761F",
	0xFAA6:  "76CA",
	0xFAA7:  "76DB",
	0xFAA8:  "76F4",
	0xFAA9:  "774A",
	0xFAAA:  "7740",
	0xFAAB:  "78CC",
	0xFAAC:  "7AB1",
	0xFAAD:  "7BC0",
	0xFAAE:  "7C7B",
	0xFAAF:  "7D5B",
	0xFAB0:  "7DF4",
	0xFAB1:  "7F3E",
	0xFAB2:  "8005",
	0xFAB3:  "8352",
	0xFAB4:  "83EF",
	0xFAB5:  "8779",
	0xFAB6:  "8941",
	0xFAB7:  "8986",
	0xFAB8:  "8996",
	0xFAB9:  "8ABF",
	0xFABA:  "8AF8",
	0xFABB:  "8ACB",
	0xFABC:  "8B01",
	0xFABD:  "8AFE",
	0xFABE:  "8AED",
	0xFABF:  "8B39",
	0xFAC0:  "8B8A",
	0xFAC1:  "8D08",
	0xFAC2:  "8F38",
	0xFAC3:  "9072",
	0xFAC4:  "9199",
	0xFAC5:  "9276",
	0xFAC6:  "967C",
	0xFAC7:  "96E3",
	0xFAC8:  "9756",
	0xFAC9:  "97DB",
	0xFACA:  "97FF",
	0xFACB:  "980B",
	0xFACC:  "983B",
	0xFACD:  "9B12",
	0xFACE:  "9F9C",
	0xFACF:  "2284A",
	0xFAD0:  "22844",
	0xFAD1:  "233D5",
	0xFAD2:  "3B9D",
	0xFAD3:  "4018",
	0xFAD4:  "4039",
	0xFAD5:  "25249",
	0xFAD6:  "25CD0",
	0xFAD7:  "27ED3",
	0xFAD8:  "9F43",
	0xFAD9:  "9F8E",
	0xFB00:  "<compat> 0066 0066",
	0xFB01:  "<compat> 0066 0069",
	0xFB02:  "<compat> 0066 006C",
	0xFB03:  "<compat> 0066 0066 0069",
	0xFB04:  "<compat> 0066 0066 006C",
	0xFB05:  "<compat> 017F 0074",
	0xFB06:  "<compat> 0073 0074",
	0xFB13:  "<compat> 0574 0576",
	0xFB14:  "<compat> 0574 0565",
	0xFB15:  "<compat> 0574 056B",
	0xFB16:  "<compat> 057E 0576",
	0xFB17:  "<compat> 0574 056D",
	0xFB1D:  "05D9 05B4",
	0xFB1F:  "05F2 05B7",
	0xFB20:  "<font> 05E2",
	0xFB21:  "<font> 05D0",
	0xFB22:  "<font> 05D3",
	0xFB23:  "<font> 05D4",
	0xFB24:  "<font> 05DB",
	0xFB25:  "<font> 05DC",
	0xFB26:  "<font> 05DD",
	0xFB27:  "<font> 05E8",
	0xFB28:  "<font> 05EA",
	0xFB29:  "<font> 002B",
	0xFB2A:  "05E9 05C1",
	0xFB2B:  "05E9 05C2",
	0xFB2C:  "FB49 05C1",
	0xFB2D:  "FB49 05C2",
	0xFB2E:  "05D0 05B7",
	0xFB2F:  "05D0 05B8",
	0xFB30:  "05D0 05BC",
	0xFB31:  "05D1 05BC",
	0xFB32:  "05D2 05BC",
	0xFB33:  "05D3 05BC",
	0xFB34:  "05D4 05BC",
	0xFB35:  "05D5 05BC",
	0xFB36:  "05D6 05BC",
	0xFB38:  "05D8 05BC",
	0xFB39:  "05D9 05BC",
	0xFB3A:  "05DA 05BC",
	0xFB3B:  "05DB 05BC",
	0xFB3C:  "05DC 05BC",
	0xFB3E:  "05DE 05BC",
	0xFB40:  "05E0 05BC",
	0xFB41:  "05E1 05BC",
	0xFB43:  "05E3 05BC",
	0xFB44:  "05E4 05BC",
	0xFB46:  "05E6 05BC",
	0xFB47:  "05E7 05BC",
	0xFB48:  "05E8 05BC",
	0xFB49:  "05E9 05BC",
	0xFB4A:  "05EA 05BC",
	0xFB4B:  "05D5 05B9",
	0xFB4C:  "05D1 05BF",
	0xFB4D:  "05DB 05BF",
	0xFB4E:  "05E4 05BF",
	0xFB4F:  "<compat> 05D0 05DC",
	0xFB50:  "<isolated> 0671",
	0xFB51:  "<final> 0671",
	0xFB52:  "<isolated> 067B",
	0xFB53:  "<final> 067B",
	0xFB54:  "<initial> 067B",
	0xFB55:  "<medial> 067B",
	0xFB56:  "<isolated> 067E",
	0xFB57:  "<final> 067E",
	0xFB58:  "<initial> 067E",
	0xFB59:  "<medial> 067E",
	0xFB5A:  "<isolated> 0680",
	0xFB5B:  "<final> 0680",
	0xFB5C:  "<initial> 0680",
	0xFB5D:  "<medial> 0680",
	0xFB5E:  "<isolated> 067A",
	0xFB5F:  "<final> 067A",
	0xFB60:  "<initial> 067A",
	0xFB61:  "<medial> 067A",
	0xFB62:  "<isolated> 067F",
	0xFB63:  "<final> 067F",
	0xFB64:  "<initial> 067F",
	0xFB65:  "<medial> 067F",
	0xFB66:  "<isolated> 0679",
	0xFB67:  "<final> 0679",
	0xFB68:  "<initial> 0679",
	0xFB69:  "<medial> 0679",
	0xFB6A:  "<isolated> 06A4",
	0xFB6B:  "<final> 06A4",
	0xFB6C:  "<initial> 06A4",
	0xFB6D:  "<medial> 06A4",
	0xFB6E:  "<isolated> 06A6",
	0xFB6F:  "<final> 06A6",
	0xFB70:  "<initial> 06A6",
	0xFB71:  "<medial> 06A6",
	0xFB72:  "<isolated> 0684",
	0xFB73:  "<final> 0684",
	0xFB74:  "<initial> 0684",
	0xFB75:  "<medial> 0684",
	0xFB76:  "<isolated> 0683",
	0xFB77:  "<final> 0683",
	0xFB78:  "<initial> 0683",
	0xFB79:  "<medial> 0683",
	0xFB7A:  "<isolated> 0686",
	0xFB7B:  "<final> 0686",
	0xFB7C:  "<initial> 0686",
	0xFB7D:  "<medial> 0686",
	0xFB7E:  "<isolated> 0687",
	0xFB7F:  "<final> 0687",
	0xFB80:  "<initial> 0687",
	0xFB81:  "<medial> 0687",
	0xFB82:  "<isolated> 068D",
	0xFB83:  "<final> 068D",
	0xFB84:  "<isolated> 068C",
	0xFB85:  "<final> 068C",
	0xFB86:  "<isolated> 068E",
	0xFB87:  "<final> 068E",
	0xFB88:  "<isolated> 0688",
	0xFB89:  "<final> 0688",
	0xFB8A:  "<isolated> 0698",
	0xFB8B:  "<final> 0698",
	0xFB8C:  "<isolated> 0691",
	0xFB8D:  "<final> 0691",
	0xFB8E:  "<isolated> 06A9",
	0xFB8F:  "<final> 06A9",
	0xFB90:  "<initial> 06A9",
	0xFB91:  "<medial> 06A9",
	0xFB92:  "<isolated> 06AF",
	0xFB93:  "<final> 06AF",
	0xFB94:  "<initial> 06AF",
	0xFB95:  "<medial> 06AF",
	0xFB96:  "<isolated> 06B3",
	0xFB97:  "<final> 06B3",
	0xFB98:  "<initial> 06B3",
	0xFB99:  "<medial> 06B3",
	0xFB9A:  "<isolated> 06B1",
	0xFB9B:  "<final> 06B1",
	0xFB9C:  "<initial> 06B1",
	0xFB9D:  "<medial> 06B1",
	0xFB9E:  "<isolated> 06BA",
	0xFB9F:  "<final> 06BA",
	0xFBA0:  "<isolated> 06BB",
	0xFBA1:  "<final> 06BB",
	0xFBA2:  "<initial> 06BB",
	0xFBA3:  "<medial> 06BB",
	0xFBA4:  "<isolated> 06C0",
	0xFBA5:  "<final> 06C0",
	0xFBA6:  "<isolated> 06C1",
	0xFBA7:  "<final> 06C1",
	0xFBA8:  "<initial> 06C1",
	0xFBA9:  "<medial> 06C1",
	0xFBAA:  "<isolated> 06BE",
	0xFBAB:  "<final> 06BE",
	0xFBAC:  "<initial> 06BE",
	0xFBAD:  "<medial> 06BE",
	0xFBAE:  "<isolated> 06D2",
	0xFBAF:  "<final> 06D2",
	0xFBB0:  "<isolated> 06D3",
	0xFBB1:  "<final> 06D3",
	0xFBD3:  "<isolated> 06AD",
	0xFBD4:  "<final> 06AD",
	0xFBD5:  "<initial> 06AD",
	0xFBD6:  "<medial> 06AD",
	0xFBD7:  "<isolated> 06C7",
	0xFBD8:  "<final> 06C7",
	0xFBD9:  "<isolated> 06C6",
	0xFBDA:  "<final> 06C6",
	0xFBDB:  "<isolated> 06C8",
	0xFBDC:  "<final> 06C8",
	0xFBDD:  "<isolated> 0677",
	0xFBDE:  "<isolated> 06CB",
	0xFBDF:  "<final> 06CB",
	0xFBE0:  "<isolated> 06C5",
	0xFBE1:  "<final> 06C5",
	0xFBE2:  "<isolated> 06C9",
	0xFBE3:  "<final> 06C9",
	0xFBE4:  "<isolated> 06D0",
	0xFBE5:  "<final> 06D0",
	0xFBE6:  "<initial> 06D0",
	0xFBE7:  "<medial> 06D0",
	0xFBE8:  "<initial> 0649",
	0xFBE9:  "<medial> 0649",
	0xFBEA:  "<isolated> 0626 0627",
	0xFBEB:  "<final> 0626 0627",
	0xFBEC:  "<isolated> 0626 06D5",
	0xFBED:  "<final> 0626 06D5",
	0xFBEE:  "<isolated> 0626 0648",
	0xFBEF:  "<final> 0626 0648",
	0xFBF0:  "<isolated> 0626 06C7",
	0xFBF1:  "<final> 0626 06C7",
	0xFBF2:  "<isolated> 0626 06C6",
	0xFBF3:  "<final> 0626 06C6",
	0xFBF4:  "<isolated> 0626 06C8",
	0xFBF5:  "<final> 0626 06C8",
	0xFBF6:  "<isolated> 0626 06D0",
	0xFBF7:  "<final> 0626 06D0",
	0xFBF8:  "<initial> 0626 06D0",
	0xFBF9:  "<isolated> 0626 0649",
	0xFBFA:  "<final> 0626 0649",
	0xFBFB:  "<initial> 0626 0649",
	0xFBFC:  "<isolated> 06CC",
	0xFBFD:  "<final> 06CC",
	0xFBFE:  "<initial> 06CC",
	0xFBFF:  "<medial> 06CC",
	0xFC00:  "<isolated> 0626 062C",
	0xFC01:  "<isolated> 0626 062D",
	0xFC02:  "<isolated> 0626 0645",
	0xFC03:  "<isolated> 0626 0649",
	0xFC04:  "<isolated> 0626 064A",
	0xFC05:  "<isolated> 0628 062C",
	0xFC06:  "<isolated> 0628 062D",
	0xFC07:  "<isolated> 0628 062E",
	0xFC08:  "<isolated> 0628 0645",
	0xFC09:  "<isolated> 0628 0649",
	0xFC0A:  "<isolated> 0628 064A",
	0xFC0B:  "<isolated> 062A 062C",
	0xFC0C:  "<isolated> 062A 062D",
	0xFC0D:  "<isolated> 062A 062E",
	0xFC0E:  "<isolated> 062A 0645",
	0xFC0F:  "<isolated> 062A 0649",
	0xFC10:  "<isolated> 062A 064A",
	0xFC11:  "<isolated> 062B 062C",
	0xFC12:  "<isolated> 062B 0645",
	0xFC13:  "<isolated> 062B 0649",
	0xFC14:  "<isolated> 062B 064A",
	0xFC15:  "<isolated> 062C 062D",
	0xFC16:  "<isolated> 062C 0645",
	0xFC17:  "<isolated> 062D 062C",
	0xFC18:  "<isolated> 062D 0645",
	0xFC19:  "<isolated> 062E 062C",
	0xFC1A:  "<isolated> 062E 062D",
	0xFC1B:  "<isolated> 062E 0645",
	0xFC1C:  "<isolated> 0633 062C",
	0xFC1D:  "<isolated> 0633 062D",
	0xFC1E:  "<isolated> 0633 062E",
	0xFC1F:  "<isolated> 0633 0645",
	0xFC20:  "<isolated> 0635 062D",
	0xFC21:  "<isolated> 0635 0645",
	0xFC22:  "<isolated> 0636 062C",
	0xFC23:  "<isolated> 0636 062D",
	0xFC24:  "<isolated> 0636 062E",
	0xFC25:  "<isolated> 0636 0645",
	0xFC26:  "<isolated> 0637 062D",
	0xFC27:  "<isolated> 0637 0645",
	0xFC28:  "<isolated> 0638 0645",
	0xFC29:  "<isolated> 0639 062C",
	0xFC2A:  "<isolated> 0639 0645",
	0xFC2B:  "<isolated> 063A 062C",
	0xFC2C:  "<isolated> 063A 0645",
	0xFC2D:  "<isolated> 0641 062C",
	0xFC2E:  "<isolated> 0641 062D",
	0xFC2F:  "<isolated> 0641 062E",
	0xFC30:  "<isolated> 0641 0645",
	0xFC31:  "<isolated> 0641 0649",
	0xFC32:  "<isolated> 0641 064A",
	0xFC33:  "<isolated> 0642 062D",
	0xFC34:  "<isolated> 0642 0645",
	0xFC35:  "<isolated> 0642 0649",
	0xFC36:  "<isolated> 0642 064A",
	0xFC37:  "<isolated> 0643 0627",
	0xFC38:  "<isolated> 0643 062C",
	0xFC39:  "<isolated> 0643 062D",
	0xFC3A:  "<isolated> 0643 062E",
	0xFC3B:  "<isolated> 0643 0644",
	0xFC3C:  "<isolated> 0643 0645",
	0xFC3D:  "<isolated> 0643 0649",
	0xFC3E:  "<isolated> 0643 064A",
	0xFC3F:  "<isolated> 0644 062C",
	0xFC40:  "<isolated> 0644 062D",
	0xFC41:  "<isolated> 0644 062E",
	0xFC42:  "<isolated> 0644 0645",
	0xFC43:  "<isolated> 0644 0649",
	0xFC44:  "<isolated> 0644 064A",
	0xFC45:  "<isolated> 0645 062C",
	0xFC46:  "<isolated> 0645 062D",
	0xFC47:  "<isolated> 0645 062E",
	0xFC48:  "<isolated> 0645 0645",
	0xFC49:  "<isolated> 0645 0649",
	0xFC4A:  "<isolated> 0645 064A",
	0xFC4B:  "<isolated> 0646 062C",
	0xFC4C:  "<isolated> 0646 062D",
	0xFC4D:  "<isolated> 0646 062E",
	0xFC4E:  "<isolated> 0646 0645",
	0xFC4F:  "<isolated> 0646 0649",
	0xFC50:  "<isolated> 0646 064A",
	0xFC51:  "<isolated> 0647 062C",
	0xFC52:  "<isolated> 0647 0645",
	0xFC53:  "<isolated> 0647 0649",
	0xFC54:  "<isolated> 0647 064A",
	0xFC55:  "<isolated> 064A 062C",
	0xFC56:  "<isolated> 064A 062D",
	0xFC57:  "<isolated> 064A 062E",
	0xFC58:  "<isolated> 064A 0645",
	0xFC59:  "<isolated> 064A 0649",
	0xFC5A:  "<isolated> 064A 064A",
	0xFC5B:  "<isolated> 0630 0670",
	0xFC5C:  "<isolated> 0631 0670",
	0xFC5D:  "<isolated> 0649 0670",
	0xFC5E:  "<isolated> 0020 064C 0651",
	0xFC5F:  "<isolated> 0020 064D 0651",
	0xFC60:  "<isolated> 0020 064E 0651",
	0xFC61:  "<isolated> 0020 064F 0651",
	0xFC62:  "<isolated> 0020 0650 0651",
	0xFC63:  "<isolated> 0020 0651 0670",
	0xFC64:  "<final> 0626 0631",
	0xFC65:  "<final> 0626 0632",
	0xFC66:  "<final> 0626 0645",
	0xFC67:  "<final> 0626 0646",
	0xFC68:  "<final> 0626 0649",
	0xFC69:  "<final> 0626 064A",
	0xFC6A:  "<final> 0628 0631",
	0xFC6B:  "<final> 0628 0632",
	0xFC6C:  "<final> 0628 0645",
	0xFC6D:  "<final> 0628 0646",
	0xFC6E:  "<final> 0628 0649",
	0xFC6F:  "<final> 0628 064A",
	0xFC70:  "<final> 062A 0631",
	0xFC71:  "<final> 062A 0632",
	0xFC72:  "<final> 062A 0645",
	0xFC73:  "<final> 062A 0646",
	0xFC74:  "<final> 062A 0649",
	0xFC75:  "<final> 062A 064A",
	0xFC76:  "<final> 062B 0631",
	0xFC77:  "<final> 062B 0632",
	0xFC78:  "<final> 062B 0645",
	0xFC79:  "<final> 062B 0646",
	0xFC7A:  "<final> 062B 0649",
	0xFC7B:  "<final> 062B 064A",
	0xFC7C:  "<final> 0641 0649",
	0xFC7D:  "<final> 0641 064A",
	0xFC7E:  "<final> 0642 0649",
	0xFC7F:  "<final> 0642 064A",
	0xFC80:  "<final> 0643 0627",
	0xFC81:  "<final> 0643 0644",
	0xFC82:  "<final> 0643 0645",
	0xFC83:  "<final> 0643 0649",
	0xFC84:  "<final> 0643 064A",
	0xFC85:  "<final> 0644 0645",
	0xFC86:  "<final> 0644 0649",
	0xFC87:  "<final> 0644 064A",
	0xFC88:  "<final> 0645 0627",
	0xFC89:  "<final> 0645 0645",
	0xFC8A:  "<final> 0646 0631",
	0xFC8B:  "<final> 0646 0632",
	0xFC8C:  "<final> 0646 0645",
	0xFC8D:  "<final> 0646 0646",
	0xFC8E:  "<final> 0646 0649",
	0xFC8F:  "<final> 0646 064A",
	0xFC90:  "<final> 0649 0670",
	0xFC91:  "<final> 064A 0631",
	0xFC92:  "<final> 064A 0632",
	0xFC93:  "<final> 064A 0645",
	0xFC94:  "<final> 064A 0646",
	0xFC95:  "<final> 064A 0649",
	0xFC96:  "<final> 064A 064A",
	0xFC97:  "<initial> 0626 062C",
	0xFC98:  "<initial> 0626 062D",
	0xFC99:  "<initial> 0626 062E",
	0xFC9A:  "<initial> 0626 0645",
	0xFC9B:  "<initial> 0626 0647",
	0xFC9C:  "<initial> 0628 062C",
	0xFC9D:  "<initial> 0628 062D",
	0xFC9E:  "<initial> 0628 062E",
	0xFC9F:  "<initial> 0628 0645",
	0xFCA0:  "<initial> 0628 0647",
	0xFCA1:  "<initial> 062A 062C",
	0xFCA2:  "<initial> 062A 062D",
	0xFCA3:  "<initial> 062A 062E",
	0xFCA4:  "<initial> 062A 0645",
	0xFCA5:  "<initial> 062A 0647",
	0xFCA6:  "<initial> 062B 0645",
	0xFCA7:  "<initial> 062C 062D",
	0xFCA8:  "<initial> 062C 0645",
	0xFCA9:  "<initial> 062D 062C",
	0xFCAA:  "<initial> 062D 0645",
	0xFCAB:  "<initial> 062E 062C",
	0xFCAC:  "<initial> 062E 0645",
	0xFCAD:  "<initial> 0633 062C",
	0xFCAE:  "<initial> 0633 062D",
	0xFCAF:  "<initial> 0633 062E",
	0xFCB0:  "<initial> 0633 0645",
	0xFCB1:  "<initial> 0635 062D",
	0xFCB2:  "<initial> 0635 062E",
	0xFCB3:  "<initial> 0635 0645",
	0xFCB4:  "<initial> 0636 062C",
	0xFCB5:  "<initial> 0636 062D",
	0xFCB6:  "<initial> 0636 062E",
	0xFCB7:  "<initial> 0636 0645",
	0xFCB8:  "<initial> 0637 062D",
	0xFCB9:  "<initial> 0638 0645",
	0xFCBA:  "<initial> 0639 062C",
	0xFCBB:  "<initial> 0639 0645",
	0xFCBC:  "<initial> 063A 062C",
	0xFCBD:  "<initial> 063A 0645",
	0xFCBE:  "<initial> 0641 062C",
	0xFCBF:  "<initial> 0641 062D",
	0xFCC0:  "<initial> 0641 062E",
	0xFCC1:  "<initial> 0641 0645",
	0xFCC2:  "<initial> 0642 062D",
	0xFCC3:  "<initial> 0642 0645",
	0xFCC4:  "<initial> 0643 062C",
	0xFCC5:  "<initial> 0643 062D",
	0xFCC6:  "<initial> 0643 062E",
	0xFCC7:  "<initial> 0643 0644",
	0xFCC8:  "<initial> 0643 0645",
	0xFCC9:  "<initial> 0644 062C",
	0xFCCA:  "<initial> 0644 062D",
	0xFCCB:  "<initial> 0644 062E",
	0xFCCC:  "<initial> 0644 0645",
	0xFCCD:  "<initial> 0644 0647",
	0xFCCE:  "<initial> 0645 062C",
	0xFCCF:  "<initial> 0645 062D",
	0xFCD0:  "<initial> 0645 062E",
	0xFCD1:  "<initial> 0645 0645",
	0xFCD2:  "<initial> 0646 062C",
	0xFCD3:  "<initial> 0646 062D",
	0xFCD4:  "<initial> 0646 062E",
	0xFCD5:  "<initial> 0646 0645",
	0xFCD6:  "<initial> 0646 0647",
	0xFCD7:  "<initial> 0647 062C",
	0xFCD8:  "<initial> 0647 0645",
	0xFCD9:  "<initial> 0647 0670",
	0xFCDA:  "<initial> 064A 062C",
	0xFCDB:  "<initial> 064A 062D",
	0xFCDC:  "<initial> 064A 062E",
	0xFCDD:  "<initial> 064A 0645",
	0xFCDE:  "<initial> 064A 0647",
	0xFCDF:  "<medial> 0626 0645",
	0xFCE0:  "<medial> 0626 0647",
	0xFCE1:  "<medial> 0628 0645",
	0xFCE2:  "<medial> 0628 0647",
	0xFCE3:  "<medial> 062A 0645",
	0xFCE4:  "<medial> 062A 0647",
	0xFCE5:  "<medial> 062B 0645",
	0xFCE6:  "<medial> 062B 0647",
	0xFCE7:  "<medial> 0633 0645",
	0xFCE8:  "<medial> 0633 0647",
	0xFCE9:  "<medial> 0634 0645",
	0xFCEA:  "<medial> 0634 0647",
	0xFCEB:  "<medial> 0643 0644",
	0xFCEC:  "<medial> 0643 0645",
	0xFCED:  "<medial> 0644 0645",
	0xFCEE:  "<medial> 0646 0645",
	0xFCEF:  "<medial> 0646 0647",
	0xFCF0:  "<medial> 064A 0645",
	0xFCF1:  "<medial> 064A 0647",
	0xFCF2:  "<medial> 0640 064E 0651",
	0xFCF3:  "<medial> 0640 064F 0651",
	0xFCF4:  "<medial> 0640 0650 0651",
	0xFCF5:  "<isolated> 0637 0649",
	0xFCF6:  "<isolated> 0637 064A",
	0xFCF7:  "<isolated> 0639 0649",
	0xFCF8:  "<isolated> 0639 064A",
	0xFCF9:  "<isolated> 063A 0649",
	0xFCFA:  "<isolated> 063A 064A",
	0xFCFB:  "<isolated> 0633 0649",
	0xFCFC:  "<isolated> 0633 064A",
	0xFCFD:  "<isolated> 0634 0649",
	0xFCFE:  "<isolated> 0634 064A",
	0xFCFF:  "<isolated> 062D 0649",
	0xFD00:  "<isolated> 062D 064A",
	0xFD01:  "<isolated> 062C 0649",
	0xFD02:  "<isolated> 062C 064A",
	0xFD03:  "<isolated> 062E 0649",
	0xFD04:  "<isolated> 062E 064A",
	0xFD05:  "<isolated> 0635 0649",
	0xFD06:  "<isolated> 0635 064A",
	0xFD07:  "<isolated> 0636 0649",
	0xFD08:  "<isolated> 0636 064A",
	0xFD09:  "<isolated> 0634 062C",
	0xFD0A:  "<isolated> 0634 062D",
	0xFD0B:  "<isolated> 0634 062E",
	0xFD0C:  "<isolated> 0634 0645",
	0xFD0D:  "<isolated> 0634 0631",
	0xFD0E:  "<isolated> 0633 0631",
	0xFD0F:  "<isolated> 0635 0631",
	0xFD10:  "<isolated> 0636 0631",
	0xFD11:  "<final> 0637 0649",
	0xFD12:  "<final> 0637 064A",
	0xFD13:  "<final> 0639 0649",
	0xFD14:  "<final> 0639 064A",
	0xFD15:  "<final> 063A 0649",
	0xFD16:  "<final> 063A 064A",
	0xFD17:  "<final> 0633 0649",
	0xFD18:  "<final> 0633 064A",
	0xFD19:  "<final> 0634 0649",
	0xFD1A:  "<final> 0634 064A",
	0xFD1B:  "<final> 062D 0649",
	0xFD1C:  "<final> 062D 064A",
	0xFD1D:  "<final> 062C 0649",
	0xFD1E:  "<final> 062C 064A",
	0xFD1F:  "<final> 062E 0649",
	0xFD20:  "<final> 062E 064A",
	0xFD21:  "<final> 0635 0649",
	0xFD22:  "<final> 0635 064A",
	0xFD23:  "<final> 0636 0649",
	0xFD24:  "<final> 0636 064A",
	0xFD25:  "<final> 0634 062C",
	0xFD26:  "<final> 0634 062D",
	0xFD27:  "<final> 0634 062E",
	0xFD28:  "<final> 0634 0645",
	0xFD29:  "<final> 0634 0631",
	0xFD2A:  "<final> 0633 0631",
	0xFD2B:  "<final> 0635 0631",
	0xFD2C:  "<final> 0636 0631",
	0xFD2D:  "<initial> 0634 062C",
	0xFD2E:  "<initial> 0634 062D",
	0xFD2F:  "<initial> 0634 062E",
	0xFD30:  "<initial> 0634 0645",
	0xFD31:  "<initial> 0633 0647",
	0xFD32:  "<initial> 0634 0647",
	0xFD33:  "<initial> 0637 0645",
	0xFD34:  "<medial> 0633 062C",
	0xFD35:  "<medial> 0633 062D",
	0xFD36:  "<medial> 0633 062E",
	0xFD37:  "<medial> 0634 062C",
	0xFD38:  "<medial> 0634 062D",
	0xFD39:  "<medial> 0634 062E",
	0xFD3A:  "<medial> 0637 0645",
	0xFD3B:  "<medial> 0638 0645",
	0xFD3C:  "<final> 0627 064B",
	0xFD3D:  "<isolated> 0627 064B",
	0xFD50:  "<initial> 062A 062C 0645",
	0xFD51:  "<final> 062A 062D 062C",
	0xFD52:  "<initial> 062A 062D 062C",
	0xFD53:  "<initial> 062A 062D 0645",
	0xFD54:  "<initial> 062A 062E 0645",
	0xFD55:  "<initial> 062A 0645 062C",
	0xFD56:  "<initial> 062A 0645 062D",
	0xFD57:  "<initial> 062A 0645 062E",
	0xFD58:  "<final> 062C 0645 062D",
	0xFD59:  "<initial> 062C 0645 062D",
	0xFD5A:  "<final> 062D 0645 064A",
	0xFD5B:  "<final> 062D 0645 0649",
	0xFD5C:  "<initial> 0633 062D 062C",
	0xFD5D:  "<initial> 0633 062C 062D",
	0xFD5E:  "<final> 0633 062C 0649",
	0xFD5F:  "<final> 0633 0645 062D",
	0xFD60:  "<initial> 0633 0645 062D",
	0xFD61:  "<initial> 0633 0645 062C",
	0xFD62:  "<final> 0633 0645 0645",
	0xFD63:  "<initial> 0633 0645 0645",
	0xFD64:  "<final> 0635 062D 062D",
	0xFD65:  "<initial> 0635 062D 062D",
	0xFD66:  "<final> 0635 0645 0645",
	0xFD67:  "<final> 0634 062D 0645",
	0xFD68:  "<initial> 0634 062D 0645",
	0xFD69:  "<final> 0634 062C 064A",
	0xFD6A:  "<final> 0634 0645 062E",
	0xFD6B:  "<initial> 0634 0645 062E",
	0xFD6C:  "<final> 0634 0645 0645",
	0xFD6D:  "<initial> 0634 0645 0645",
	0xFD6E:  "<final> 0636 062D 0649",
	0xFD6F:  "<final> 0636 062E 0645",
	0xFD70:  "<initial> 0636 062E 0645",
	0xFD71:  "<final> 0637 0645 062D",
	0xFD72:  "<initial> 0637 0645 062D",
	0xFD73:  "<initial> 0637 0645 0645",
	0xFD74:  "<final> 0637 0645 064A",
	0xFD75:  "<final> 0639 062C 0645",
	0xFD76:  "<final> 0639 0645 0645",
	0xFD77:  "<initial> 0639 0645 0645",
	0xFD78:  "<final> 0639 0645 0649",
	0xFD79:  "<final> 063A 0645 0645",
	0xFD7A:  "<final> 063A 0645 064A",
	0xFD7B:  "<final> 063A 0645 0649",
	0xFD7C:  "<final> 0641 062E 0645",
	0xFD7D:  "<initial> 0641 062E 0645",
	0xFD7E:  "<final> 0642 0645 062D",
	0xFD7F:  "<final> 0642 0645 0645",
	0xFD80:  "<final> 0644 062D 0645",
	0xFD81:  "<final> 0644 062D 064A",
	0xFD82:  "<final> 0644 062D 0649",
	0xFD83:  "<initial> 0644 062C 062C",
	0xFD84:  "<final> 0644 062C 062C",
	0xFD85:  "<final> 0644 062E 0645",
	0xFD86:  "<initial> 0644 062E 0645",
	0xFD87:  "<final> 0644 0645 062D",
	0xFD88:  "<initial> 0644 0645 062D",
	0xFD89:  "<initial> 0645 062D 062C",
	0xFD8A:  "<initial> 0645 062D 0645",
	0xFD8B:  "<final> 0645 062D 064A",
	0xFD8C:  "<initial> 0645 062C 062D",
	0xFD8D:  "<initial> 0645 062C 0645",
	0xFD8E:  "<initial> 0645 062E 062C",
	0xFD8F:  "<initial> 0645 062E 0645",
	0xFD92:  "<initial> 0645 062C 062E",
	0xFD93:  "<initial> 0647 0645 062C",
	0xFD94:  "<initial> 0647 0645 0645",
	0xFD95:  "<initial> 0646 062D 0645",
	0xFD96:  "<final> 0646 062D 0649",
	0xFD97:  "<final> 0646 062C 0645",
	0xFD98:  "<initial> 0646 062C 0645",
	0xFD99:  "<final> 0646 062C 0649",
	0xFD9A:  "<final> 0646 0645 064A",
	0xFD9B:  "<final> 0646 0645 0649",
	0xFD9C:  "<final> 064A 0645 0645",
	0xFD9D:  "<initial> 064A 0645 0645",
	0xFD9E:  "<final> 0628 062E 064A",
	0xFD9F:  "<final> 062A 062C 064A",
	0xFDA0:  "<final> 062A 062C 0649",
	0xFDA1:  "<final> 062A 062E 064A",
	0xFDA2:  "<final> 062A 062E 0649",
	0xFDA3:  "<final> 062A 0645 064A",
	0xFDA4:  "<final> 062A 0645 0649",
	0xFDA5:  "<final> 062C 0645 064A",
	0xFDA6:  "<final> 062C 062D 0649",
	0xFDA7:  "<final> 062C 0645 0649",
	0xFDA8:  "<final> 0633 062E 0649",
	0xFDA9:  "<final> 0635 062D 064A",
	0xFDAA:  "<final> 0634 062D 064A",
	0xFDAB:  "<final> 0636 062D 064A",
	0xFDAC:  "<final> 0644 062C 064A",
	0xFDAD:  "<final> 0644 0645 064A",
	0xFDAE:  "<final> 064A 062D 064A",
	0xFDAF:  "<final> 064A 062C 064A",
	0xFDB0:  "<final> 064A 0645 064A",
	0xFDB1:  "<final> 0645 0645 064A",
	0xFDB2:  "<final> 0642 0645 064A",
	0xFDB3:  "<final> 0646 062D 064A",
	0xFDB4:  "<initial> 0642 0645 062D",
	0xFDB5:  "<initial> 0644 062D 0645",
	0xFDB6:  "<final> 0639 0645 064A",
	0xFDB7:  "<final> 0643 0645 064A",
	0xFDB8:  "<initial> 0646 062C 062D",
	0xFDB9:  "<final> 0645 062E 064A",
	0xFDBA:  "<initial> 0644 062C 0645",
	0xFDBB:  "<final> 0643 0645 0645",
	0xFDBC:  "<final> 0644 062C 0645",
	0xFDBD:  "<final> 0646 062C 062D",
	0xFDBE:  "<final> 062C 062D 064A",
	0xFDBF:  "<final> 062D 062C 064A",
	0xFDC0:  "<final> 0645 062C 064A",
	0xFDC1:  "<final> 0641 0645 064A",
	0xFDC2:  "<final> 0628 062D 064A",
	0xFDC3:  "<initial> 0643 0645 0645",
	0xFDC4:  "<initial> 0639 062C 0645",
	0xFDC5:  "<initial> 0635 0645 0645",
	0xFDC6:  "<final> 0633 062E 064A",
	0xFDC7:  "<final> 0646 062C 064A",
	0xFDF0:  "<isolated> 0635 0644 06D2",
	0xFDF1:  "<isolated> 0642 0644 06D2",
	0xFDF2:  "<isolated> 0627 0644 0644 0647",
	0xFDF3:  "<isolated> 0627 0643 0628 0631",
	0xFDF4:  "<isolated> 0645 062D 0645 062F",
	0xFDF5:  "<isolated> 0635 0644 0639 0645",
	0xFDF6:  "<isolated> 0631 0633 0648 0644",
	0xFDF7:  "<isolated> 0639 0644 064A 0647",
	0xFDF8:  "<isolated> 0648 0633 0644 0645",
	0xFDF9:  "<isolated> 0635 0644 0649",
	0xFDFA:  "<isolated> 0635 0644 0649 0020 0627 0644 0644 0647 0020 0639 0644 064A 0647 0020 0648 0633 0644 0645",
	0xFDFB:  "<isolated> 062C 0644 0020 062C 0644 0627 0644 0647",
	0xFDFC:  "<isolated> 0631 06CC 0627 0644",
	0xFE10:  "<vertical> 002C",
	0xFE11:  "<vertical> 3001",
	0xFE12:  "<vertical> 3002",
	0xFE13:  "<vertical> 003A",
	0xFE14:  "<vertical> 003B",
	0xFE15:  "<vertical> 0021",
	0xFE16:  "<vertical> 003F",
	0xFE17:  "<vertical> 3016",
	0xFE18:  "<vertical> 3017",
	0xFE19:  "<vertical> 2026",
	0xFE30:  "<vertical> 2025",
	0xFE31:  "<vertical> 2014",
	0xFE32:  "<vertical> 2013",
	0xFE33:  "<vertical> 005F",
	0xFE34:  "<vertical> 005F",
	0xFE35:  "<vertical> 0028",
	0xFE36:  "<vertical> 0029",
	0xFE37:  "<vertical> 007B",
	0xFE38:  "<vertical> 007D",
	0xFE39:  "<vertical> 3014",
	0xFE3A:  "<vertical> 3015",
	0xFE3B:  "<vertical> 3010",
	0xFE3C:  "<vertical> 3011",
	0xFE3D:  "<vertical> 300A",
	0xFE3E:  "<vertical> 300B",
	0xFE3F:  "<vertical> 3008",
	0xFE40:  "<vertical> 3009",
	0xFE41:  "<vertical> 300C",
	0xFE42:  "<vertical> 300D",
	0xFE43:  "<vertical> 300E",
	0xFE44:  "<vertical> 300F",
	0xFE47:  "<vertical> 005B",
	0xFE48:  "<vertical> 005D",
	0xFE49:  "<compat> 203E",
	0xFE4A:  "<compat> 203E",
	0xFE4B:  "<compat> 203E",
	0xFE4C:  "<compat> 203E",
	0xFE4D:  "<compat> 005F",
	0xFE4E:  "<compat> 005F",
	0xFE4F:  "<compat> 005F",
	0xFE50:  "<small> 002C",
	0xFE51:  "<small> 3001",
	0xFE52:  "<small> 002E",
	0xFE54:  "<small> 003B",
	0xFE55:  "<small> 003A",
	0xFE56:  "<small> 003F",
	0xFE57:  "<small> 0021",
	0xFE58:  "<small> 2014",
	0xFE59:  "<small> 0028",
	0xFE5A:  "<small> 0029",
	0xFE5B:  "<small> 007B",
	0xFE5C:  "<small> 007D",
	0xFE5D:  "<small> 3014",
	0xFE5E:  "<small> 3015",
	0xFE5F:  "<small> 0023",
	0xFE60:  "<small> 0026",
	0xFE61:  "<small> 002A",
	0xFE62:  "<small> 002B",
	0xFE63:  "<small> 002D",
	0xFE64:  "<small> 003C",
	0xFE65:  "<small> 003E",
	0xFE66:  "<small> 003D",
	0xFE68:  "<small> 005C",
	0xFE69:  "<small> 0024",
	0xFE6A:  "<small> 0025",
	0xFE6B:  "<small> 0040",
	0xFE70:  "<isolated> 0020 064B",
	0xFE71:  "<medial> 0640 064B",
	0xFE72:  "<isolated> 0020 064C",
	0xFE74:  "<isolated> 0020 064D",
	0xFE76:  "<isolated> 0020 064E",
	0xFE77:  "<medial> 0640 064E",
	0xFE78:  "<isolated> 0020 064F",
	0xFE79:  "<medial> 0640 064F",
	0xFE7A:  "<isolated> 0020 0650",
	0xFE7B:  "<medial> 0640 0650",
	0xFE7C:  "<isolated> 0020 0651",
	0xFE7D:  "<medial> 0640 0651",
	0xFE7E:  "<isolated> 0020 0652",
	0xFE7F:  "<medial> 0640 0652",
	0xFE80:  "<isolated> 0621",
	0xFE81:  "<isolated> 0622",
	0xFE82:  "<final> 0622",
	0xFE83:  "<isolated> 0623",
	0xFE84:  "<final> 0623",
	0xFE85:  "<isolated> 0624",
	0xFE86:  "<final> 0624",
	0xFE87:  "<isolated> 0625",
	0xFE88:  "<final> 0625",
	0xFE89:  "<isolated> 0626",
	0xFE8A:  "<final> 0626",
	0xFE8B:  "<initial> 0626",
	0xFE8C:  "<medial> 0626",
	0xFE8D:  "<isolated> 0627",
	0xFE8E:  "<final> 0627",
	0xFE8F:  "<isolated> 0628",
	0xFE90:  "<final> 0628",
	0xFE91:  "<initial> 0628",
	0xFE92:  "<medial> 0628",
	0xFE93:  "<isolated> 0629",
	0xFE94:  "<final> 0629",
	0xFE95:  "<isolated> 062A",
	0xFE96:  "<final> 062A",
	0xFE97:  "<initial> 062A",
	0xFE98:  "<medial> 062A",
	0xFE99:  "<isolated> 062B",
	0xFE9A:  "<final> 062B",
	0xFE9B:  "<initial> 062B",
	0xFE9C:  "<medial> 062B",
	0xFE9D:  "<isolated> 062C",
	0xFE9E:  "<final> 062C",
	0xFE9F:  "<initial> 062C",
	0xFEA0:  "<medial> 062C",
	0xFEA1:  "<isolated> 062D",
	0xFEA2:  "<final> 062D",
	0xFEA3:  "<initial> 062D",
	0xFEA4:  "<medial> 062D",
	0xFEA5:  "<isolated> 062E",
	0xFEA6:  "<final> 062E",
	0xFEA7:  "<initial> 062E",
	0xFEA8:  "<medial> 062E",
	0xFEA9:  "<isolated> 062F",
	0xFEAA:  "<final> 062F",
	0xFEAB:  "<isolated> 0630",
	0xFEAC:  "<final> 0630",
	0xFEAD:  "<isolated> 0631",
	0xFEAE:  "<final> 0631",
	0xFEAF:  "<isolated> 0632",
	0xFEB0:  "<final> 0632",
	0xFEB1:  "<isolated> 0633",
	0xFEB2:  "<final> 0633",
	0xFEB3:  "<initial> 0633",
	0xFEB4:  "<medial> 0633",
	0xFEB5:  "<isolated> 0634",
	0xFEB6:  "<final> 0634",
	0xFEB7:  "<initial> 0634",
	0xFEB8:  "<medial> 0634",
	0xFEB9:  "<isolated> 0635",
	0xFEBA:  "<final> 0635",
	0xFEBB:  "<initial> 0635",
	0xFEBC:  "<medial> 0635",
	0xFEBD:  "<isolated> 0636",
	0xFEBE:  "<final> 0636",
	0xFEBF:  "<initial> 0636",
	0xFEC0:  "<medial> 0636",
	0xFEC1:  "<isolated> 0637",
	0xFEC2:  "<final> 0637",
	0xFEC3:  "<initial> 0637",
	0xFEC4:  "<medial> 0637",
	0xFEC5:  "<isolated> 0638",
	0xFEC6:  "<final> 0638",
	0xFEC7:  "<initial> 0638",
	0xFEC8:  "<medial> 0638",
	0xFEC9:  "<isolated> 0639",
	0xFECA:  "<final> 0639",
	0xFECB:  "<initial> 0639",
	0xFECC:  "<medial> 0639",
	0xFECD:  "<isolated> 063A",
	0xFECE:  "<final> 063A",
	0xFECF:  "<initial> 063A",
	0xFED0:  "<medial> 063A",
	0xFED1:  "<isolated> 0641",
	0xFED2:  "<final> 0641",
	0xFED3:  "<initial> 0641",
	0xFED4:  "<medial> 0641",
	0xFED5:  "<isolated> 0642",
	0xFED6:  "<final> 0642",
	0xFED7:  "<initial> 0642",
	0xFED8:  "<medial> 0642",
	0xFED9:  "<isolated> 0643",
	0xFEDA:  "<final> 0643",
	0xFEDB:  "<initial> 0643",
	0xFEDC:  "<medial> 0643",
	0xFEDD:  "<isolated> 0644",
	0xFEDE:  "<final> 0644",
	0xFEDF:  "<initial> 0644",
	0xFEE0:  "<medial> 0644",
	0xFEE1:  "<isolated> 0645",
	0xFEE2:  "<final> 0645",
	0xFEE3:  "<initial> 0645",
	0xFEE4:  "<medial> 0645",
	0xFEE5:  "<isolated> 0646",
	0xFEE6:  "<final> 0646",
	0xFEE7:  "<initial> 0646",
	0xFEE8:  "<medial> 0646",
	0xFEE9:  "<isolated> 0647",
	0xFEEA:  "<final> 0647",
	0xFEEB:  "<initial> 0647",
	0xFEEC:  "<medial> 0647",
	0xFEED:  "<isolated> 0648",
	0xFEEE:  "<final> 0648",
	0xFEEF:  "<isolated> 0649",
	0xFEF0:  "<final> 0649",
	0xFEF1:  "<isolated> 064A",
	0xFEF2:  "<final> 064A",
	0xFEF3:  "<initial> 064A",
	0xFEF4:  "<medial> 064A",
	0xFEF5:  "<isolated> 0644 0622",
	0xFEF6:  "<final> 0644 0622",
	0xFEF7:  "<isolated> 0644 0623",
	0xFEF8:  "<final> 0644 0623",
	0xFEF9:  "<isolated> 0644 0625",
	0xFEFA:  "<final> 0644 0625",
	0xFEFB:  "<isolated> 0644 0627",
	0xFEFC:  "<final> 0644 0627",
	0xFF01:  "<wide> 0021",
	0xFF02:  "<wide> 0022",
	0xFF03:  "<wide> 0023",
	0xFF04:  "<wide> 0024",
	0xFF05:  "<wide> 0025",
	0xFF06:  "<wide> 0026",
	0xFF07:  "<wide> 0027",
	0xFF08:  "<wide> 0028",
	0xFF09:  "<wide> 0029",
	0xFF0A:  "<wide> 002A",
	0xFF0B:  "<wide> 002B",
	0xFF0C:  "<wide> 002C",
	0xFF0D:  "<wide> 002D",
	0xFF0E:  "<wide> 002E",
	0xFF0F:  "<wide> 002F",
	0xFF10:  "<wide> 0030",
	0xFF11:  "<wide> 0031",
	0xFF12:  "<wide> 0032",
	0xFF13:  "<wide> 0033",
	0xFF14:  "<wide> 0034",
	0xFF15:  "<wide> 0035",
	0xFF16:  "<wide> 0036",
	0xFF17:  "<wide> 0037",
	0xFF18:  "<wide> 0038",
	0xFF19:  "<wide> 0039",
	0xFF1A:  "<wide> 003A",
	0xFF1B:  "<wide> 003B",
	0xFF1C:  "<wide> 003C",
	0xFF1D:  "<wide> 003D",
	0xFF1E:  "<wide> 003E",
	0xFF1F:  "<wide> 003F",
	0xFF20:  "<wide> 0040",
	0xFF21:  "<wide> 0041",
	0xFF22:  "<wide> 0042",
	0xFF23:  "<wide> 0043",
	0xFF24:  "<wide> 0044",
	0xFF25:  "<wide> 0045",
	0xFF26:  "<wide> 0046",
	0xFF27:  "<wide> 0047",
	0xFF28:  "<wide> 0048",
	0xFF29:  "<wide> 0049",
	0xFF2A:  "<wide> 004A",
	0xFF2B:  "<wide> 004B",
	0xFF2C:  "<wide> 004C",
	0xFF2D:  "<wide> 004D",
	0xFF2E:  "<wide> 004E",
	0xFF2F:  "<wide> 004F",
	0xFF30:  "<wide> 0050",
	0xFF31:  "<wide> 0051",
	0xFF32:  "<wide> 0052",
	0xFF33:  "<wide> 0053",
	0xFF34:  "<wide> 0054",
	0xFF35:  "<wide> 0055",
	0xFF36:  "<wide> 0056",
	0xFF37:  "<wide> 0057",
	0xFF38:  "<wide> 0058",
	0xFF39:  "<wide> 0059",
	0xFF3A:  "<wide> 005A",
	0xFF3B:  "<wide> 005B",
	0xFF3C:  "<wide> 005C",
	0xFF3D:  "<wide> 005D",
	0xFF3E:  "<wide> 005E",
	0xFF3F:  "<wide> 005F",
	0xFF40:  "<wide> 0060",
	0xFF41:  "<wide> 0061",
	0xFF42:  "<wide> 0062",
	0xFF43:  "<wide> 0063",
	0xFF44:  "<wide> 0064",
	0xFF45:  "<wide> 0065",
	0xFF46:  "<wide> 0066",
	0xFF47:  "<wide> 0067",
	0xFF48:  "<wide> 0068",
	0xFF49:  "<wide> 0069",
	0xFF4A:  "<wide> 006A",
	0xFF4B:  "<wide> 006B",
	0xFF4C:  "<wide> 006C",
	0xFF4D:  "<wide> 006D",
	0xFF4E:  "<wide> 006E",
	0xFF4F:  "<wide> 006F",
	0xFF50:  "<wide> 0070",
	0xFF51:  "<wide> 0071",
	0xFF52:  "<wide> 0072",
	0xFF53:  "<wide> 0073",
	0xFF54:  "<wide> 0074",
	0xFF55:  "<wide> 0075",
	0xFF56:  "<wide> 0076",
	0xFF57:  "<wide> 0077",
	0xFF58:  "<wide> 0078",
	0xFF59:  "<wide> 0079",
	0xFF5A:  "<wide> 007A",
	0xFF5B:  "<wide> 007B",
	0xFF5C:  "<wide> 007C",
	0xFF5D:  "<wide> 007D",
	0xFF5E:  "<wide> 007E",
	0xFF5F:  "<wide> 2985",
	0xFF60:  "<wide> 2986",
	0xFF61:  "<narrow> 3002",
	0xFF62:  "<narrow> 300C",
	0xFF63:  "<narrow> 300D",
	0xFF64:  "<narrow> 3001",
	0xFF65:  "<narrow> 30FB",
	0xFF66:  "<narrow> 30F2",
	0xFF67:  "<narrow> 30A1",
	0xFF68:  "<narrow> 30A3",
	0xFF69:  "<narrow> 30A5",
	0xFF6A:  "<narrow> 30A7",
	0xFF6B:  "<narrow> 30A9",
	0xFF6C:  "<narrow> 30E3",
	0xFF6D:  "<narrow> 30E5",
	0xFF6E:  "<narrow> 30E7",
	0xFF6F:  "<narrow> 30C3",
	0xFF70:  "<narrow> 30FC",
	0xFF71:  "<narrow> 30A2",
	0xFF72:  "<narrow> 30A4",
	0xFF73:  "<narrow> 30A6",
	0xFF74:  "<narrow> 30A8",
	0xFF75:  "<narrow> 30AA",
	0xFF76:  "<narrow> 30AB",
	0xFF77:  "<narrow> 30AD",
	0xFF78:  "<narrow> 30AF",
	0xFF79:  "<narrow> 30B1",
	0xFF7A:  "<narrow> 30B3",
	0xFF7B:  "<narrow> 30B5",
	0xFF7C:  "<narrow> 30B7",
	0xFF7D:  "<narrow> 30B9",
	0xFF7E:  "<narrow> 30BB",
	0xFF7F:  "<narrow> 30BD",
	0xFF80:  "<narrow> 30BF",
	0xFF81:  "<narrow> 30C1",
	0xFF82:  "<narrow> 30C4",
	0xFF83:  "<narrow> 30C6",
	0xFF84:  "<narrow> 30C8",
	0xFF85:  "<narrow> 30CA",
	0xFF86:  "<narrow> 30CB",
	0xFF87:  "<narrow> 30CC",
	0xFF88:  "<narrow> 30CD",
	0xFF89:  "<narrow> 30CE",
	0xFF8A:  "<narrow> 30CF",
	0xFF8B:  "<narrow> 30D2",
	0xFF8C:  "<narrow> 30D5",
	0xFF8D:  "<narrow> 30D8",
	0xFF8E:  "<narrow> 30DB",
	0xFF8F:  "<narrow> 30DE",
	0xFF90:  "<narrow> 30DF",
	0xFF91:  "<narrow> 30E0",
	0xFF92:  "<narrow> 30E1",
	0xFF93:  "<narrow> 30E2",
	0xFF94:  "<narrow> 30E4",
	0xFF95:  "<narrow> 30E6",
	0xFF96:  "<narrow> 30E8",
	0xFF97:  "<narrow> 30E9",
	0xFF98:  "<narrow> 30EA",
	0xFF99:  "<narrow> 30EB",
	0xFF9A:  "<narrow> 30EC",
	0xFF9B:  "<narrow> 30ED",
	0xFF9C:  "<narrow> 30EF",
	0xFF9D:  "<narrow> 30F3",
	0xFF9E:  "<narrow> 3099",
	0xFF9F:  "<narrow> 309A",
	0xFFA0:  "<narrow> 3164",
	0xFFA1:  "<narrow> 3131",
	0xFFA2:  "<narrow> 3132",
	0xFFA3:  "<narrow> 3133",
	0xFFA4:  "<narrow> 3134",
	0xFFA5:  "<narrow> 3135",
	0xFFA6:  "<narrow> 3136",
	0xFFA7:  "<narrow> 3137",
	0xFFA8:  "<narrow> 3138",
	0xFFA9:  "<narrow> 3139",
	0xFFAA:  "<narrow> 313A",
	0xFFAB:  "<narrow> 313B",
	0xFFAC:  "<narrow> 313C",
	0xFFAD:  "<narrow> 313D",
	0xFFAE:  "<narrow> 313E",
	0xFFAF:  "<narrow> 313F",
	0xFFB0:  "<narrow> 3140",
	0xFFB1:  "<narrow> 3141",
	0xFFB2:  "<narrow> 3142",
	0xFFB3:  "<narrow> 3143",
	0xFFB4:  "<narrow> 3144",
	0xFFB5:  "<narrow> 3145",
	0xFFB6:  "<narrow> 3146",
	0xFFB7:  "<narrow> 3147",
	0xFFB8:  "<narrow> 3148",
	0xFFB9:  "<narrow> 3149",
	0xFFBA:  "<narrow> 314A",
	0xFFBB:  "<narrow> 314B",
	0xFFBC:  "<narrow> 314C",
	0xFFBD:  "<narrow> 314D",
	0xFFBE:  "<narrow> 314E",
	0xFFC2:  "<narrow> 314F",
	0xFFC3:  "<narrow> 3150",
	0xFFC4:  "<narrow> 3151",
	0xFFC5:  "<narrow> 3152",
	0xFFC6:  "<narrow> 3153",
	0xFFC7:  "<narrow> 3154",
	0xFFCA:  "<narrow> 3155",
	0xFFCB:  "<narrow> 3156",
	0xFFCC:  "<narrow> 3157",
	0xFFCD:  "<narrow> 3158",
	0xFFCE:  "<narrow> 3159",
	0xFFCF:  "<narrow> 315A",
	0xFFD2:  "<narrow> 315B",
	0xFFD3:  "<narrow> 315C",
	0xFFD4:  "<narrow> 315D",
	0xFFD5:  "<narrow> 315E",
	0xFFD6:  "<narrow> 315F",
	0xFFD7:  "<narrow> 3160",
	0xFFDA:  "<narrow> 3161",
	0xFFDB:  "<narrow> 3162",
	0xFFDC:  "<narrow> 3163",
	0xFFE0:  "<wide> 00A2",
	0xFFE1:  "<wide> 00A3",
	0xFFE2:  "<wide> 00AC",
	0xFFE3:  "<wide> 00AF",
	0xFFE4:  "<wide> 00A6",
	0xFFE5:  "<wide> 00A5",
	0xFFE6:  "<wide> 20A9",
	0xFFE8:  "<narrow> 2502",
	0xFFE9:  "<narrow> 2190",
	0xFFEA:  "<narrow> 2191",
	0xFFEB:  "<narrow> 2192",
	0xFFEC:  "<narrow> 2193",
	0xFFED:  "<narrow> 25A0",
	0xFFEE:  "<narrow> 25CB",
	0x105C9: "105D2 0307",
	0x105E4: "105DA 0307",
	0x10781: "<super> 02D0",
	0x10782: "<super> 02D1",
	0x10783: "<super> 00E6",
	0x10784: "<super> 0299",
	0x10785: "<super> 0253",
	0x10787: "<super> 02A3",
	0x10788: "<super> AB66",
	0x10789: "<super> 02A5",
	0x1078A: "<super> 02A4",
	0x1078B: "<super> 0256",
	0x1078C: "<super> 0257",
	0x1078D: "<super> 1D91",
	0x1078E: "<super> 0258",
	0x1078F: "<super> 025E",
	0x10790: "<super> 02A9",
	0x10791: "<super> 0264",
	0x10792: "<super> 0262",
	0x10793: "<super> 0260",
	0x10794: "<super> 029B",
	0x10795: "<super> 0127",
	0x10796: "<super> 029C",
	0x10797: "<super> 0267",
	0x10798: "<super> 0284",
	0x10799: "<super> 02AA",
	0x1079A: "<super> 02AB",
	0x1079B: "<super> 026C",
	0x1079C: "<super> 1DF04",
	0x1079D: "<super> A78E",
	0x1079E: "<super> 026E",
	0x1079F: "<super> 1DF05",
	0x107A0: "<super> 028E",
	0x107A1: "<super> 1DF06",
	0x107A2: "<super> 00F8",
	0x107A3: "<super> 0276",
	0x107A4: "<super> 0277",
	0x107A5: "<super> 0071",
	0x107A6: "<super> 027A",
	0x107A7: "<super> 1DF08",
	0x107A8: "<super> 027D",
	0x107A9: "<super> 027E",
	0x107AA: "<super> 0280",
	0x107AB: "<super> 02A8",
	0x107AC: "<super> 02A6",
	0x107AD: "<super> AB67",
	0x107AE: "<super> 02A7",
	0x107AF: "<super> 0288",
	0x107B0: "<super> 2C71",
	0x107B2: "<super> 028F",
	0x107B3: "<super> 02A1",
	0x107B4: "<super> 02A2",
	0x107B5: "<super> 0298",
	0x107B6: "<super> 01C0",
	0x107B7: "<super> 01C1",
	0x107B8: "<super> 01C2",
	0x107B9: "<super> 1DF0A",
	0x107BA: "<super> 1DF1E",
	0x1109A: "11099 110BA",
	0x1109C: "1109B 110BA",
	0x110AB: "110A5 110BA",
	0x1112E: "11131 11127",
	0x1112F: "11132 11127",
	0x1134B: "11347 1133E",
	0x1134C: "11347 11357",
	0x11383: "11382 113C9",
	0x11385: "11384 113BB",
	0x1138E: "1138B 113C2",
	0x11391: "11390 113C9",
	0x113C5: "113C2 113C2",
	0x113C7: "113C2 113B8",
	0x113C8: "113C2 113C9",
	0x114BB: "114B9 114BA",
	0x114BC: "114B9 114B0",
	0x114BE: "114B9 114BD",
	0x115BA: "115B8 115AF",
	0x115BB: "115B9 115AF",
	0x11938: "11935 11930",
	0x16121: "1611E 1611E",
	0x16122: "1611E 16129",
	0x16123: "1611E 1611F",
	0x16124: "16129 1611F",
	0x16125: "1611E 16120",
	0x16126: "16121 1611F",
	0x16127: "16122 1611F",
	0x16128: "16121 16120",
	0x16D68: "16D67 16D67",
	0x16D69: "16D63 16D67",
	0x16D6A: "16D69 16D67",
	0x1CCD6: "<font> 0041",
	0x1CCD7: "<font> 0042",
	0x1CCD8: "<font> 0043",
	0x1CCD9: "<font> 0044",
	0x1CCDA: "<font> 0045",
	0x1CCDB: "<font> 0046",
	0x1CCDC: "<font> 0047",
	0x1CCDD: "<font> 0048",
	0x1CCDE: "<font> 0049",
	0x1CCDF: "<font> 004A",
	0x1CCE0: "<font> 004B",
	0x1CCE1: "<font> 004C",
	0x1CCE2: "<font> 004D",
	0x1CCE3: "<font> 004E",
	0x1CCE4: "<font> 004F",
	0x1CCE5: "<font> 0050",
	0x1CCE6: "<font> 0051",
	0x1CCE7: "<font> 0052",
	0x1CCE8: "<font> 0053",
	0x1CCE9: "<font> 0054",
	0x1CCEA: "<font> 0055",
	0x1CCEB: "<font> 0056",
	0x1CCEC: "<font> 0057",
	0x1CCED: "<font> 0058",
	0x1CCEE: "<font> 0059",
	0x1CCEF: "<font> 005A",
	0x1CCF0: "<font> 0030",
	0x1CCF1: "<font> 0031",
	0x1CCF2: "<font> 0032",
	0x1CCF3: "<font> 0033",
	0x1CCF4: "<font> 0034",
	0x1CCF5: "<font> 0035",
	0x1CCF6: "<font> 0036",
	0x1CCF7: "<font> 0037",
	0x1CCF8: "<font> 0038",
	0x1CCF9: "<font> 0039",
	0x1D15E: "1D157 1D165",
	0x1D15F: "1D158 1D165",
	0x1D160: "1D15F 1D16E",
	0x1D161: "1D15F 1D16F",
	0x1D162: "1D15F 1D170",
	0x1D163: "1D15F 1D171",
	0x1D164: "1D15F 1D172",
	0x1D1BB: "1D1B9 1D165",
	0x1D1BC: "1D1BA 1D165",
	0x1D1BD: "1D1BB 1D16E",
	0x1D1BE: "1D1BC 1D16E",
	0x1D1BF: "1D1BB 1D16F",
	0x1D1C0: "1D1BC 1D16F",
	0x1D400: "<font> 0041",
	0x1D401: "<font> 0042",
	0x1D402: "<font> 0043",
	0x1D403: "<font> 0044",
	0x1D404: "<font> 0045",
	0x1D405: "<font> 0046",
	0x1D406: "<font> 0047",
	0x1D407: "<font> 0048",
	0x1D408: "<font> 0049",
	0x1D409: "<font> 004A",
	0x1D40A: "<font> 004B",
	0x1D40B: "<font> 004C",
	0x1D40C: "<font> 004D",
	0x1D40D: "<font> 004E",
	0x1D40E: "<font> 004F",
	0x1D40F: "<font> 0050",
	0x1D410: "<font> 0051",
	0x1D411: "<font> 0052",
	0x1D412: "<font> 0053",
	0x1D413: "<font> 0054",
	0x1D414: "<font> 0055",
	0x1D415: "<font> 0056",
	0x1D416: "<font> 0057",
	0x1D417: "<font> 0058",
	0x1D418: "<font> 0059",
	0x1D419: "<font> 005A",
	0x1D41A: "<font> 0061",
	0x1D41B: "<font> 0062",
	0x1D41C: "<font> 0063",
	0x1D41D: "<font> 0064",
	0x1D41E: "<font> 0065",
	0x1D41F: "<font> 0066",
	0x1D420: "<font> 0067",
	0x1D421: "<font> 0068",
	0x1D422: "<font> 0069",
	0x1D423: "<font> 006A",
	0x1D424: "<font> 006B",
	0x1D425: "<font> 006C",
	0x1D426: "<font> 006D",
	0x1D427: "<font> 006E",
	0x1D428: "<font> 006F",
	0x1D429: "<font> 0070",
	0x1D42A: "<font> 0071",
	0x1D42B: "<font> 0072",
	0x1D42C: "<font> 0073",
	0x1D42D: "<font> 0074",
	0x1D42E: "<font> 0075",
	0x1D42F: "<font> 0076",
	0x1D430: "<font> 0077",
	0x1D431: "<font> 0078",
	0x1D432: "<font> 0079",
	0x1D433: "<font> 007A",
	0x1D434: "<font> 0041",
	0x1D435: "<font> 0042",
	0x1D436: "<font> 0043",
	0x1D437: "<font> 0044",
	0x1D438: "<font> 0045",
	0x1D439: "<font> 0046",
	0x1D43A: "<font> 0047",
	0x1D43B: "<font> 0048",
	0x1D43C: "<font> 0049",
	0x1D43D: "<font> 004A",
	0x1D43E: "<font> 004B",
	0x1D43F: "<font> 004C",
	0x1D440: "<font> 004D",
	0x1D441: "<font> 004E",
	0x1D442: "<font> 004F",
	0x1D443: "<font> 0050",
	0x1D444: "<font> 0051",
	0x1D445: "<font> 0052",
	0x1D446: "<font> 0053",
	0x1D447: "<font> 0054",
	0x1D448: "<font> 0055",
	0x1D449: "<font> 0056",
	0x1D44A: "<font> 0057",
	0x1D44B: "<font> 0058",
	0x1D44C: "<font> 0059",
	0x1D44D: "<font> 005A",
	0x1D44E: "<font> 0061",
	0x1D44F: "<font> 0062",
	0x1D450: "<font> 0063",
	0x1D451: "<font> 0064",
	0x1D452: "<font> 0065",
	0x1D453: "<font> 0066",
	0x1D454: "<font> 0067",
	0x1D456: "<font> 0069",
	0x1D457: "<font> 006A",
	0x1D458: "<font> 006B",
	0x1D459: "<font> 006C",
	0x1D45A: "<font> 006D",
	0x1D45B: "<font> 006E",
	0x1D45C: "<font> 006F",
	0x1D45D: "<font> 0070",
	0x1D45E: "<font> 0071",
	0x1D45F: "<font> 0072",
	0x1D460: "<font> 0073",
	0x1D461: "<font> 0074",
	0x1D462: "<font> 0075",
	0x1D463: "<font> 0076",
	0x1D464: "<font> 0077",
	0x1D465: "<font> 0078",
	0x1D466: "<font> 0079",
	0x1D467: "<font> 007A",
	0x1D468: "<font> 0041",
	0x1D469: "<font> 0042",
	0x1D46A: "<font> 0043",
	0x1D46B: "<font> 0044",
	0x1D46C: "<font> 0045",
	0x1D46D: "<font> 0046",
	0x1D46E: "<font> 0047",
	0x1D46F: "<font> 0048",
	0x1D470: "<font> 0049",
	0x1D471: "<font> 004A",
	0x1D472: "<font> 004B",
	0x1D473: "<font> 004C",
	0x1D474: "<font> 004D",
	0x1D475: "<font> 004E",
	0x1D476: "<font> 004F",
	0x1D477: "<font> 0050",
	0x1D478: "<font> 0051",
	0x1D479: "<font> 0052",
	0x1D47A: "<font> 0053",
	0x1D47B: "<font> 0054",
	0x1D47C: "<font> 0055",
	0x1D47D: "<font> 0056",
	0x1D47E: "<font> 0057",
	0x1D47F: "<font> 0058",
	0x1D480: "<font> 0059",
	0x1D481: "<font> 005A",
	0x1D482: "<font> 0061",
	0x1D483: "<font> 0062",
	0x1D484: "<font> 0063",
	0x1D485: "<font> 0064",
	0x1D486: "<font> 0065",
	0x1D487: "<font> 0066",
	0x1D488: "<font> 0067",
	0x1D489: "<font> 0068",
	0x1D48A: "<font> 0069",
	0x1D48B: "<font> 006A",
	0x1D48C: "<font> 006B",
	0x1D48D: "<font> 006C",
	0x1D48E: "<font> 006D",
	0x1D48F: "<font> 006E",
	0x1D490: "<font> 006F",
	0x1D491: "<font> 0070",
	0x1D492: "<font> 0071",
	0x1D493: "<font> 0072",
	0x1D494: "<font> 0073",
	0x1D495: "<font> 0074",
	0x1D496: "<font> 0075",
	0x1D497: "<font> 0076",
	0x1D498: "<font> 0077",
	0x1D499: "<font> 0078",
	0x1D49A: "<font> 0079",
	0x1D49B: "<font> 007A",
	0x1D49C: "<font> 0041",
	0x1D49E: "<font> 0043",
	0x1D49F: "<font> 0044",
	0x1D4A2: "<font> 0047",
	0x1D4A5: "<font> 004A",
	0x1D4A6: "<font> 004B",
	0x1D4A9: "<font> 004E",
	0x1D4AA: "<font> 004F",
	0x1D4AB: "<font> 0050",
	0x1D4AC: "<font> 0051",
	0x1D4AE: "<font> 0053",
	0x1D4AF: "<font> 0054",
	0x1D4B0: "<font> 0055",
	0x1D4B1: "<font> 0056",
	0x1D4B2: "<font> 0057",
	0x1D4B3: "<font> 0058",
	0x1D4B4: "<font> 0059",
	0x1D4B5: "<font> 005A",
	0x1D4B6: "<font> 0061",
	0x1D4B7: "<font> 0062",
	0x1D4B8: "<font> 0063",
	0x1D4B9: "<font> 0064",
	0x1D4BB: "<font> 0066",
	0x1D4BD: "<font> 0068",
	0x1D4BE: "<font> 0069",
	0x1D4BF: "<font> 006A",
	0x1D4C0: "<font> 006B",
	0x1D4C1: "<font> 006C",
	0x1D4C2: "<font> 006D",
	0x1D4C3: "<font> 006E",
	0x1D4C5: "<font> 0070",
	0x1D4C6: "<font> 0071",
	0x1D4C7: "<font> 0072",
	0x1D4C8: "<font> 0073",
	0x1D4C9: "<font> 0074",
	0x1D4CA: "<font> 0075",
	0x1D4CB: "<font> 0076",
	0x1D4CC: "<font> 0077",
	0x1D4CD: "<font> 0078",
	0x1D4CE: "<font> 0079",
	0x1D4CF: "<font> 007A",
	0x1D4D0: "<font> 0041",
	0x1D4D1: "<font> 0042",
	0x1D4D2: "<font> 0043",
	0x1D4D3: "<font> 0044",
	0x1D4D4: "<font> 0045",
	0x1D4D5: "<font> 0046",
	0x1D4D6: "<font> 0047",
	0x1D4D7: "<font> 0048",
	0x1D4D8: "<font> 0049",
	0x1D4D9: "<font> 004A",
	0x1D4DA: "<font> 004B",
	0x1D4DB: "<font> 004C",
	0x1D4DC: "<font> 004D",
	0x1D4DD: "<font> 004E",
	0x1D4DE: "<font> 004F",
	0x1D4DF: "<font> 0050",
	0x1D4E0: "<font> 0051",
	0x1D4E1: "<font> 0052",
	0x1D4E2: "<font> 0053",
	0x1D4E3: "<font> 0054",
	0x1D4E4: "<font> 0055",
	0x1D4E5: "<font> 0056",
	0x1D4E6: "<font> 0057",
	0x1D4E7: "<font> 0058",
	0x1D4E8: "<font> 0059",
	0x1D4E9: "<font> 005A",
	0x1D4EA: "<font> 0061",
	0x1D4EB: "<font> 0062",
	0x1D4EC: "<font> 0063",
	0x1D4ED: "<font> 0064",
	0x1D4EE: "<font> 0065",
	0x1D4EF: "<font> 0066",
	0x1D4F0: "<font> 0067",
	0x1D4F1: "<font> 0068",
	0x1D4F2: "<font> 0069",
	0x1D4F3: "<font> 006A",
	0x1D4F4: "<font> 006B",
	0x1D4F5: "<font> 006C",
	0x1D4F6: "<font> 006D",
	0x1D4F7: "<font> 006E",
	0x1D4F8: "<font> 006F",
	0x1D4F9: "<font> 0070",
	0x1D4FA: "<font> 0071",
	0x1D4FB: "<font> 0072",
	0x1D4FC: "<font> 0073",
	0x1D4FD: "<font> 0074",
	0x1D4FE: "<font> 0075",
	0x1D4FF: "<font> 0076",
	0x1D500: "<font> 0077",
	0x1D501: "<font> 0078",
	0x1D502: "<font> 0079",
	0x1D503: "<font> 007A",
	0x1D504: "<font> 0041",
	0x1D505: "<font> 0042",
	0x1D507: "<font> 0044",
	0x1D508: "<font> 0045",
	0x1D509: "<font> 0046",
	0x1D50A: "<font> 0047",
	0x1D50D: "<font> 004A",
	0x1D50E: "<font> 004B",
	0x1D50F: "<font> 004C",
	0x1D510: "<font> 004D",
	0x1D511: "<font> 004E",
	0x1D512: "<font> 004F",
	0x1D513: "<font> 0050",
	0x1D514: "<font> 0051",
	0x1D516: "<font> 0053",
	0x1D517: "<font> 0054",
	0x1D518: "<font> 0055",
	0x1D519: "<font> 0056",
	0x1D51A: "<font> 0057",
	0x1D51B: "<font> 0058",
	0x1D51C: "<font> 0059",
	0x1D51E: "<font> 0061",
	0x1D51F: "<font> 0062",
	0x1D520: "<font> 0063",
	0x1D521: "<font> 0064",
	0x1D522: "<font> 0065",
	0x1D523: "<font> 0066",
	0x1D524: "<font> 0067",
	0x1D525: "<font> 0068",
	0x1D526: "<font> 0069",
	0x1D527: "<font> 006A",
	0x1D528: "<font> 006B",
	0x1D529: "<font> 006C",
	0x1D52A: "<font> 006D",
	0x1D52B: "<font> 006E",
	0x1D52C: "<font> 006F",
	0x1D52D: "<font> 0070",
	0x1D52E: "<font> 0071",
	0x1D52F: "<font> 0072",
	0x1D530: "<font> 0073",
	0x1D531: "<font> 0074",
	0x1D532: "<font> 0075",
	0x1D533: "<font> 0076",
	0x1D534: "<font> 0077",
	0x1D535: "<font> 0078",
	0x1D536: "<font> 0079",
	0x1D537: "<font> 007A",
	0x1D538: "<font> 0041",
	0x1D539: "<font> 0042",
	0x1D53B: "<font> 0044",
	0x1D53C: "<font> 0045",
	0x1D53D: "<font> 0046",
	0x1D53E: "<font> 0047",
	0x1D540: "<font> 0049",
	0x1D541: "<font> 004A",
	0x1D542: "<font> 004B",
	0x1D543: "<font> 004C",
	0x1D544: "<font> 004D",
	0x1D546: "<font> 004F",
	0x1D54A: "<font> 0053",
	0x1D54B: "<font> 0054",
	0x1D54C: "<font> 0055",
	0x1D54D: "<font> 0056",
	0x1D54E: "<font> 0057",
	0x1D54F: "<font> 0058",
	0x1D550: "<font> 0059",
	0x1D552: "<font> 0061",
	0x1D553: "<font> 0062",
	0x1D554: "<font> 0063",
	0x1D555: "<font> 0064",
	0x1D556: "<font> 0065",
	0x1D557: "<font> 0066",
	0x1D558: "<font> 0067",
	0x1D559: "<font> 0068",
	0x1D55A: "<font> 0069",
	0x1D55B: "<font> 006A",
	0x1D55C: "<font> 006B",
	0x1D55D: "<font> 006C",
	0x1D55E: "<font> 006D",
	0x1D55F: "<font> 006E",
	0x1D560: "<font> 006F",
	0x1D561: "<font> 0070",
	0x1D562: "<font> 0071",
	0x1D563: "<font> 0072",
	0x1D564: "<font> 0073",
	0x1D565: "<font> 0074",
	0x1D566: "<font> 0075",
	0x1D567: "<font> 0076",
	0x1D568: "<font> 0077",
	0x1D569: "<font> 0078",
	0x1D56A: "<font> 0079",
	0x1D56B: "<font> 007A",
	0x1D56C: "<font> 0041",
	0x1D56D: "<font> 0042",
	0x1D56E: "<font> 0043",
	0x1D56F: "<font> 0044",
	0x1D570: "<font> 0045",
	0x1D571: "<font> 0046",
	0x1D572: "<font> 0047",
	0x1D573: "<font> 0048",
	0x1D574: "<font> 0049",
	0x1D575: "<font> 004A",
	0x1D576: "<font> 004B",
	0x1D577: "<font> 004C",
	0x1D578: "<font> 004D",
	0x1D579: "<font> 004E",
	0x1D57A: "<font> 004F",
	0x1D57B: "<font> 0050",
	0x1D57C: "<font> 0051",
	0x1D57D: "<font> 0052",
	0x1D57E: "<font> 0053",
	0x1D57F: "<font> 0054",
	0x1D580: "<font> 0055",
	0x1D581: "<font> 0056",
	0x1D582: "<font> 0057",
	0x1D583: "<font> 0058",
	0x1D584: "<font> 0059",
	0x1D585: "<font> 005A",
	0x1D586: "<font> 0061",
	0x1D587: "<font> 0062",
	0x1D588: "<font> 0063",
	0x1D589: "<font> 0064",
	0x1D58A: "<font> 0065",
	0x1D58B: "<font> 0066",
	0x1D58C: "<font> 0067",
	0x1D58D: "<font> 0068",
	0x1D58E: "<font> 0069",
	0x1D58F: "<font> 006A",
	0x1D590: "<font> 006B",
	0x1D591: "<font> 006C",
	0x1D592: "<font> 006D",
	0x1D593: "<font> 006E",
	0x1D594: "<font> 006F",
	0x1D595: "<font> 0070",
	0x1D596: "<font> 0071",
	0x1D597: "<font> 0072",
	0x1D598: "<font> 0073",
	0x1D599: "<font> 0074",
	0x1D59A: "<font> 0075",
	0x1D59B: "<font> 0076",
	0x1D59C: "<font> 0077",
	0x1D59D: "<font> 0078",
	0x1D59E: "<font> 0079",
	0x1D59F: "<font> 007A",
	0x1D5A0: "<font> 0041",
	0x1D5A1: "<font> 0042",
	0x1D5A2: "<font> 0043",
	0x1D5A3: "<font> 0044",
	0x1D5A4: "<font> 0045",
	0x1D5A5: "<font> 0046",
	0x1D5A6: "<font> 0047",
	0x1D5A7: "<font> 0048",
	0x1D5A8: "<font> 0049",
	0x1D5A9: "<font> 004A",
	0x1D5AA: "<font> 004B",
	0x1D5AB: "<font> 004C",
	0x1D5AC: "<font> 004D",
	0x1D5AD: "<font> 004E",
	0x1D5AE: "<font> 004F",
	0x1D5AF: "<font> 0050",
	0x1D5B0: "<font> 0051",
	0x1D5B1: "<font> 0052",
	0x1D5B2: "<font> 0053",
	0x1D5B3: "<font> 0054",
	0x1D5B4: "<font> 0055",
	0x1D5B5: "<font> 0056",
	0x1D5B6: "<font> 0057",
	0x1D5B7: "<font> 0058",
	0x1D5B8: "<font> 0059",
	0x1D5B9: "<font> 005A",
	0x1D5BA: "<font> 0061",
	0x1D5BB: "<font> 0062",
	0x1D5BC: "<font> 0063",
	0x1D5BD: "<font> 0064",
	0x1D5BE: "<font> 0065",
	0x1D5BF: "<font> 0066",
	0x1D5C0: "<font> 0067",
	0x1D5C1: "<font> 0068",
	0x1D5C2: "<font> 0069",
	0x1D5C3: "<font> 006A",
	0x1D5C4: "<font> 006B",
	0x1D5C5: "<font> 006C",
	0x1D5C6: "<font> 006D",
	0x1D5C7: "<font> 006E",
	0x1D5C8: "<font> 006F",
	0x1D5C9: "<font> 0070",
	0x1D5CA: "<font> 0071",
	0x1D5CB: "<font> 0072",
	0x1D5CC: "<font> 0073",
	0x1D5CD: "<font> 0074",
	0x1D5CE: "<font> 0075",
	0x1D5CF: "<font> 0076",
	0x1D5D0: "<font> 0077",
	0x1D5D1: "<font> 0078",
	0x1D5D2: "<font> 0079",
	0x1D5D3: "<font> 007A",
	0x1D5D4: "<font> 0041",
	0x1D5D5: "<font> 0042",
	0x1D5D6: "<font> 0043",
	0x1D5D7: "<font> 0044",
	0x1D5D8: "<font> 0045",
	0x1D5D9: "<font> 0046",
	0x1D5DA: "<font> 0047",
	0x1D5DB: "<font> 0048",
	0x1D5DC: "<font> 0049",
	0x1D5DD: "<font> 004A",
	0x1D5DE: "<font> 004B",
	0x1D5DF: "<font> 004C",
	0x1D5E0: "<font> 004D",
	0x1D5E1: "<font> 004E",
	0x1D5E2: "<font> 004F",
	0x1D5E3: "<font> 0050",
	0x1D5E4: "<font> 0051",
	0x1D5E5: "<font> 0052",
	0x1D5E6: "<font> 0053",
	0x1D5E7: "<font> 0054",
	0x1D5E8: "<font> 0055",
	0x1D5E9: "<font> 0056",
	0x1D5EA: "<font> 0057",
	0x1D5EB: "<font> 0058",
	0x1D5EC: "<font> 0059",
	0x1D5ED: "<font> 005A",
	0x1D5EE: "<font> 0061",
	0x1D5EF: "<font> 0062",
	0x1D5F0: "<font> 0063",
	0x1D5F1: "<font> 0064",
	0x1D5F2: "<font> 0065",
	0x1D5F3: "<font> 0066",
	0x1D5F4: "<font> 0067",
	0x1D5F5: "<font> 0068",
	0x1D5F6: "<font> 0069",
	0x1D5F7: "<font> 006A",
	0x1D5F8: "<font> 006B",
	0x1D5F9: "<font> 006C",
	0x1D5FA: "<font> 006D",
	0x1D5FB: "<font> 006E",
	0x1D5FC: "<font> 006F",
	0x1D5FD: "<font> 0070",
	0x1D5FE: "<font> 0071",
	0x1D5FF: "<font> 0072",
	0x1D600: "<font> 0073",
	0x1D601: "<font> 0074",
	0x1D602: "<font> 0075",
	0x1D603: "<font> 0076",
	0x1D604: "<font> 0077",
	0x1D605: "<font> 0078",
	0x1D606: "<font> 0079",
	0x1D607: "<font> 007A",
	0x1D608: "<font> 0041",
	0x1D609: "<font> 0042",
	0x1D60A: "<font> 0043",
	0x1D60B: "<font> 0044",
	0x1D60C: "<font> 0045",
	0x1D60D: "<font> 0046",
	0x1D60E: "<font> 0047",
	0x1D60F: "<font> 0048",
	0x1D610: "<font> 0049",
	0x1D611: "<font> 004A",
	0x1D612: "<font> 004B",
	0x1D613: "<font> 004C",
	0x1D614: "<font> 004D",
	0x1D615: "<font> 004E",
	0x1D616: "<font> 004F",
	0x1D617: "<font> 0050",
	0x1D618: "<font> 0051",
	0x1D619: "<font> 0052",
	0x1D61A: "<font> 0053",
	0x1D61B: "<font> 0054",
	0x1D61C: "<font> 0055",
	0x1D61D: "<font> 0056",
	0x1D61E: "<font> 0057",
	0x1D61F: "<font> 0058",
	0x1D620: "<font> 0059",
	0x1D621: "<font> 005A",
	0x1D622: "<font> 0061",
	0x1D623: "<font> 0062",
	0x1D624: "<font> 0063",
	0x1D625: "<font> 0064",
	0x1D626: "<font> 0065",
	0x1D627: "<font> 0066",
	0x1D628: "<font> 0067",
	0x1D629: "<font> 0068",
	0x1D62A: "<font> 0069",
	0x1D62B: "<font> 006A",
	0x1D62C: "<font> 006B",
	0x1D62D: "<font> 006C",
	0x1D62E: "<font> 006D",
	0x1D62F: "<font> 006E",
	0x1D630: "<font> 006F",
	0x1D631: "<font> 0070",
	0x1D632: "<font> 0071",
	0x1D633: "<font> 0072",
	0x1D634: "<font> 0073",
	0x1D635: "<font> 0074",
	0x1D636: "<font> 0075",
	0x1D637: "<font> 0076",
	0x1D638: "<font> 0077",
	0x1D639: "<font> 0078",
	0x1D63A: "<font> 0079",
	0x1D63B: "<font> 007A",
	0x1D63C: "<font> 0041",
	0x1D63D: "<font> 0042",
	0x1D63E: "<font> 0043",
	0x1D63F: "<font> 0044",
	0x1D640: "<font> 0045",
	0x1D641: "<font> 0046",
	0x1D642: "<font> 0047",
	0x1D643: "<font> 0048",
	0x1D644: "<font> 0049",
	0x1D645: "<font> 004A",
	0x1D646: "<font> 004B",
	0x1D647: "<font> 004C",
	0x1D648: "<font> 004D",
	0x1D649: "<font> 004E",
	0x1D64A: "<font> 004F",
	0x1D64B: "<font> 0050",
	0x1D64C: "<font> 0051",
	0x1D64D: "<font> 0052",
	0x1D64E: "<font> 0053",
	0x1D64F: "<font> 0054",
	0x1D650: "<font> 0055",
	0x1D651: "<font> 0056",
	0x1D652: "<font> 0057",
	0x1D653: "<font> 0058",
	0x1D654: "<font> 0059",
	0x1D655: "<font> 005A",
	0x1D656: "<font> 0061",
	0x1D657: "<font> 0062",
	0x1D658: "<font> 0063",
	0x1D659: "<font> 0064",
	0x1D65A: "<font> 0065",
	0x1D65B: "<font> 0066",
	0x1D65C: "<font> 0067",
	0x1D65D: "<font> 0068",
	0x1D65E: "<font> 0069",
	0x1D65F: "<font> 006A",
	0x1D660: "<font> 006B",
	0x1D661: "<font> 006C",
	0x1D662: "<font> 006D",
	0x1D663: "<font> 006E",
	0x1D664: "<font> 006F",
	0x1D665: "<font> 0070",
	0x1D666: "<font> 0071",
	0x1D667: "<font> 0072",
	0x1D668: "<font> 0073",
	0x1D669: "<font> 0074",
	0x1D66A: "<font> 0075",
	0x1D66B: "<font> 0076",
	0x1D66C: "<font> 0077",
	0x1D66D: "<font> 0078",
	0x1D66E: "<font> 0079",
	0x1D66F: "<font> 007A",
	0x1D670: "<font> 0041",
	0x1D671: "<font> 0042",
	0x1D672: "<font> 0043",
	0x1D673: "<font> 0044",
	0x1D674: "<font> 0045",
	0x1D675: "<font> 0046",
	0x1D676: "<font> 0047",
	0x1D677: "<font> 0048",
	0x1D678: "<font> 0049",
	0x1D679: "<font> 004A",
	0x1D67A: "<font> 004B",
	0x1D67B: "<font> 004C",
	0x1D67C: "<font> 004D",
	0x1D67D: "<font> 004E",
	0x1D67E: "<font> 004F",
	0x1D67F: "<font> 0050",
	0x1D680: "<font> 0051",
	0x1D681: "<font> 0052",
	0x1D682: "<font> 0053",
	0x1D683: "<font> 0054",
	0x1D684: "<font> 0055",
	0x1D685: "<font> 0056",
	0x1D686: "<font> 0057",
	0x1D687: "<font> 0058",
	0x1D688: "<font> 0059",
	0x1D689: "<font> 005A",
	0x1D68A: "<font> 0061",
	0x1D68B: "<font> 0062",
	0x1D68C: "<font> 0063",
	0x1D68D: "<font> 0064",
	0x1D68E: "<font> 0065",
	0x1D68F: "<font> 0066",
	0x1D690: "<font> 0067",
	0x1D691: "<font> 0068",
	0x1D692: "<font> 0069",
	0x1D693: "<font> 006A",
	0x1D694: "<font> 006B",
	0x1D695: "<font> 006C",
	0x1D696: "<font> 006D",
	0x1D697: "<font> 006E",
	0x1D698: "<font> 006F",
	0x1D699: "<font> 0070",
	0x1D69A: "<font> 0071",
	0x1D69B: "<font> 0072",
	0x1D69C: "<font> 0073",
	0x1D69D: "<font> 0074",
	0x1D69E: "<font> 0075",
	0x1D69F: "<font> 0076",
	0x1D6A0: "<font> 0077",
	0x1D6A1: "<font> 0078",
	0x1D6A2: "<font> 0079",
	0x1D6A3: "<font> 007A",
	0x1D6A4: "<font> 0131",
	0x1D6A5: "<font> 0237",
	0x1D6A8: "<font> 0391",
	0x1D6A9: "<font> 0392",
	0x1D6AA: "<font> 0393",
	0x1D6AB: "<font> 0394",
	0x1D6AC: "<font> 0395",
	0x1D6AD: "<font> 0396",
	0x1D6AE: "<font> 0397",
	0x1D6AF: "<font> 0398",
	0x1D6B0: "<font> 0399",
	0x1D6B1: "<font> 039A",
	0x1D6B2: "<font> 039B",
	0x1D6B3: "<font> 039C",
	0x1D6B4: "<font> 039D",
	0x1D6B5: "<font> 039E",
	0x1D6B6: "<font> 039F",
	0x1D6B7: "<font> 03A0",
	0x1D6B8: "<font> 03A1",
	0x1D6B9: "<font> 03F4",
	0x1D6BA: "<font> 03A3",
	0x1D6BB: "<font> 03A4",
	0x1D6BC: "<font> 03A5",
	0x1D6BD: "<font> 03A6",
	0x1D6BE: "<font> 03A7",
	0x1D6BF: "<font> 03A8",
	0x1D6C0: "<font> 03A9",
	0x1D6C1: "<font> 2207",
	0x1D6C2: "<font> 03B1",
	0x1D6C3: "<font> 03B2",
	0x1D6C4: "<font> 03B3",
	0x1D6C5: "<font> 03B4",
	0x1D6C6: "<font> 03B5",
	0x1D6C7: "<font> 03B6",
	0x1D6C8: "<font> 03B7",
	0x1D6C9: "<font> 03B8",
	0x1D6CA: "<font> 03B9",
	0x1D6CB: "<font> 03BA",
	0x1D6CC: "<font> 03BB",
	0x1D6CD: "<font> 03BC",
	0x1D6CE: "<font> 03BD",
	0x1D6CF: "<font> 03BE",
	0x1D6D0: "<font> 03BF",
	0x1D6D1: "<font> 03C0",
	0x1D6D2: "<font> 03C1",
	0x1D6D3: "<font> 03C2",
	0x1D6D4: "<font> 03C3",
	0x1D6D5: "<font> 03C4",
	0x1D6D6: "<font> 03C5",
	0x1D6D7: "<font> 03C6",
	0x1D6D8: "<font> 03C7",
	0x1D6D9: "<font> 03C8",
	0x1D6DA: "<font> 03C9",
	0x1D6DB: "<font> 2202",
	0x1D6DC: "<font> 03F5",
	0x1D6DD: "<font> 03D1",
	0x1D6DE: "<font> 03F0",
	0x1D6DF: "<font> 03D5",
	0x1D6E0: "<font> 03F1",
	0x1D6E1: "<font> 03D6",
	0x1D6E2: "<font> 0391",
	0x1D6E3: "<font> 0392",
	0x1D6E4: "<font> 0393",
	0x1D6E5: "<font> 0394",
	0x1D6E6: "<font> 0395",
	0x1D6E7: "<font> 0396",
	0x1D6E8: "<font> 0397",
	0x1D6E9: "<font> 0398",
	0x1D6EA: "<font> 0399",
	0x1D6EB: "<font> 039A",
	0x1D6EC: "<font> 039B",
	0x1D6ED: "<font> 039C",
	0x1D6EE: "<font> 039D",
	0x1D6EF: "<font> 039E",
	0x1D6F0: "<font> 039F",
	0x1D6F1: "<font> 03A0",
	0x1D6F2: "<font> 03A1",
	0x1D6F3: "<font> 03F4",
	0x1D6F4: "<font> 03A3",
	0x1D6F5: "<font> 03A4",
	0x1D6F6: "<font> 03A5",
	0x1D6F7: "<font> 03A6",
	0x1D6F8: "<font> 03A7",
	0x1D6F9: "<font> 03A8",
	0x1D6FA: "<font> 03A9",
	0x1D6FB: "<font> 2207",
	0x1D6FC: "<font> 03B1",
	0x1D6FD: "<font> 03B2",
	0x1D6FE: "<font> 03B3",
	0x1D6FF: "<font> 03B4",
	0x1D700: "<font> 03B5",
	0x1D701: "<font> 03B6",
	0x1D702: "<font> 03B7",
	0x1D703: "<font> 03B8",
	0x1D704: "<font> 03B9",
	0x1D705: "<font> 03BA",
	0x1D706: "<font> 03BB",
	0x1D707: "<font> 03BC",
	0x1D708: "<font> 03BD",
	0x1D709: "<font> 03BE",
	0x1D70A: "<font> 03BF",
	0x1D70B: "<font> 03C0",
	0x1D70C: "<font> 03C1",
	0x1D70D: "<font> 03C2",
	0x1D70E: "<font> 03C3",
	0x1D70F: "<font> 03C4",
	0x1D710: "<font> 03C5",
	0x1D711: "<font> 03C6",
	0x1D712: "<font> 03C7",
	0x1D713: "<font> 03C8",
	0x1D714: "<font> 03C9",
	0x1D715: "<font> 2202",
	0x1D716: "<font> 03F5",
	0x1D717: "<font> 03D1",
	0x1D718: "<font> 03F0",
	0x1D719: "<font> 03D5",
	0x1D71A: "<font> 03F1",
	0x1D71B: "<font> 03D6",
	0x1D71C: "<font> 0391",
	0x1D71D: "<font> 0392",
	0x1D71E: "<font> 0393",
	0x1D71F: "<font> 0394",
	0x1D720: "<font> 0395",
	0x1D721: "<font> 0396",
	0x1D722: "<font> 0397",
	0x1D723: "<font> 0398",
	0x1D724: "<font> 0399",
	0x1D725: "<font> 039A",
	0x1D726: "<font> 039B",
	0x1D727: "<font> 039C",
	0x1D728: "<font> 039D",
	0x1D729: "<font> 039E",
	0x1D72A: "<font> 039F",
	0x1D72B: "<font> 03A0",
	0x1D72C: "<font> 03A1",
	0x1D72D: "<font> 03F4",
	0x1D72E: "<font> 03A3",
	0x1D72F: "<font> 03A4",
	0x1D730: "<font> 03A5",
	0x1D731: "<font> 03A6",
	0x1D732: "<font> 03A7",
	0x1D733: "<font> 03A8",
	0x1D734: "<font> 03A9",
	0x1D735: "<font> 2207",
	0x1D736: "<font> 03B1",
	0x1D737: "<font> 03B2",
	0x1D738: "<font> 03B3",
	0x1D739: "<font> 03B4",
	0x1D73A: "<font> 03B5",
	0x1D73B: "<font> 03B6",
	0x1D73C: "<font> 03B7",
	0x1D73D: "<font> 03B8",
	0x1D73E: "<font> 03B9",
	0x1D73F: "<font> 03BA",
	0x1D740: "<font> 03BB",
	0x1D741: "<font> 03BC",
	0x1D742: "<font> 03BD",
	0x1D743: "<font> 03BE",
	0x1D744: "<font> 03BF",
	0x1D745: "<font> 03C0",
	0x1D746: "<font> 03C1",
	0x1D747: "<font> 03C2",
	0x1D748: "<font> 03C3",
	0x1D749: "<font> 03C4",
	0x1D74A: "<font> 03C5",
	0x1D74B: "<font> 03C6",
	0x1D74C: "<font> 03C7",
	0x1D74D: "<font> 03C8",
	0x1D74E: "<font> 03C9",
	0x1D74F: "<font> 2202",
	0x1D750: "<font> 03F5",
	0x1D751: "<font> 03D1",
	0x1D752: "<font> 03F0",
	0x1D753: "<font> 03D5",
	0x1D754: "<font> 03F1",
	0x1D755: "<font> 03D6",
	0x1D756: "<font> 0391",
	0x1D757: "<font> 0392",
	0x1D758: "<font> 0393",
	0x1D759: "<font> 0394",
	0x1D75A: "<font> 0395",
	0x1D75B: "<font> 0396",
	0x1D75C: "<font> 0397",
	0x1D75D: "<font> 0398",
	0x1D75E: "<font> 0399",
	0x1D75F: "<font> 039A",
	0x1D760: "<font> 039B",
	0x1D761: "<font> 039C",
	0x1D762: "<font> 039D",
	0x1D763: "<font> 039E",
	0x1D764: "<font> 039F",
	0x1D765: "<font> 03A0",
	0x1D766: "<font> 03A1",
	0x1D767: "<font> 03F4",
	0x1D768: "<font> 03A3",
	0x1D769: "<font> 03A4",
	0x1D76A: "<font> 03A5",
	0x1D76B: "<font> 03A6",
	0x1D76C: "<font> 03A7",
	0x1D76D: "<font> 03A8",
	0x1D76E: "<font> 03A9",
	0x1D76F: "<font> 2207",
	0x1D770: "<font> 03B1",
	0x1D771: "<font> 03B2",
	0x1D772: "<font> 03B3",
	0x1D773: "<font> 03B4",
	0x1D774: "<font> 03B5",
	0x1D775: "<font> 03B6",
	0x1D776: "<font> 03B7",
	0x1D777: "<font> 03B8",
	0x1D778: "<font> 03B9",
	0x1D779: "<font> 03BA",
	0x1D77A: "<font> 03BB",
	0x1D77B: "<font> 03BC",
	0x1D77C: "<font> 03BD",
	0x1D77D: "<font> 03BE",
	0x1D77E: "<font> 03BF",
	0x1D77F: "<font> 03C0",
	0x1D780: "<font> 03C1",
	0x1D781: "<font> 03C2",
	0x1D782: "<font> 03C3",
	0x1D783: "<font> 03C4",
	0x1D784: "<font> 03C5",
	0x1D785: "<font> 03C6",
	0x1D786: "<font> 03C7",
	0x1D787: "<font> 03C8",
	0x1D788: "<font> 03C9",
	0x1D789: "<font> 2202",
	0x1D78A: "<font> 03F5",
	0x1D78B: "<font> 03D1",
	0x1D78C: "<font> 03F0",
	0x1D78D: "<font> 03D5",
	0x1D78E: "<font> 03F1",
	0x1D78F: "<font> 03D6",
	0x1D790: "<font> 0391",
	0x1D791: "<font> 0392",
	0x1D792: "<font> 0393",
	0x1D793: "<font> 0394",
	0x1D794: "<font> 0395",
	0x1D795: "<font> 0396",
	0x1D796: "<font> 0397",
	0x1D797: "<font> 0398",
	0x1D798: "<font> 0399",
	0x1D799: "<font> 039A",
	0x1D79A: "<font> 039B",
	0x1D79B: "<font> 039C",
	0x1D79C: "<font> 039D",
	0x1D79D: "<font> 039E",
	0x1D79E: "<font> 039F",
	0x1D79F: "<font> 03A0",
	0x1D7A0: "<font> 03A1",
	0x1D7A1: "<font> 03F4",
	0x1D7A2: "<font> 03A3",
	0x1D7A3: "<font> 03A4",
	0x1D7A4: "<font> 03A5",
	0x1D7A5: "<font> 03A6",
	0x1D7A6: "<font> 03A7",
	0x1D7A7: "<font> 03A8",
	0x1D7A8: "<font> 03A9",
	0x1D7A9: "<font> 2207",
	0x1D7AA: "<font> 03B1",
	0x1D7AB: "<font> 03B2",
	0x1D7AC: "<font> 03B3",
	0x1D7AD: "<font> 03B4",
	0x1D7AE: "<font> 03B5",
	0x1D7AF: "<font> 03B6",
	0x1D7B0: "<font> 03B7",
	0x1D7B1: "<font> 03B8",
	0x1D7B2: "<font> 03B9",
	0x1D7B3: "<font> 03BA",
	0x1D7B4: "<font> 03BB",
	0x1D7B5: "<font> 03BC",
	0x1D7B6: "<font> 03BD",
	0x1D7B7: "<font> 03BE",
	0x1D7B8: "<font> 03BF",
	0x1D7B9: "<font> 03C0",
	0x1D7BA: "<font> 03C1",
	0x1D7BB: "<font> 03C2",
	0x1D7BC: "<font> 03C3",
	0x1D7BD: "<font> 03C4",
	0x1D7BE: "<font> 03C5",
	0x1D7BF: "<font> 03C6",
	0x1D7C0: "<font> 03C7",
	0x1D7C1: "<font> 03C8",
	0x1D7C2: "<font> 03C9",
	0x1D7C3: "<font> 2202",
	0x1D7C4: "<font> 03F5",
	0x1D7C5: "<font> 03D1",
	0x1D7C6: "<font> 03F0",
	0x1D7C7: "<font> 03D5",
	0x1D7C8: "<font> 03F1",
	0x1D7C9: "<font> 03D6",
	0x1D7CA: "<font> 03DC",
	0x1D7CB: "<font> 03DD",
	0x1D7CE: "<font> 0030",
	0x1D7CF: "<font> 0031",
	0x1D7D0: "<font> 0032",
	0x1D7D1: "<font> 0033",
	0x1D7D2: "<font> 0034",
	0x1D7D3: "<font> 0035",
	0x1D7D4: "<font> 0036",
	0x1D7D5: "<font> 0037",
	0x1D7D6: "<font> 0038",
	0x1D7D7: "<font> 0039",
	0x1D7D8: "<font> 0030",
	0x1D7D9: "<font> 0031",
	0x1D7DA: "<font> 0032",
	0x1D7DB: "<font> 0033",
	0x1D7DC: "<font> 0034",
	0x1D7DD: "<font> 0035",
	0x1D7DE: "<font> 0036",
	0x1D7DF: "<font> 0037",
	0x1D7E0: "<font> 0038",
	0x1D7E1: "<font> 0039",
	0x1D7E2: "<font> 0030",
	0x1D7E3: "<font> 0031",
	0x1D7E4: "<font> 0032",
	0x1D7E5: "<font> 0033",
	0x1D7E6: "<font> 0034",
	0x1D7E7: "<font> 0035",
	0x1D7E8: "<font> 0036",
	0x1D7E9: "<font> 0037",
	0x1D7EA: "<font> 0038",
	0x1D7EB: "<font> 0039",
	0x1D7EC: "<font> 0030",
	0x1D7ED: "<font> 0031",
	0x1D7EE: "<font> 0032",
	0x1D7EF: "<font> 0033",
	0x1D7F0: "<font> 0034",
	0x1D7F1: "<font> 0035",
	0x1D7F2: "<font> 0036",
	0x1D7F3: "<font> 0037",
	0x1D7F4: "<font> 0038",
	0x1D7F5: "<font> 0039",
	0x1D7F6: "<font> 0030",
	0x1D7F7: "<font> 0031",
	0x1D7F8: "<font> 0032",
	0x1D7F9: "<font> 0033",
	0x1D7FA: "<font> 0034",
	0x1D7FB: "<font> 0035",
	0x1D7FC: "<font> 0036",
	0x1D7FD: "<font> 0037",
	0x1D7FE: "<font> 0038",
	0x1D7FF: "<font> 0039",
	0x1E030: "<super> 0430",
	0x1E031: "<super> 0431",
	0x1E032: "<super> 0432",
	0x1E033: "<super> 0433",
	0x1E034: "<super> 0434",
	0x1E035: "<super> 0435",
	0x1E036: "<super> 0436",
	0x1E037: "<super> 0437",
	0x1E038: "<super> 0438",
	0x1E039: "<super> 043A",
	0x1E03A: "<super> 043B",
	0x1E03B: "<super> 043C",
	0x1E03C: "<super> 043E",
	0x1E03D: "<super> 043F",
	0x1E03E: "<super> 0440",
	0x1E03F: "<super> 0441",
	0x1E040: "<super> 0442",
	0x1E041: "<super> 0443",
	0x1E042: "<super> 0444",
	0x1E043: "<super> 0445",
	0x1E044: "<super> 0446",
	0x1E045: "<super> 0447",
	0x1E046: "<super> 0448",
	0x1E047: "<super> 044B",
	0x1E048: "<super> 044D",
	0x1E049: "<super> 044E",
	0x1E04A: "<super> A689",
	0x1E04B: "<super> 04D9",
	0x1E04C: "<super> 0456",
	0x1E04D: "<super> 0458",
	0x1E04E: "<super> 04E9",
	0x1E04F: "<super> 04AF",
	0x1E050: "<super> 04CF",
	0x1E051: "<sub> 0430",
	0x1E052: "<sub> 0431",
	0x1E053: "<sub> 0432",
	0x1E054: "<sub> 0433",
	0x1E055: "<sub> 0434",
	0x1E056: "<sub> 0435",
	0x1E057: "<sub> 0436",
	0x1E058: "<sub> 0437",
	0x1E059: "<sub> 0438",
	0x1E05A: "<sub> 043A",
	0x1E05B: "<sub> 043B",
	0x1E05C: "<sub> 043E",
	0x1E05D: "<sub> 043F",
	0x1E05E: "<sub> 0441",
	0x1E05F: "<sub> 0443",
	0x1E060: "<sub> 0444",
	0x1E061: "<sub> 0445",
	0x1E062: "<sub> 0446",
	0x1E063: "<sub> 0447",
	0x1E064: "<sub> 0448",
	0x1E065: "<sub> 044A",
	0x1E066: "<sub> 044B",
	0x1E067: "<sub> 0491",
	0x1E068: "<sub> 0456",
	0x1E069: "<sub> 0455",
	0x1E06A: "<sub> 045F",
	0x1E06B: "<super> 04AB",
	0x1E06C: "<super> A651",
	0x1E06D: "<super> 04B1",
	0x1EE00: "<font> 0627",
	0x1EE01: "<font> 0628",
	0x1EE02: "<font> 062C",
	0x1EE03: "<font> 062F",
	0x1EE05: "<font> 0648",
	0x1EE06: "<font> 0632",
	0x1EE07: "<font> 062D",
	0x1EE08: "<font> 0637",
	0x1EE09: "<font> 064A",
	0x1EE0A: "<font> 0643",
	0x1EE0B: "<font> 0644",
	0x1EE0C: "<font> 0645",
	0x1EE0D: "<font> 0646",
	0x1EE0E: "<font> 0633",
	0x1EE0F: "<font> 0639",
	0x1EE10: "<font> 0641",
	0x1EE11: "<font> 0635",
	0x1EE12: "<font> 0642",
	0x1EE13: "<font> 0631",
	0x1EE14: "<font> 0634",
	0x1EE15: "<font> 062A",
	0x1EE16: "<font> 062B",
	0x1EE17: "<font> 062E",
	0x1EE18: "<font> 0630",
	0x1EE19: "<font> 0636",
	0x1EE1A: "<font> 0638",
	0x1EE1B: "<font> 063A",
	0x1EE1C: "<font> 066E",
	0x1EE1D: "<font> 06BA",
	0x1EE1E: "<font> 06A1",
	0x1EE1F: "<font> 066F",
	0x1EE21: "<font> 0628",
	0x1EE22: "<font> 062C",
	0x1EE24: "<font> 0647",
	0x1EE27: "<font> 062D",
	0x1EE29: "<font> 064A",
	0x1EE2A: "<font> 0643",
	0x1EE2B: "<font> 0644",
	0x1EE2C: "<font> 0645",
	0x1EE2D: "<font> 0646",
	0x1EE2E: "<font> 0633",
	0x1EE2F: "<font> 0639",
	0x1EE30: "<font> 0641",
	0x1EE31: "<font> 0635",
	0x1EE32: "<font> 0642",
	0x1EE34: "<font> 0634",
	0x1EE35: "<font> 062A",
	0x1EE36: "<font> 062B",
	0x1EE37: "<font> 062E",
	0x1EE39: "<font> 0636",
	0x1EE3B: "<font> 063A",
	0x1EE42: "<font> 062C",
	0x1EE47: "<font> 062D",
	0x1EE49: "<font> 064A",
	0x1EE4B: "<font> 0644",
	0x1EE4D: "<font> 0646",
	0x1EE4E: "<font> 0633",
	0x1EE4F: "<font> 0639",
	0x1EE51: "<font> 0635",
	0x1EE52: "<font> 0642",
	0x1EE54: "<font> 0634",
	0x1EE57: "<font> 062E",
	0x1EE59: "<font> 0636",
	0x1EE5B: "<font> 063A",
	0x1EE5D: "<font> 06BA",
	0x1EE5F: "<font> 066F",
	0x1EE61: "<font> 0628",
	0x1EE62: "<font> 062C",
	0x1EE64: "<font> 0647",
	0x1EE67: "<font> 062D",
	0x1EE68: "<font> 0637",
	0x1EE69: "<font> 064A",
	0x1EE6A: "<font> 0643",
	0x1EE6C: "<font> 0645",
	0x1EE6D: "<font> 0646",
	0x1EE6E: "<font> 0633",
	0x1EE6F: "<font> 0639",
	0x1EE70: "<font> 0641",
	0x1EE71: "<font> 0635",
	0x1EE72: "<font> 0642",
	0x1EE74: "<font> 0634",
	0x1EE75: "<font> 062A",
	0x1EE76: "<font> 062B",
	0x1EE77: "<font> 062E",
	0x1EE79: "<font> 0636",
	0x1EE7A: "<font> 0638",
	0x1EE7B: "<font> 063A",
	0x1EE7C: "<font> 066E",
	0x1EE7E: "<font> 06A1",
	0x1EE80: "<font> 0627",
	0x1EE81: "<font> 0628",
	0x1EE82: "<font> 062C",
	0x1EE83: "<font> 062F",
	0x1EE84: "<font> 0647",
	0x1EE85: "<font> 0648",
	0x1EE86: "<font> 0632",
	0x1EE87: "<font> 062D",
	0x1EE88: "<font> 0637",
	0x1EE89: "<font> 064A",
	0x1EE8B: "<font> 0644",
	0x1EE8C: "<font> 0645",
	0x1EE8D: "<font> 0646",
	0x1EE8E: "<font> 0633",
	0x1EE8F: "<font> 0639",
	0x1EE90: "<font> 0641",
	0x1EE91: "<font> 0635",
	0x1EE92: "<font> 0642",
	0x1EE93: "<font> 0631",
	0x1EE94: "<font> 0634",
	0x1EE95: "<font> 062A",
	0x1EE96: "<font> 062B",
	0x1EE97: "<font> 062E",
	0x1EE98: "<font> 0630",
	0x1EE99: "<font> 0636",
	0x1EE9A: "<font> 0638",
	0x1EE9B: "<font> 063A",
	0x1EEA1: "<font> 0628",
	0x1EEA2: "<font> 062C",
	0x1EEA3: "<font> 062F",
	0x1EEA5: "<font> 0648",
	0x1EEA6: "<font> 0632",
	0x1EEA7: "<font> 062D",
	0x1EEA8: "<font> 0637",
	0x1EEA9: "<font> 064A",
	0x1EEAB: "<font> 0644",
	0x1EEAC: "<font> 0645",
	0x1EEAD: "<font> 0646",
	0x1EEAE: "<font> 0633",
	0x1EEAF: "<font> 0639",
	0x1EEB0: "<font> 0641",
	0x1EEB1: "<font> 0635",
	0x1EEB2: "<font> 0642",
	0x1EEB3: "<font> 0631",
	0x1EEB4: "<font> 0634",
	0x1EEB5: "<font> 062A",
	0x1EEB6: "<font> 062B",
	0x1EEB7: "<font> 062E",
	0x1EEB8: "<font> 0630",
	0x1EEB9: "<font> 0636",
	0x1EEBA: "<font> 0638",
	0x1EEBB: "<font> 063A",
	0x1F100: "<compat> 0030 002E",
	0x1F101: "<compat> 0030 002C",
	0x1F102: "<compat> 0031 002C",
	0x1F103: "<compat> 0032 002C",
	0x1F104: "<compat> 0033 002C",
	0x1F105: "<compat> 0034 002C",
	0x1F106: "<compat> 0035 002C",
	0x1F107: "<compat> 0036 002C",
	0x1F108: "<compat> 0037 002C",
	0x1F109: "<compat> 0038 002C",
	0x1F10A: "<compat> 0039 002C",
	0x1F110: "<compat> 0028 0041 0029",
	0x1F111: "<compat> 0028 0042 0029",
	0x1F112: "<compat> 0028 0043 0029",
	0x1F113: "<compat> 0028 0044 0029",
	0x1F114: "<compat> 0028 0045 0029",
	0x1F115: "<compat> 0028 0046 0029",
	0x1F116: "<compat> 0028 0047 0029",
	0x1F117: "<compat> 0028 0048 0029",
	0x1F118: "<compat> 0028 0049 0029",
	0x1F119: "<compat> 0028 004A 0029",
	0x1F11A: "<compat> 0028 004B 0029",
	0x1F11B: "<compat> 0028 004C 0029",
	0x1F11C: "<compat> 0028 004D 0029",
	0x1F11D: "<compat> 0028 004E 0029",
	0x1F11E: "<compat> 0028 004F 0029",
	0x1F11F: "<compat> 0028 0050 0029",
	0x1F120: "<compat> 0028 0051 0029",
	0x1F121: "<compat> 0028 0052 0029",
	0x1F122: "<compat> 0028 0053 0029",
	0x1F123: "<compat> 0028 0054 0029",
	0x1F124: "<compat> 0028 0055 0029",
	0x1F125: "<compat> 0028 0056 0029",
	0x1F126: "<compat> 0028 0057 0029",
	0x1F127: "<compat> 0028 0058 0029",
	0x1F128: "<compat> 0028 0059 0029",
	0x1F129: "<compat> 0028 005A 0029",
	0x1F12A: "<compat> 3014 0053 3015",
	0x1F12B: "<circle> 0043",
	0x1F12C: "<circle> 0052",
	0x1F12D: "<circle> 0043 0044",
	0x1F12E: "<circle> 0057 005A",
	0x1F130: "<square> 0041",
	0x1F131: "<square> 0042",
	0x1F132: "<square> 0043",
	0x1F133: "<square> 0044",
	0x1F134: "<square> 0045",
	0x1F135: "<square> 0046",
	0x1F136: "<square> 0047",
	0x1F137: "<square> 0048",
	0x1F138: "<square> 0049",
	0x1F139: "<square> 004A",
	0x1F13A: "<square> 004B",
	0x1F13B: "<square> 004C",
	0x1F13C: "<square> 004D",
	0x1F13D: "<square> 004E",
	0x1F13E: "<square> 004F",
	0x1F13F: "<square> 0050",
	0x1F140: "<square> 0051",
	0x1F141: "<square> 0052",
	0x1F142: "<square> 0053",
	0x1F143: "<square> 0054",
	0x1F144: "<square> 0055",
	0x1F145: "<square> 0056",
	0x1F146: "<square> 0057",
	0x1F147: "<square> 0058",
	0x1F148: "<square> 0059",
	0x1F149: "<square> 005A",
	0x1F14A: "<square> 0048 0056",
	0x1F14B: "<square> 004D 0056",
	0x1F14C: "<square> 0053 0044",
	0x1F14D: "<square> 0053 0053",
	0x1F14E: "<square> 0050 0050 0056",
	0x1F14F: "<square> 0057 0043",
	0x1F16A: "<super> 004D 0043",
	0x1F16B: "<super> 004D 0044",
	0x1F16C: "<super> 004D 0052",
	0x1F190: "<square> 0044 004A",
	0x1F200: "<square> 307B 304B",
	0x1F201: "<square> 30B3 30B3",
	0x1F202: "<square> 30B5",
	0x1F210: "<square> 624B",
	0x1F211: "<square> 5B57",
	0x1F212: "<square> 53CC",
	0x1F213: "<square> 30C7",
	0x1F214: "<square> 4E8C",
	0x1F215: "<square> 591A",
	0x1F216: "<square> 89E3",
	0x1F217: "<square> 5929",
	0x1F218: "<square> 4EA4",
	0x1F219: "<square> 6620",
	0x1F21A: "<square> 7121",
	0x1F21B: "<square> 6599",
	0x1F21C: "<square> 524D",
	0x1F21D: "<square> 5F8C",
	0x1F21E: "<square> 518D",
	0x1F21F: "<square> 65B0",
	0x1F220: "<square> 521D",
	0x1F221: "<square> 7D42",
	0x1F222: "<square> 751F",
	0x1F223: "<square> 8CA9",
	0x1F224: "<square> 58F0",
	0x1F225: "<square> 5439",
	0x1F226: "<square> 6F14",
	0x1F227: "<square> 6295",
	0x1F228: "<square> 6355",
	0x1F229: "<square> 4E00",
	0x1F22A: "<square> 4E09",
	0x1F22B: "<square> 904A",
	0x1F22C: "<square> 5DE6",
	0x1F22D: "<square> 4E2D",
	0x1F22E: "<square> 53F3",
	0x1F22F: "<square> 6307",
	0x1F230: "<square> 8D70",
	0x1F231: "<square> 6253",
	0x1F232: "<square> 7981",
	0x1F233: "<square> 7A7A",
	0x1F234: "<square> 5408",
	0x1F235: "<square> 6E80",
	0x1F236: "<square> 6709",
	0x1F237: "<square> 6708",
	0x1F238: "<square> 7533",
	0x1F239: "<square> 5272",
	0x1F23A: "<square> 55B6",
	0x1F23B: "<square> 914D",
	0x1F240: "<compat> 3014 672C 3015",
	0x1F241: "<compat> 3014 4E09 3015",
	0x1F242: "<compat> 3014 4E8C 3015",
	0x1F243: "<compat> 3014 5B89 3015",
	0x1F244: "<compat> 3014 70B9 3015",
	0x1F245: "<compat> 3014 6253 3015",
	0x1F246: "<compat> 3014 76D7 3015",
	0x1F247: "<compat> 3014 52DD 3015",
	0x1F248: "<compat> 3014 6557 3015",
	0x1F250: "<circle> 5F97",
	0x1F251: "<circle> 53EF",
	0x1FBF0: "<font> 0030",
	0x1FBF1: "<font> 0031",
	0x1FBF2: "<font> 0032",
	0x1FBF3: "<font> 0033",
	0x1FBF4: "<font> 0034",
	0x1FBF5: "<font> 0035",
	0x1FBF6: "<font> 0036",
	0x1FBF7: "<font> 0037",
	0x1FBF8: "<font> 0038",
	0x1FBF9: "<font> 0039",
	0x2F800: "4E3D",
	0x2F801: "4E38",
	0x2F802: "4E41",
	0x2F803: "20122",
	0x2F804: "4F60",
	0x2F805: "4FAE",
	0x2F806: "4FBB",
	0x2F807: "5002",
	0x2F808: "507A",
	0x2F809: "5099",
	0x2F80A: "50E7",
	0x2F80B: "50CF",
	0x2F80C: "349E",
	0x2F80D: "2063A",
	0x2F80E: "514D",
	0x2F80F: "5154",
	0x2F810: "5164",
	0x2F811: "5177",
	0x2F812: "2051C",
	0x2F813: "34B9",
	0x2F814: "5167",
	0x2F815: "518D",
	0x2F816: "2054B",
	0x2F817: "5197",
	0x2F818: "51A4",
	0x2F819: "4ECC",
	0x2F81A: "51AC",
	0x2F81B: "51B5",
	0x2F81C: "291DF",
	0x2F81D: "51F5",
	0x2F81E: "5203",
	0x2F81F: "34DF",
	0x2F820: "523B",
	0x2F821: "5246",
	0x2F822: "5272",
	0x2F823: "5277",
	0x2F824: "3515",
	0x2F825: "52C7",
	0x2F826: "52C9",
	0x2F827: "52E4",
	0x2F828: "52FA",
	0x2F829: "5305",
	0x2F82A: "5306",
	0x2F82B: "5317",
	0x2F82C: "5349",
	0x2F82D: "5351",
	0x2F82E: "535A",
	0x2F82F: "5373",
	0x2F830: "537D",
	0x2F831: "537F",
	0x2F832: "537F",
	0x2F833: "537F",
	0x2F834: "20A2C",
	0x2F835: "7070",
	0x2F836: "53CA",
	0x2F837: "53DF",
	0x2F838: "20B63",
	0x2F839: "53EB",
	0x2F83A: "53F1",
	0x2F83B: "5406",
	0x2F83C: "549E",
	0x2F83D: "5438",
	0x2F83E: "5448",
	0x2F83F: "5468",
	0x2F840: "54A2",
	0x2F841: "54F6",
	0x2F842: "5510",
	0x2F843: "5553",
	0x2F844: "5563",
	0x2F845: "5584",
	0x2F846: "5584",
	0x2F847: "5599",
	0x2F848: "55AB",
	0x2F849: "55B3",
	0x2F84A: "55C2",
	0x2F84B: "5716",
	0x2F84C: "5606",
	0x2F84D: "5717",
	0x2F84E: "5651",
	0x2F84F: "5674",
	0x2F850: "5207",
	0x2F851: "58EE",
	0x2F852: "57CE",
	0x2F853: "57F4",
	0x2F854: "580D",
	0x2F855: "578B",
	0x2F856: "5832",
	0x2F857: "5831",
	0x2F858: "58AC",
	0x2F859: "214E4",
	0x2F85A: "58F2",
	0x2F85B: "58F7",
	0x2F85C: "5906",
	0x2F85D: "591A",
	0x2F85E: "5922",
	0x2F85F: "5962",
	0x2F860: "216A8",
	0x2F861: "216EA",
	0x2F862: "59EC",
	0x2F863: "5A1B",
	0x2F864: "5A27",
	0x2F865: "59D8",
	0x2F866: "5A66",
	0x2F867: "36EE",
	0x2F868: "36FC",
	0x2F869: "5B08",
	0x2F86A: "5B3E",
	0x2F86B: "5B3E",
	0x2F86C: "219C8",
	0x2F86D: "5BC3",
	0x2F86E: "5BD8",
	0x2F86F: "5BE7",
	0x2F870: "5BF3",
	0x2F871: "21B18",
	0x2F872: "5BFF",
	0x2F873: "5C06",
	0x2F874: "5F53",
	0x2F875: "5C22",
	0x2F876: "3781",
	0x2F877: "5C60",
	0x2F878: "5C6E",
	0x2F879: "5CC0",
	0x2F87A: "5C8D",
	0x2F87B: "21DE4",
	0x2F87C: "5D43",
	0x2F87D: "21DE6",
	0x2F87E: "5D6E",
	0x2F87F: "5D6B",
	0x2F880: "5D7C",
	0x2F881: "5DE1",
	0x2F882: "5DE2",
	0x2F883: "382F",
	0x2F884: "5DFD",
	0x2F885: "5E28",
	0x2F886: "5E3D",
	0x2F887: "5E69",
	0x2F888: "3862",
	0x2F889: "22183",
	0x2F88A: "387C",
	0x2F88B: "5EB0",
	0x2F88C: "5EB3",
	0x2F88D: "5EB6",
	0x2F88E: "5ECA",
	0x2F88F: "2A392",
	0x2F890: "5EFE",
	0x2F891: "22331",
	0x2F892: "22331",
	0x2F893: "8201",
	0x2F894: "5F22",
	0x2F895: "5F22",
	0x2F896: "38C7",
	0x2F897: "232B8",
	0x2F898: "261DA",
	0x2F899: "5F62",
	0x2F89A: "5F6B",
	0x2F89B: "38E3",
	0x2F89C: "5F9A",
	0x2F89D: "5FCD",
	0x2F89E: "5FD7",
	0x2F89F: "5FF9",
	0x2F8A0: "6081",
	0x2F8A1: "393A",
	0x2F8A2: "391C",
	0x2F8A3: "6094",
	0x2F8A4: "226D4",
	0x2F8A5: "60C7",
	0x2F8A6: "6148",
	0x2F8A7: "614C",
	0x2F8A8: "614E",
	0x2F8A9: "614C",
	0x2F8AA: "617A",
	0x2F8AB: "618E",
	0x2F8AC: "61B2",
	0x2F8AD: "61A4",
	0x2F8AE: "61AF",
	0x2F8AF: "61DE",
	0x2F8B0: "61F2",
	0x2F8B1: "61F6",
	0x2F8B2: "6210",
	0x2F8B3: "621B",
	0x2F8B4: "625D",
	0x2F8B5: "62B1",
	0x2F8B6: "62D4",
	0x2F8B7: "6350",
	0x2F8B8: "22B0C",
	0x2F8B9: "633D",
	0x2F8BA: "62FC",
	0x2F8BB: "6368",
	0x2F8BC: "6383",
	0x2F8BD: "63E4",
	0x2F8BE: "22BF1",
	0x2F8BF: "6422",
	0x2F8C0: "63C5",
	0x2F8C1: "63A9",
	0x2F8C2: "3A2E",
	0x2F8C3: "6469",
	0x2F8C4: "647E",
	0x2F8C5: "649D",
	0x2F8C6: "6477",
	0x2F8C7: "3A6C",
	0x2F8C8: "654F",
	0x2F8C9: "656C",
	0x2F8CA: "2300A",
	0x2F8CB: "65E3",
	0x2F8CC: "66F8",
	0x2F8CD: "6649",
	0x2F8CE: "3B19",
	0x2F8CF: "6691",
	0x2F8D0: "3B08",
	0x2F8D1: "3AE4",
	0x2F8D2: "5192",
	0x2F8D3: "5195",
	0x2F8D4: "6700",
	0x2F8D5: "669C",
	0x2F8D6: "80AD",
	0x2F8D7: "43D9",
	0x2F8D8: "6717",
	0x2F8D9: "671B",
	0x2F8DA: "6721",
	0x2F8DB: "675E",
	0x2F8DC: "6753",
	0x2F8DD: "233C3",
	0x2F8DE: "3B49",
	0x2F8DF: "67FA",
	0x2F8E0: "6785",
	0x2F8E1: "6852",
	0x2F8E2: "6885",
	0x2F8E3: "2346D",
	0x2F8E4: "688E",
	0x2F8E5: "681F",
	0x2F8E6: "6914",
	0x2F8E7: "3B9D",
	0x2F8E8: "6942",
	0x2F8E9: "69A3",
	0x2F8EA: "69EA",
	0x2F8EB: "6AA8",
	0x2F8EC: "236A3",
	0x2F8ED: "6ADB",
	0x2F8EE: "3C18",
	0x2F8EF: "6B21",
	0x2F8F0: "238A7",
	0x2F8F1: "6B54",
	0x2F8F2: "3C4E",
	0x2F8F3: "6B72",
	0x2F8F4: "6B9F",
	0x2F8F5: "6BBA",
	0x2F8F6: "6BBB",
	0x2F8F7: "23A8D",
	0x2F8F8: "21D0B",
	0x2F8F9: "23AFA",
	0x2F8FA: "6C4E",
	0x2F8FB: "23CBC",
	0x2F8FC: "6CBF",
	0x2F8FD: "6CCD",
	0x2F8FE: "6C67",
	0x2F8FF: "6D16",
	0x2F900: "6D3E",
	0x2F901: "6D77",
	0x2F902: "6D41",
	0x2F903: "6D69",
	0x2F904: "6D78",
	0x2F905: "6D85",
	0x2F906: "23D1E",
	0x2F907: "6D34",
	0x2F908: "6E2F",
	0x2F909: "6E6E",
	0x2F90A: "3D33",
	0x2F90B: "6ECB",
	0x2F90C: "6EC7",
	0x2F90D: "23ED1",
	0x2F90E: "6DF9",
	0x2F90F: "6F6E",
	0x2F910: "23F5E",
	0x2F911: "23F8E",
	0x2F912: "6FC6",
	0x2F913: "7039",
	0x2F914: "701E",
	0x2F915: "701B",
	0x2F916: "3D96",
	0x2F917: "704A",
	0x2F918: "707D",
	0x2F919: "7077",
	0x2F91A: "70AD",
	0x2F91B: "20525",
	0x2F91C: "7145",
	0x2F91D: "24263",
	0x2F91E: "719C",
	0x2F91F: "243AB",
	0x2F920: "7228",
	0x2F921: "7235",
	0x2F922: "7250",
	0x2F923: "24608",
	0x2F924: "7280",
	0x2F925: "7295",
	0x2F926: "24735",
	0x2F927: "24814",
	0x2F928: "737A",
	0x2F929: "738B",
	0x2F92A: "3EAC",
	0x2F92B: "73A5",
	0x2F92C: "3EB8",
	0x2F92D: "3EB8",
	0x2F92E: "7447",
	0x2F92F: "745C",
	0x2F930: "7471",
	0x2F931: "7485",
	0x2F932: "74CA",
	0x2F933: "3F1B",
	0x2F934: "7524",
	0x2F935: "24C36",
	0x2F936: "753E",
	0x2F937: "24C92",
	0x2F938: "7570",
	0x2F939: "2219F",
	0x2F93A: "7610",
	0x2F93B: "24FA1",
	0x2F93C: "24FB8",
	0x2F93D: "25044",
	0x2F93E: "3FFC",
	0x2F93F: "4008",
	0x2F940: "76F4",
	0x2F941: "250F3",
	0x2F942: "250F2",
	0x2F943: "25119",
	0x2F944: "25133",
	0x2F945: "771E",
	0x2F946: "771F",
	0x2F947: "771F",
	0x2F948: "774A",
	0x2F949: "4039",
	0x2F94A: "778B",
	0x2F94B: "4046",
	0x2F94C: "4096",
	0x2F94D: "2541D",
	0x2F94E: "784E",
	0x2F94F: "788C",
	0x2F950: "78CC",
	0x2F951: "40E3",
	0x2F952: "25626",
	0x2F953: "7956",
	0x2F954: "2569A",
	0x2F955: "256C5",
	0x2F956: "798F",
	0x2F957: "79EB",
	0x2F958: "412F",
	0x2F959: "7A40",
	0x2F95A: "7A4A",
	0x2F95B: "7A4F",
	0x2F95C: "2597C",
	0x2F95D: "25AA7",
	0x2F95E: "25AA7",
	0x2F95F: "7AEE",
	0x2F960: "4202",
	0x2F961: "25BAB",
	0x2F962: "7BC6",
	0x2F963: "7BC9",
	0x2F964: "4227",
	0x2F965: "25C80",
	0x2F966: "7CD2",
	0x2F967: "42A0",
	0x2F968: "7CE8",
	0x2F969: "7CE3",
	0x2F96A: "7D00",
	0x2F96B: "25F86",
	0x2F96C: "7D63",
	0x2F96D: "4301",
	0x2F96E: "7DC7",
	0x2F96F: "7E02",
	0x2F970: "7E45",
	0x2F971: "4334",
	0x2F972: "26228",
	0x2F973: "26247",
	0x2F974: "4359",
	0x2F975: "262D9",
	0x2F976: "7F7A",
	0x2F977: "2633E",
	0x2F978: "7F95",
	0x2F979: "7FFA",
	0x2F97A: "8005",
	0x2F97B: "264DA",
	0x2F97C: "26523",
	0x2F97D: "8060",
	0x2F97E: "265A8",
	0x2F97F: "8070",
	0x2F980: "2335F",
	0x2F981: "43D5",
	0x2F982: "80B2",
	0x2F983: "8103",
	0x2F984: "440B",
	0x2F985: "813E",
	0x2F986: "5AB5",
	0x2F987: "267A7",
	0x2F988: "267B5",
	0x2F989: "23393",
	0x2F98A: "2339C",
	0x2F98B: "8201",
	0x2F98C: "8204",
	0x2F98D: "8F9E",
	0x2F98E: "446B",
	0x2F98F: "8291",
	0x2F990: "828B",
	0x2F991: "829D",
	0x2F992: "52B3",
	0x2F993: "82B1",
	0x2F994: "82B3",
	0x2F995: "82BD",
	0x2F996: "82E6",
	0x2F997: "26B3C",
	0x2F998: "82E5",
	0x2F999: "831D",
	0x2F99A: "8363",
	0x2F99B: "83AD",
	0x2F99C: "8323",
	0x2F99D: "83BD",
	0x2F99E: "83E7",
	0x2F99F: "8457",
	0x2F9A0: "8353",
	0x2F9A1: "83CA",
	0x2F9A2: "83CC",
	0x2F9A3: "83DC",
	0x2F9A4: "26C36",
	0x2F9A5: "26D6B",
	0x2F9A6: "26CD5",
	0x2F9A7: "452B",
	0x2F9A8: "84F1",
	0x2F9A9: "84F3",
	0x2F9AA: "8516",
	0x2F9AB: "273CA",
	0x2F9AC: "8564",
	0x2F9AD: "26F2C",
	0x2F9AE: "455D",
	0x2F9AF: "4561",
	0x2F9B0: "26FB1",
	0x2F9B1: "270D2",
	0x2F9B2: "456B",
	0x2F9B3: "8650",
	0x2F9B4: "865C",
	0x2F9B5: "8667",
	0x2F9B6: "8669",
	0x2F9B7: "86A9",
	0x2F9B8: "8688",
	0x2F9B9: "870E",
	0x2F9BA: "86E2",
	0x2F9BB: "8779",
	0x2F9BC: "8728",
	0x2F9BD: "876B",
	0x2F9BE: "8786",
	0x2F9BF: "45D7",
	0x2F9C0: "87E1",
	0x2F9C1: "8801",
	0x2F9C2: "45F9",
	0x2F9C3: "8860",
	0x2F9C4: "8863",
	0x2F9C5: "27667",
	0x2F9C6: "88D7",
	0x2F9C7: "88DE",
	0x2F9C8: "4635",
	0x2F9C9: "88FA",
	0x2F9CA: "34BB",
	0x2F9CB: "278AE",
	0x2F9CC: "27966",
	0x2F9CD: "46BE",
	0x2F9CE: "46C7",
	0x2F9CF: "8AA0",
	0x2F9D0: "8AED",
	0x2F9D1: "8B8A",
	0x2F9D2: "8C55",
	0x2F9D3: "27CA8",
	0x2F9D4: "8CAB",
	0x2F9D5: "8CC1",
	0x2F9D6: "8D1B",
	0x2F9D7: "8D77",
	0x2F9D8: "27F2F",
	0x2F9D9: "20804",
	0x2F9DA: "8DCB",
	0x2F9DB: "8DBC",
	0x2F9DC: "8DF0",
	0x2F9DD: "208DE",
	0x2F9DE: "8ED4",
	0x2F9DF: "8F38",
	0x2F9E0: "285D2",
	0x2F9E1: "285ED",
	0x2F9E2: "9094",
	0x2F9E3: "90F1",
	0x2F9E4: "9111",
	0x2F9E5: "2872E",
	0x2F9E6: "911B",
	0x2F9E7: "9238",
	0x2F9E8: "92D7",
	0x2F9E9: "92D8",
	0x2F9EA: "927C",
	0x2F9EB: "93F9",
	0x2F9EC: "9415",
	0x2F9ED: "28BFA",
	0x2F9EE: "958B",
	0x2F9EF: "4995",
	0x2F9F0: "95B7",
	0x2F9F1: "28D77",
	0x2F9F2: "49E6",
	0x2F9F3: "96C3",
	0x2F9F4: "5DB2",
	0x2F9F5: "9723",
	0x2F9F6: "29145",
	0x2F9F7: "2921A",
	0x2F9F8: "4A6E",
	0x2F9F9: "4A76",
	0x2F9FA: "97E0",
	0x2F9FB: "2940A",
	0x2F9FC: "4AB2",
	0x2F9FD: "29496",
	0x2F9FE: "980B",
	0x2F9FF: "980B",
	0x2FA00: "9829",
	0x2FA01: "295B6",
	0x2FA02: "98E2",
	0x2FA03: "4B33",
	0x2FA04: "9929",
	0x2FA05: "99A7",
	0x2FA06: "99C2",
	0x2FA07: "99FE",
	0x2FA08: "4BCE",
	0x2FA09: "29B30",
	0x2FA0A: "9B12",
	0x2FA0B: "9C40",
	0x2FA0C: "9CFD",
	0x2FA0D: "4CCE",
	0x2FA0E: "4CED",
	0x2FA0F: "9D67",
	0x2FA10: "2A0CE",
	0x2FA11: "4CF8",
	0x2FA12: "2A105",
	0x2FA13: "2A20E",
	0x2FA14: "2A291",
	0x2FA15: "9EBB",
	0x2FA16: "4D56",
	0x2FA17: "9EF9",
	0x2FA18: "9EFE",
	0x2FA19: "9F05",
	0x2FA1A: "9F0F",
	0x2FA1B: "9F16",
	0x2FA1C: "9F3B",
	0x2FA1D: "2A600",
}

var ucdDecimal = map[rune]int{
	0x30:    0,
	0x31:    1,
	0x32:    2,
	0x33:    3,
	0x34:    4,
	0x35:    5,
	0x36:    6,
	0x37:    7,
	0x38:    8,
	0x39:    9,
	0x660:   0,
	0x661:   1,
	0x662:   2,
	0x663:   3,
	0x664:   4,
	0x665:   5,
	0x666:   6,
	0x667:   7,
	0x668:   8,
	0x669:   9,
	0x6F0:   0,
	0x6F1:   1,
	0x6F2:   2,
	0x6F3:   3,
	0x6F4:   4,
	0x6F5:   5,
	0x6F6:   6,
	0x6F7:   7,
	0x6F8:   8,
	0x6F9:   9,
	0x7C0:   0,
	0x7C1:   1,
	0x7C2:   2,
	0x7C3:   3,
	0x7C4:   4,
	0x7C5:   5,
	0x7C6:   6,
	0x7C7:   7,
	0x7C8:   8,
	0x7C9:   9,
	0x966:   0,
	0x967:   1,
	0x968:   2,
	0x969:   3,
	0x96A:   4,
	0x96B:   5,
	0x96C:   6,
	0x96D:   7,
	0x96E:   8,
	0x96F:   9,
	0x9E6:   0,
	0x9E7:   1,
	0x9E8:   2,
	0x9E9:   3,
	0x9EA:   4,
	0x9EB:   5,
	0x9EC:   6,
	0x9ED:   7,
	0x9EE:   8,
	0x9EF:   9,
	0xA66:   0,
	0xA67:   1,
	0xA68:   2,
	0xA69:   3,
	0xA6A:   4,
	0xA6B:   5,
	0xA6C:   6,
	0xA6D:   7,
	0xA6E:   8,
	0xA6F:   9,
	0xAE6:   0,
	0xAE7:   1,
	0xAE8:   2,
	0xAE9:   3,
	0xAEA:   4,
	0xAEB:   5,
	0xAEC:   6,
	0xAED:   7,
	0xAEE:   8,
	0xAEF:   9,
	0xB66:   0,
	0xB67:   1,
	0xB68:   2,
	0xB69:   3,
	0xB6A:   4,
	0xB6B:   5,
	0xB6C:   6,
	0xB6D:   7,
	0xB6E:   8,
	0xB6F:   9,
	0xBE6:   0,
	0xBE7:   1,
	0xBE8:   2,
	0xBE9:   3,
	0xBEA:   4,
	0xBEB:   5,
	0xBEC:   6,
	0xBED:   7,
	0xBEE:   8,
	0xBEF:   9,
	0xC66:   0,
	0xC67:   1,
	0xC68:   2,
	0xC69:   3,
	0xC6A:   4,
	0xC6B:   5,
	0xC6C:   6,
	0xC6D:   7,
	0xC6E:   8,
	0xC6F:   9,
	0xCE6:   0,
	0xCE7:   1,
	0xCE8:   2,
	0xCE9:   3,
	0xCEA:   4,
	0xCEB:   5,
	0xCEC:   6,
	0xCED:   7,
	0xCEE:   8,
	0xCEF:   9,
	0xD66:   0,
	0xD67:   1,
	0xD68:   2,
	0xD69:   3,
	0xD6A:   4,
	0xD6B:   5,
	0xD6C:   6,
	0xD6D:   7,
	0xD6E:   8,
	0xD6F:   9,
	0xDE6:   0,
	0xDE7:   1,
	0xDE8:   2,
	0xDE9:   3,
	0xDEA:   4,
	0xDEB:   5,
	0xDEC:   6,
	0xDED:   7,
	0xDEE:   8,
	0xDEF:   9,
	0xE50:   0,
	0xE51:   1,
	0xE52:   2,
	0xE53:   3,
	0xE54:   4,
	0xE55:   5,
	0xE56:   6,
	0xE57:   7,
	0xE58:   8,
	0xE59:   9,
	0xED0:   0,
	0xED1:   1,
	0xED2:   2,
	0xED3:   3,
	0xED4:   4,
	0xED5:   5,
	0xED6:   6,
	0xED7:   7,
	0xED8:   8,
	0xED9:   9,
	0xF20:   0,
	0xF21:   1,
	0xF22:   2,
	0xF23:   3,
	0xF24:   4,
	0xF25:   5,
	0xF26:   6,
	0xF27:   7,
	0xF28:   8,
	0xF29:   9,
	0x1040:  0,
	0x1041:  1,
	0x1042:  2,
	0x1043:  3,
	0x1044:  4,
	0x1045:  5,
	0x1046:  6,
	0x1047:  7,
	0x1048:  8,
	0x1049:  9,
	0x1090:  0,
	0x1091:  1,
	0x1092:  2,
	0x1093:  3,
	0x1094:  4,
	0x1095:  5,
	0x1096:  6,
	0x1097:  7,
	0x1098:  8,
	0x1099:  9,
	0x17E0:  0,
	0x17E1:  1,
	0x17E2:  2,
	0x17E3:  3,
	0x17E4:  4,
	0x17E5:  5,
	0x17E6:  6,
	0x17E7:  7,
	0x17E8:  8,
	0x17E9:  9,
	0x1810:  0,
	0x1811:  1,
	0x1812:  2,
	0x1813:  3,
	0x1814:  4,
	0x1815:  5,
	0x1816:  6,
	0x1817:  7,
	0x1818:  8,
	0x1819:  9,
	0x1946:  0,
	0x1947:  1,
	0x1948:  2,
	0x1949:  3,
	0x194A:  4,
	0x194B:  5,
	0x194C:  6,
	0x194D:  7,
	0x194E:  8,
	0x194F:  9,
	0x19D0:  0,
	0x19D1:  1,
	0x19D2:  2,
	0x19D3:  3,
	0x19D4:  4,
	0x19D5:  5,
	0x19D6:  6,
	0x19D7:  7,
	0x19D8:  8,
	0x19D9:  9,
	0x1A80:  0,
	0x1A81:  1,
	0x1A82:  2,
	0x1A83:  3,
	0x1A84:  4,
	0x1A85:  5,
	0x1A86:  6,
	0x1A87:  7,
	0x1A88:  8,
	0x1A89:  9,
	0x1A90:  0,
	0x1A91:  1,
	0x1A92:  2,
	0x1A93:  3,
	0x1A94:  4,
	0x1A95:  5,
	0x1A96:  6,
	0x1A97:  7,
	0x1A98:  8,
	0x1A99:  9,
	0x1B50:  0,
	0x1B51:  1,
	0x1B52:  2,
	0x1B53:  3,
	0x1B54:  4,
	0x1B55:  5,
	0x1B56:  6,
	0x1B57:  7,
	0x1B58:  8,
	0x1B59:  9,
	0x1BB0:  0,
	0x1BB1:  1,
	0x1BB2:  2,
	0x1BB3:  3,
	0x1BB4:  4,
	0x1BB5:  5,
	0x1BB6:  6,
	0x1BB7:  7,
	0x1BB8:  8,
	0x1BB9:  9,
	0x1C40:  0,
	0x1C41:  1,
	0x1C42:  2,
	0x1C43:  3,
	0x1C44:  4,
	0x1C45:  5,
	0x1C46:  6,
	0x1C47:  7,
	0x1C48:  8,
	0x1C49:  9,
	0x1C50:  0,
	0x1C51:  1,
	0x1C52:  2,
	0x1C53:  3,
	0x1C54:  4,
	0x1C55:  5,
	0x1C56:  6,
	0x1C57:  7,
	0x1C58:  8,
	0x1C59:  9,
	0xA620:  0,
	0xA621:  1,
	0xA622:  2,
	0xA623:  3,
	0xA624:  4,
	0xA625:  5,
	0xA626:  6,
	0xA627:  7,
	0xA628:  8,
	0xA629:  9,
	0xA8D0:  0,
	0xA8D1:  1,
	0xA8D2:  2,
	0xA8D3:  3,
	0xA8D4:  4,
	0xA8D5:  5,
	0xA8D6:  6,
	0xA8D7:  7,
	0xA8D8:  8,
	0xA8D9:  9,
	0xA900:  0,
	0xA901:  1,
	0xA902:  2,
	0xA903:  3,
	0xA904:  4,
	0xA905:  5,
	0xA906:  6,
	0xA907:  7,
	0xA908:  8,
	0xA909:  9,
	0xA9D0:  0,
	0xA9D1:  1,
	0xA9D2:  2,
	0xA9D3:  3,
	0xA9D4:  4,
	0xA9D5:  5,
	0xA9D6:  6,
	0xA9D7:  7,
	0xA9D8:  8,
	0xA9D9:  9,
	0xA9F0:  0,
	0xA9F1:  1,
	0xA9F2:  2,
	0xA9F3:  3,
	0xA9F4:  4,
	0xA9F5:  5,
	0xA9F6:  6,
	0xA9F7:  7,
	0xA9F8:  8,
	0xA9F9:  9,
	0xAA50:  0,
	0xAA51:  1,
	0xAA52:  2,
	0xAA53:  3,
	0xAA54:  4,
	0xAA55:  5,
	0xAA56:  6,
	0xAA57:  7,
	0xAA58:  8,
	0xAA59:  9,
	0xABF0:  0,
	0xABF1:  1,
	0xABF2:  2,
	0xABF3:  3,
	0xABF4:  4,
	0xABF5:  5,
	0xABF6:  6,
	0xABF7:  7,
	0xABF8:  8,
	0xABF9:  9,
	0xFF10:  0,
	0xFF11:  1,
	0xFF12:  2,
	0xFF13:  3,
	0xFF14:  4,
	0xFF15:  5,
	0xFF16:  6,
	0xFF17:  7,
	0xFF18:  8,
	0xFF19:  9,
	0x104A0: 0,
	0x104A1: 1,
	0x104A2: 2,
	0x104A3: 3,
	0x104A4: 4,
	0x104A5: 5,
	0x104A6: 6,
	0x104A7: 7,
	0x104A8: 8,
	0x104A9: 9,
	0x10D30: 0,
	0x10D31: 1,
	0x10D32: 2,
	0x10D33: 3,
	0x10D34: 4,
	0x10D35: 5,
	0x10D36: 6,
	0x10D37: 7,
	0x10D38: 8,
	0x10D39: 9,
	0x10D40: 0,
	0x10D41: 1,
	0x10D42: 2,
	0x10D43: 3,
	0x10D44: 4,
	0x10D45: 5,
	0x10D46: 6,
	0x10D47: 7,
	0x10D48: 8,
	0x10D49: 9,
	0x11066: 0,
	0x11067: 1,
	0x11068: 2,
	0x11069: 3,
	0x1106A: 4,
	0x1106B: 5,
	0x1106C: 6,
	0x1106D: 7,
	0x1106E: 8,
	0x1106F: 9,
	0x110F0: 0,
	0x110F1: 1,
	0x110F2: 2,
	0x110F3: 3,
	0x110F4: 4,
	0x110F5: 5,
	0x110F6: 6,
	0x110F7: 7,
	0x110F8: 8,
	0x110F9: 9,
	0x11136: 0,
	0x11137: 1,
	0x11138: 2,
	0x11139: 3,
	0x1113A: 4,
	0x1113B: 5,
	0x1113C: 6,
	0x1113D: 7,
	0x1113E: 8,
	0x1113F: 9,
	0x111D0: 0,
	0x111D1: 1,
	0x111D2: 2,
	0x111D3: 3,
	0x111D4: 4,
	0x111D5: 5,
	0x111D6: 6,
	0x111D7: 7,
	0x111D8: 8,
	0x111D9: 9,
	0x112F0: 0,
	0x112F1: 1,
	0x112F2: 2,
	0x112F3: 3,
	0x112F4: 4,
	0x112F5: 5,
	0x112F6: 6,
	0x112F7: 7,
	0x112F8: 8,
	0x112F9: 9,
	0x11450: 0,
	0x11451: 1,
	0x11452: 2,
	0x11453: 3,
	0x11454: 4,
	0x11455: 5,
	0x11456: 6,
	0x11457: 7,
	0x11458: 8,
	0x11459: 9,
	0x114D0: 0,
	0x114D1: 1,
	0x114D2: 2,
	0x114D3: 3,
	0x114D4: 4,
	0x114D5: 5,
	0x114D6: 6,
	0x114D7: 7,
	0x114D8: 8,
	0x114D9: 9,
	0x11650: 0,
	0x11651: 1,
	0x11652: 2,
	0x11653: 3,
	0x11654: 4,
	0x11655: 5,
	0x11656: 6,
	0x11657: 7,
	0x11658: 8,
	0x11659: 9,
	0x116C0: 0,
	0x116C1: 1,
	0x116C2: 2,
	0x116C3: 3,
	0x116C4: 4,
	0x116C5: 5,
	0x116C6: 6,
	0x116C7: 7,
	0x116C8: 8,
	0x116C9: 9,
	0x116D0: 0,
	0x116D1: 1,
	0x116D2: 2,
	0x116D3: 3,
	0x116D4: 4,
	0x116D5: 5,
	0x116D6: 6,
	0x116D7: 7,
	0x116D8: 8,
	0x116D9: 9,
	0x116DA: 0,
	0x116DB: 1,
	0x116DC: 2,
	0x116DD: 3,
	0x116DE: 4,
	0x116DF: 5,
	0x116E0: 6,
	0x116E1: 7,
	0x116E2: 8,
	0x116E3: 9,
	0x11730: 0,
	0x11731: 1,
	0x11732: 2,
	0x11733: 3,
	0x11734: 4,
	0x11735: 5,
	0x11736: 6,
	0x11737: 7,
	0x11738: 8,
	0x11739: 9,
	0x118E0: 0,
	0x118E1: 1,
	0x118E2: 2,
	0x118E3: 3,
	0x118E4: 4,
	0x118E5: 5,
	0x118E6: 6,
	0x118E7: 7,
	0x118E8: 8,
	0x118E9: 9,
	0x11950: 0,
	0x11951: 1,
	0x11952: 2,
	0x11953: 3,
	0x11954: 4,
	0x11955: 5,
	0x11956: 6,
	0x11957: 7,
	0x11958: 8,
	0x11959: 9,
	0x11BF0: 0,
	0x11BF1: 1,
	0x11BF2: 2,
	0x11BF3: 3,
	0x11BF4: 4,
	0x11BF5: 5,
	0x11BF6: 6,
	0x11BF7: 7,
	0x11BF8: 8,
	0x11BF9: 9,
	0x11C50: 0,
	0x11C51: 1,
	0x11C52: 2,
	0x11C53: 3,
	0x11C54: 4,
	0x11C55: 5,
	0x11C56: 6,
	0x11C57: 7,
	0x11C58: 8,
	0x11C59: 9,
	0x11D50: 0,
	0x11D51: 1,
	0x11D52: 2,
	0x11D53: 3,
	0x11D54: 4,
	0x11D55: 5,
	0x11D56: 6,
	0x11D57: 7,
	0x11D58: 8,
	0x11D59: 9,
	0x11DA0: 0,
	0x11DA1: 1,
	0x11DA2: 2,
	0x11DA3: 3,
	0x11DA4: 4,
	0x11DA5: 5,
	0x11DA6: 6,
	0x11DA7: 7,
	0x11DA8: 8,
	0x11DA9: 9,
	0x11F50: 0,
	0x11F51: 1,
	0x11F52: 2,
	0x11F53: 3,
	0x11F54: 4,
	0x11F55: 5,
	0x11F56: 6,
	0x11F57: 7,
	0x11F58: 8,
	0x11F59: 9,
	0x16130: 0,
	0x16131: 1,
	0x16132: 2,
	0x16133: 3,
	0x16134: 4,
	0x16135: 5,
	0x16136: 6,
	0x16137: 7,
	0x16138: 8,
	0x16139: 9,
	0x16A60: 0,
	0x16A61: 1,
	0x16A62: 2,
	0x16A63: 3,
	0x16A64: 4,
	0x16A65: 5,
	0x16A66: 6,
	0x16A67: 7,
	0x16A68: 8,
	0x16A69: 9,
	0x16AC0: 0,
	0x16AC1: 1,
	0x16AC2: 2,
	0x16AC3: 3,
	0x16AC4: 4,
	0x16AC5: 5,
	0x16AC6: 6,
	0x16AC7: 7,
	0x16AC8: 8,
	0x16AC9: 9,
	0x16B50: 0,
	0x16B51: 1,
	0x16B52: 2,
	0x16B53: 3,
	0x16B54: 4,
	0x16B55: 5,
	0x16B56: 6,
	0x16B57: 7,
	0x16B58: 8,
	0x16B59: 9,
	0x16D70: 0,
	0x16D71: 1,
	0x16D72: 2,
	0x16D73: 3,
	0x16D74: 4,
	0x16D75: 5,
	0x16D76: 6,
	0x16D77: 7,
	0x16D78: 8,
	0x16D79: 9,
	0x1CCF0: 0,
	0x1CCF1: 1,
	0x1CCF2: 2,
	0x1CCF3: 3,
	0x1CCF4: 4,
	0x1CCF5: 5,
	0x1CCF6: 6,
	0x1CCF7: 7,
	0x1CCF8: 8,
	0x1CCF9: 9,
	0x1D7CE: 0,
	0x1D7CF: 1,
	0x1D7D0: 2,
	0x1D7D1: 3,
	0x1D7D2: 4,
	0x1D7D3: 5,
	0x1D7D4: 6,
	0x1D7D5: 7,
	0x1D7D6: 8,
	0x1D7D7: 9,
	0x1D7D8: 0,
	0x1D7D9: 1,
	0x1D7DA: 2,
	0x1D7DB: 3,
	0x1D7DC: 4,
	0x1D7DD: 5,
	0x1D7DE: 6,
	0x1D7DF: 7,
	0x1D7E0: 8,
	0x1D7E1: 9,
	0x1D7E2: 0,
	0x1D7E3: 1,
	0x1D7E4: 2,
	0x1D7E5: 3,
	0x1D7E6: 4,
	0x1D7E7: 5,
	0x1D7E8: 6,
	0x1D7E9: 7,
	0x1D7EA: 8,
	0x1D7EB: 9,
	0x1D7EC: 0,
	0x1D7ED: 1,
	0x1D7EE: 2,
	0x1D7EF: 3,
	0x1D7F0: 4,
	0x1D7F1: 5,
	0x1D7F2: 6,
	0x1D7F3: 7,
	0x1D7F4: 8,
	0x1D7F5: 9,
	0x1D7F6: 0,
	0x1D7F7: 1,
	0x1D7F8: 2,
	0x1D7F9: 3,
	0x1D7FA: 4,
	0x1D7FB: 5,
	0x1D7FC: 6,
	0x1D7FD: 7,
	0x1D7FE: 8,
	0x1D7FF: 9,
	0x1E140: 0,
	0x1E141: 1,
	0x1E142: 2,
	0x1E143: 3,
	0x1E144: 4,
	0x1E145: 5,
	0x1E146: 6,
	0x1E147: 7,
	0x1E148: 8,
	0x1E149: 9,
	0x1E2F0: 0,
	0x1E2F1: 1,
	0x1E2F2: 2,
	0x1E2F3: 3,
	0x1E2F4: 4,
	0x1E2F5: 5,
	0x1E2F6: 6,
	0x1E2F7: 7,
	0x1E2F8: 8,
	0x1E2F9: 9,
	0x1E4F0: 0,
	0x1E4F1: 1,
	0x1E4F2: 2,
	0x1E4F3: 3,
	0x1E4F4: 4,
	0x1E4F5: 5,
	0x1E4F6: 6,
	0x1E4F7: 7,
	0x1E4F8: 8,
	0x1E4F9: 9,
	0x1E5F1: 0,
	0x1E5F2: 1,
	0x1E5F3: 2,
	0x1E5F4: 3,
	0x1E5F5: 4,
	0x1E5F6: 5,
	0x1E5F7: 6,
	0x1E5F8: 7,
	0x1E5F9: 8,
	0x1E5FA: 9,
	0x1E950: 0,
	0x1E951: 1,
	0x1E952: 2,
	0x1E953: 3,
	0x1E954: 4,
	0x1E955: 5,
	0x1E956: 6,
	0x1E957: 7,
	0x1E958: 8,
	0x1E959: 9,
	0x1FBF0: 0,
	0x1FBF1: 1,
	0x1FBF2: 2,
	0x1FBF3: 3,
	0x1FBF4: 4,
	0x1FBF5: 5,
	0x1FBF6: 6,
	0x1FBF7: 7,
	0x1FBF8: 8,
	0x1FBF9: 9,
}

var ucdDigit = map[rune]int{
	0x30:    0,
	0x31:    1,
	0x32:    2,
	0x33:    3,
	0x34:    4,
	0x35:    5,
	0x36:    6,
	0x37:    7,
	0x38:    8,
	0x39:    9,
	0xB2:    2,
	0xB3:    3,
	0xB9:    1,
	0x660:   0,
	0x661:   1,
	0x662:   2,
	0x663:   3,
	0x664:   4,
	0x665:   5,
	0x666:   6,
	0x667:   7,
	0x668:   8,
	0x669:   9,
	0x6F0:   0,
	0x6F1:   1,
	0x6F2:   2,
	0x6F3:   3,
	0x6F4:   4,
	0x6F5:   5,
	0x6F6:   6,
	0x6F7:   7,
	0x6F8:   8,
	0x6F9:   9,
	0x7C0:   0,
	0x7C1:   1,
	0x7C2:   2,
	0x7C3:   3,
	0x7C4:   4,
	0x7C5:   5,
	0x7C6:   6,
	0x7C7:   7,
	0x7C8:   8,
	0x7C9:   9,
	0x966:   0,
	0x967:   1,
	0x968:   2,
	0x969:   3,
	0x96A:   4,
	0x96B:   5,
	0x96C:   6,
	0x96D:   7,
	0x96E:   8,
	0x96F:   9,
	0x9E6:   0,
	0x9E7:   1,
	0x9E8:   2,
	0x9E9:   3,
	0x9EA:   4,
	0x9EB:   5,
	0x9EC:   6,
	0x9ED:   7,
	0x9EE:   8,
	0x9EF:   9,
	0xA66:   0,
	0xA67:   1,
	0xA68:   2,
	0xA69:   3,
	0xA6A:   4,
	0xA6B:   5,
	0xA6C:   6,
	0xA6D:   7,
	0xA6E:   8,
	0xA6F:   9,
	0xAE6:   0,
	0xAE7:   1,
	0xAE8:   2,
	0xAE9:   3,
	0xAEA:   4,
	0xAEB:   5,
	0xAEC:   6,
	0xAED:   7,
	0xAEE:   8,
	0xAEF:   9,
	0xB66:   0,
	0xB67:   1,
	0xB68:   2,
	0xB69:   3,
	0xB6A:   4,
	0xB6B:   5,
	0xB6C:   6,
	0xB6D:   7,
	0xB6E:   8,
	0xB6F:   9,
	0xBE6:   0,
	0xBE7:   1,
	0xBE8:   2,
	0xBE9:   3,
	0xBEA:   4,
	0xBEB:   5,
	0xBEC:   6,
	0xBED:   7,
	0xBEE:   8,
	0xBEF:   9,
	0xC66:   0,
	0xC67:   1,
	0xC68:   2,
	0xC69:   3,
	0xC6A:   4,
	0xC6B:   5,
	0xC6C:   6,
	0xC6D:   7,
	0xC6E:   8,
	0xC6F:   9,
	0xCE6:   0,
	0xCE7:   1,
	0xCE8:   2,
	0xCE9:   3,
	0xCEA:   4,
	0xCEB:   5,
	0xCEC:   6,
	0xCED:   7,
	0xCEE:   8,
	0xCEF:   9,
	0xD66:   0,
	0xD67:   1,
	0xD68:   2,
	0xD69:   3,
	0xD6A:   4,
	0xD6B:   5,
	0xD6C:   6,
	0xD6D:   7,
	0xD6E:   8,
	0xD6F:   9,
	0xDE6:   0,
	0xDE7:   1,
	0xDE8:   2,
	0xDE9:   3,
	0xDEA:   4,
	0xDEB:   5,
	0xDEC:   6,
	0xDED:   7,
	0xDEE:   8,
	0xDEF:   9,
	0xE50:   0,
	0xE51:   1,
	0xE52:   2,
	0xE53:   3,
	0xE54:   4,
	0xE55:   5,
	0xE56:   6,
	0xE57:   7,
	0xE58:   8,
	0xE59:   9,
	0xED0:   0,
	0xED1:   1,
	0xED2:   2,
	0xED3:   3,
	0xED4:   4,
	0xED5:   5,
	0xED6:   6,
	0xED7:   7,
	0xED8:   8,
	0xED9:   9,
	0xF20:   0,
	0xF21:   1,
	0xF22:   2,
	0xF23:   3,
	0xF24:   4,
	0xF25:   5,
	0xF26:   6,
	0xF27:   7,
	0xF28:   8,
	0xF29:   9,
	0x1040:  0,
	0x1041:  1,
	0x1042:  2,
	0x1043:  3,
	0x1044:  4,
	0x1045:  5,
	0x1046:  6,
	0x1047:  7,
	0x1048:  8,
	0x1049:  9,
	0x1090:  0,
	0x1091:  1,
	0x1092:  2,
	0x1093:  3,
	0x1094:  4,
	0x1095:  5,
	0x1096:  6,
	0x1097:  7,
	0x1098:  8,
	0x1099:  9,
	0x1369:  1,
	0x136A:  2,
	0x136B:  3,
	0x136C:  4,
	0x136D:  5,
	0x136E:  6,
	0x136F:  7,
	0x1370:  8,
	0x1371:  9,
	0x17E0:  0,
	0x17E1:  1,
	0x17E2:  2,
	0x17E3:  3,
	0x17E4:  4,
	0x17E5:  5,
	0x17E6:  6,
	0x17E7:  7,
	0x17E8:  8,
	0x17E9:  9,
	0x1810:  0,
	0x1811:  1,
	0x1812:  2,
	0x1813:  3,
	0x1814:  4,
	0x1815:  5,
	0x1816:  6,
	0x1817:  7,
	0x1818:  8,
	0x1819:  9,
	0x1946:  0,
	0x1947:  1,
	0x1948:  2,
	0x1949:  3,
	0x194A:  4,
	0x194B:  5,
	0x194C:  6,
	0x194D:  7,
	0x194E:  8,
	0x194F:  9,
	0x19D0:  0,
	0x19D1:  1,
	0x19D2:  2,
	0x19D3:  3,
	0x19D4:  4,
	0x19D5:  5,
	0x19D6:  6,
	0x19D7:  7,
	0x19D8:  8,
	0x19D9:  9,
	0x19DA:  1,
	0x1A80:  0,
	0x1A81:  1,
	0x1A82:  2,
	0x1A83:  3,
	0x1A84:  4,
	0x1A85:  5,
	0x1A86:  6,
	0x1A87:  7,
	0x1A88:  8,
	0x1A89:  9,
	0x1A90:  0,
	0x1A91:  1,
	0x1A92:  2,
	0x1A93:  3,
	0x1A94:  4,
	0x1A95:  5,
	0x1A96:  6,
	0x1A97:  7,
	0x1A98:  8,
	0x1A99:  9,
	0x1B50:  0,
	0x1B51:  1,
	0x1B52:  2,
	0x1B53:  3,
	0x1B54:  4,
	0x1B55:  5,
	0x1B56:  6,
	0x1B57:  7,
	0x1B58:  8,
	0x1B59:  9,
	0x1BB0:  0,
	0x1BB1:  1,
	0x1BB2:  2,
	0x1BB3:  3,
	0x1BB4:  4,
	0x1BB5:  5,
	0x1BB6:  6,
	0x1BB7:  7,
	0x1BB8:  8,
	0x1BB9:  9,
	0x1C40:  0,
	0x1C41:  1,
	0x1C42:  2,
	0x1C43:  3,
	0x1C44:  4,
	0x1C45:  5,
	0x1C46:  6,
	0x1C47:  7,
	0x1C48:  8,
	0x1C49:  9,
	0x1C50:  0,
	0x1C51:  1,
	0x1C52:  2,
	0x1C53:  3,
	0x1C54:  4,
	0x1C55:  5,
	0x1C56:  6,
	0x1C57:  7,
	0x1C58:  8,
	0x1C59:  9,
	0x2070:  0,
	0x2074:  4,
	0x2075:  5,
	0x2076:  6,
	0x2077:  7,
	0x2078:  8,
	0x2079:  9,
	0x2080:  0,
	0x2081:  1,
	0x2082:  2,
	0x2083:  3,
	0x2084:  4,
	0x2085:  5,
	0x2086:  6,
	0x2087:  7,
	0x2088:  8,
	0x2089:  9,
	0x2460:  1,
	0x2461:  2,
	0x2462:  3,
	0x2463:  4,
	0x2464:  5,
	0x2465:  6,
	0x2466:  7,
	0x2467:  8,
	0x2468:  9,
	0x2474:  1,
	0x2475:  2,
	0x2476:  3,
	0x2477:  4,
	0x2478:  5,
	0x2479:  6,
	0x247A:  7,
	0x247B:  8,
	0x247C:  9,
	0x2488:  1,
	0x2489:  2,
	0x248A:  3,
	0x248B:  4,
	0x248C:  5,
	0x248D:  6,
	0x248E:  7,
	0x248F:  8,
	0x2490:  9,
	0x24EA:  0,
	0x24F5:  1,
	0x24F6:  2,
	0x24F7:  3,
	0x24F8:  4,
	0x24F9:  5,
	0x24FA:  6,
	0x24FB:  7,
	0x24FC:  8,
	0x24FD:  9,
	0x24FF:  0,
	0x2776:  1,
	0x2777:  2,
	0x2778:  3,
	0x2779:  4,
	0x277A:  5,
	0x277B:  6,
	0x277C:  7,
	0x277D:  8,
	0x277E:  9,
	0x2780:  1,
	0x2781:  2,
	0x2782:  3,
	0x2783:  4,
	0x2784:  5,
	0x2785:  6,
	0x2786:  7,
	0x2787:  8,
	0x2788:  9,
	0x278A:  1,
	0x278B:  2,
	0x278C:  3,
	0x278D:  4,
	0x278E:  5,
	0x278F:  6,
	0x2790:  7,
	0x2791:  8,
	0x2792:  9,
	0xA620:  0,
	0xA621:  1,
	0xA622:  2,
	0xA623:  3,
	0xA624:  4,
	0xA625:  5,
	0xA626:  6,
	0xA627:  7,
	0xA628:  8,
	0xA629:  9,
	0xA8D0:  0,
	0xA8D1:  1,
	0xA8D2:  2,
	0xA8D3:  3,
	0xA8D4:  4,
	0xA8D5:  5,
	0xA8D6:  6,
	0xA8D7:  7,
	0xA8D8:  8,
	0xA8D9:  9,
	0xA900:  0,
	0xA901:  1,
	0xA902:  2,
	0xA903:  3,
	0xA904:  4,
	0xA905:  5,
	0xA906:  6,
	0xA907:  7,
	0xA908:  8,
	0xA909:  9,
	0xA9D0:  0,
	0xA9D1:  1,
	0xA9D2:  2,
	0xA9D3:  3,
	0xA9D4:  4,
	0xA9D5:  5,
	0xA9D6:  6,
	0xA9D7:  7,
	0xA9D8:  8,
	0xA9D9:  9,
	0xA9F0:  0,
	0xA9F1:  1,
	0xA9F2:  2,
	0xA9F3:  3,
	0xA9F4:  4,
	0xA9F5:  5,
	0xA9F6:  6,
	0xA9F7:  7,
	0xA9F8:  8,
	0xA9F9:  9,
	0xAA50:  0,
	0xAA51:  1,
	0xAA52:  2,
	0xAA53:  3,
	0xAA54:  4,
	0xAA55:  5,
	0xAA56:  6,
	0xAA57:  7,
	0xAA58:  8,
	0xAA59:  9,
	0xABF0:  0,
	0xABF1:  1,
	0xABF2:  2,
	0xABF3:  3,
	0xABF4:  4,
	0xABF5:  5,
	0xABF6:  6,
	0xABF7:  7,
	0xABF8:  8,
	0xABF9:  9,
	0xFF10:  0,
	0xFF11:  1,
	0xFF12:  2,
	0xFF13:  3,
	0xFF14:  4,
	0xFF15:  5,
	0xFF16:  6,
	0xFF17:  7,
	0xFF18:  8,
	0xFF19:  9,
	0x104A0: 0,
	0x104A1: 1,
	0x104A2: 2,
	0x104A3: 3,
	0x104A4: 4,
	0x104A5: 5,
	0x104A6: 6,
	0x104A7: 7,
	0x104A8: 8,
	0x104A9: 9,
	0x10A40: 1,
	0x10A41: 2,
	0x10A42: 3,
	0x10A43: 4,
	0x10D30: 0,
	0x10D31: 1,
	0x10D32: 2,
	0x10D33: 3,
	0x10D34: 4,
	0x10D35: 5,
	0x10D36: 6,
	0x10D37: 7,
	0x10D38: 8,
	0x10D39: 9,
	0x10D40: 0,
	0x10D41: 1,
	0x10D42: 2,
	0x10D43: 3,
	0x10D44: 4,
	0x10D45: 5,
	0x10D46: 6,
	0x10D47: 7,
	0x10D48: 8,
	0x10D49: 9,
	0x10E60: 1,
	0x10E61: 2,
	0x10E62: 3,
	0x10E63: 4,
	0x10E64: 5,
	0x10E65: 6,
	0x10E66: 7,
	0x10E67: 8,
	0x10E68: 9,
	0x11052: 1,
	0x11053: 2,
	0x11054: 3,
	0x11055: 4,
	0x11056: 5,
	0x11057: 6,
	0x11058: 7,
	0x11059: 8,
	0x1105A: 9,
	0x11066: 0,
	0x11067: 1,
	0x11068: 2,
	0x11069: 3,
	0x1106A: 4,
	0x1106B: 5,
	0x1106C: 6,
	0x1106D: 7,
	0x1106E: 8,
	0x1106F: 9,
	0x110F0: 0,
	0x110F1: 1,
	0x110F2: 2,
	0x110F3: 3,
	0x110F4: 4,
	0x110F5: 5,
	0x110F6: 6,
	0x110F7: 7,
	0x110F8: 8,
	0x110F9: 9,
	0x11136: 0,
	0x11137: 1,
	0x11138: 2,
	0x11139: 3,
	0x1113A: 4,
	0x1113B: 5,
	0x1113C: 6,
	0x1113D: 7,
	0x1113E: 8,
	0x1113F: 9,
	0x111D0: 0,
	0x111D1: 1,
	0x111D2: 2,
	0x111D3: 3,
	0x111D4: 4,
	0x111D5: 5,
	0x111D6: 6,
	0x111D7: 7,
	0x111D8: 8,
	0x111D9: 9,
	0x112F0: 0,
	0x112F1: 1,
	0x112F2: 2,
	0x112F3: 3,
	0x112F4: 4,
	0x112F5: 5,
	0x112F6: 6,
	0x112F7: 7,
	0x112F8: 8,
	0x112F9: 9,
	0x11450: 0,
	0x11451: 1,
	0x11452: 2,
	0x11453: 3,
	0x11454: 4,
	0x11455: 5,
	0x11456: 6,
	0x11457: 7,
	0x11458: 8,
	0x11459: 9,
	0x114D0: 0,
	0x114D1: 1,
	0x114D2: 2,
	0x114D3: 3,
	0x114D4: 4,
	0x114D5: 5,
	0x114D6: 6,
	0x114D7: 7,
	0x114D8: 8,
	0x114D9: 9,
	0x11650: 0,
	0x11651: 1,
	0x11652: 2,
	0x11653: 3,
	0x11654: 4,
	0x11655: 5,
	0x11656: 6,
	0x11657: 7,
	0x11658: 8,
	0x11659: 9,
	0x116C0: 0,
	0x116C1: 1,
	0x116C2: 2,
	0x116C3: 3,
	0x116C4: 4,
	0x116C5: 5,
	0x116C6: 6,
	0x116C7: 7,
	0x116C8: 8,
	0x116C9: 9,
	0x116D0: 0,
	0x116D1: 1,
	0x116D2: 2,
	0x116D3: 3,
	0x116D4: 4,
	0x116D5: 5,
	0x116D6: 6,
	0x116D7: 7,
	0x116D8: 8,
	0x116D9: 9,
	0x116DA: 0,
	0x116DB: 1,
	0x116DC: 2,
	0x116DD: 3,
	0x116DE: 4,
	0x116DF: 5,
	0x116E0: 6,
	0x116E1: 7,
	0x116E2: 8,
	0x116E3: 9,
	0x11730: 0,
	0x11731: 1,
	0x11732: 2,
	0x11733: 3,
	0x11734: 4,
	0x11735: 5,
	0x11736: 6,
	0x11737: 7,
	0x11738: 8,
	0x11739: 9,
	0x118E0: 0,
	0x118E1: 1,
	0x118E2: 2,
	0x118E3: 3,
	0x118E4: 4,
	0x118E5: 5,
	0x118E6: 6,
	0x118E7: 7,
	0x118E8: 8,
	0x118E9: 9,
	0x11950: 0,
	0x11951: 1,
	0x11952: 2,
	0x11953: 3,
	0x11954: 4,
	0x11955: 5,
	0x11956: 6,
	0x11957: 7,
	0x11958: 8,
	0x11959: 9,
	0x11BF0: 0,
	0x11BF1: 1,
	0x11BF2: 2,
	0x11BF3: 3,
	0x11BF4: 4,
	0x11BF5: 5,
	0x11BF6: 6,
	0x11BF7: 7,
	0x11BF8: 8,
	0x11BF9: 9,
	0x11C50: 0,
	0x11C51: 1,
	0x11C52: 2,
	0x11C53: 3,
	0x11C54: 4,
	0x11C55: 5,
	0x11C56: 6,
	0x11C57: 7,
	0x11C58: 8,
	0x11C59: 9,
	0x11D50: 0,
	0x11D51: 1,
	0x11D52: 2,
	0x11D53: 3,
	0x11D54: 4,
	0x11D55: 5,
	0x11D56: 6,
	0x11D57: 7,
	0x11D58: 8,
	0x11D59: 9,
	0x11DA0: 0,
	0x11DA1: 1,
	0x11DA2: 2,
	0x11DA3: 3,
	0x11DA4: 4,
	0x11DA5: 5,
	0x11DA6: 6,
	0x11DA7: 7,
	0x11DA8: 8,
	0x11DA9: 9,
	0x11F50: 0,
	0x11F51: 1,
	0x11F52: 2,
	0x11F53: 3,
	0x11F54: 4,
	0x11F55: 5,
	0x11F56: 6,
	0x11F57: 7,
	0x11F58: 8,
	0x11F59: 9,
	0x16130: 0,
	0x16131: 1,
	0x16132: 2,
	0x16133: 3,
	0x16134: 4,
	0x16135: 5,
	0x16136: 6,
	0x16137: 7,
	0x16138: 8,
	0x16139: 9,
	0x16A60: 0,
	0x16A61: 1,
	0x16A62: 2,
	0x16A63: 3,
	0x16A64: 4,
	0x16A65: 5,
	0x16A66: 6,
	0x16A67: 7,
	0x16A68: 8,
	0x16A69: 9,
	0x16AC0: 0,
	0x16AC1: 1,
	0x16AC2: 2,
	0x16AC3: 3,
	0x16AC4: 4,
	0x16AC5: 5,
	0x16AC6: 6,
	0x16AC7: 7,
	0x16AC8: 8,
	0x16AC9: 9,
	0x16B50: 0,
	0x16B51: 1,
	0x16B52: 2,
	0x16B53: 3,
	0x16B54: 4,
	0x16B55: 5,
	0x16B56: 6,
	0x16B57: 7,
	0x16B58: 8,
	0x16B59: 9,
	0x16D70: 0,
	0x16D71: 1,
	0x16D72: 2,
	0x16D73: 3,
	0x16D74: 4,
	0x16D75: 5,
	0x16D76: 6,
	0x16D77: 7,
	0x16D78: 8,
	0x16D79: 9,
	0x1CCF0: 0,
	0x1CCF1: 1,
	0x1CCF2: 2,
	0x1CCF3: 3,
	0x1CCF4: 4,
	0x1CCF5: 5,
	0x1CCF6: 6,
	0x1CCF7: 7,
	0x1CCF8: 8,
	0x1CCF9: 9,
	0x1D7CE: 0,
	0x1D7CF: 1,
	0x1D7D0: 2,
	0x1D7D1: 3,
	0x1D7D2: 4,
	0x1D7D3: 5,
	0x1D7D4: 6,
	0x1D7D5: 7,
	0x1D7D6: 8,
	0x1D7D7: 9,
	0x1D7D8: 0,
	0x1D7D9: 1,
	0x1D7DA: 2,
	0x1D7DB: 3,
	0x1D7DC: 4,
	0x1D7DD: 5,
	0x1D7DE: 6,
	0x1D7DF: 7,
	0x1D7E0: 8,
	0x1D7E1: 9,
	0x1D7E2: 0,
	0x1D7E3: 1,
	0x1D7E4: 2,
	0x1D7E5: 3,
	0x1D7E6: 4,
	0x1D7E7: 5,
	0x1D7E8: 6,
	0x1D7E9: 7,
	0x1D7EA: 8,
	0x1D7EB: 9,
	0x1D7EC: 0,
	0x1D7ED: 1,
	0x1D7EE: 2,
	0x1D7EF: 3,
	0x1D7F0: 4,
	0x1D7F1: 5,
	0x1D7F2: 6,
	0x1D7F3: 7,
	0x1D7F4: 8,
	0x1D7F5: 9,
	0x1D7F6: 0,
	0x1D7F7: 1,
	0x1D7F8: 2,
	0x1D7F9: 3,
	0x1D7FA: 4,
	0x1D7FB: 5,
	0x1D7FC: 6,
	0x1D7FD: 7,
	0x1D7FE: 8,
	0x1D7FF: 9,
	0x1E140: 0,
	0x1E141: 1,
	0x1E142: 2,
	0x1E143: 3,
	0x1E144: 4,
	0x1E145: 5,
	0x1E146: 6,
	0x1E147: 7,
	0x1E148: 8,
	0x1E149: 9,
	0x1E2F0: 0,
	0x1E2F1: 1,
	0x1E2F2: 2,
	0x1E2F3: 3,
	0x1E2F4: 4,
	0x1E2F5: 5,
	0x1E2F6: 6,
	0x1E2F7: 7,
	0x1E2F8: 8,
	0x1E2F9: 9,
	0x1E4F0: 0,
	0x1E4F1: 1,
	0x1E4F2: 2,
	0x1E4F3: 3,
	0x1E4F4: 4,
	0x1E4F5: 5,
	0x1E4F6: 6,
	0x1E4F7: 7,
	0x1E4F8: 8,
	0x1E4F9: 9,
	0x1E5F1: 0,
	0x1E5F2: 1,
	0x1E5F3: 2,
	0x1E5F4: 3,
	0x1E5F5: 4,
	0x1E5F6: 5,
	0x1E5F7: 6,
	0x1E5F8: 7,
	0x1E5F9: 8,
	0x1E5FA: 9,
	0x1E950: 0,
	0x1E951: 1,
	0x1E952: 2,
	0x1E953: 3,
	0x1E954: 4,
	0x1E955: 5,
	0x1E956: 6,
	0x1E957: 7,
	0x1E958: 8,
	0x1E959: 9,
	0x1F100: 0,
	0x1F101: 0,
	0x1F102: 1,
	0x1F103: 2,
	0x1F104: 3,
	0x1F105: 4,
	0x1F106: 5,
	0x1F107: 6,
	0x1F108: 7,
	0x1F109: 8,
	0x1F10A: 9,
	0x1FBF0: 0,
	0x1FBF1: 1,
	0x1FBF2: 2,
	0x1FBF3: 3,
	0x1FBF4: 4,
	0x1FBF5: 5,
	0x1FBF6: 6,
	0x1FBF7: 7,
	0x1FBF8: 8,
	0x1FBF9: 9,
}

var ucdNumeric = map[rune]float64{
	0x30:    0.0,
	0x31:    1.0,
	0x32:    2.0,
	0x33:    3.0,
	0x34:    4.0,
	0x35:    5.0,
	0x36:    6.0,
	0x37:    7.0,
	0x38:    8.0,
	0x39:    9.0,
	0xB2:    2.0,
	0xB3:    3.0,
	0xB9:    1.0,
	0xBC:    0.25,
	0xBD:    0.5,
	0xBE:    0.75,
	0x660:   0.0,
	0x661:   1.0,
	0x662:   2.0,
	0x663:   3.0,
	0x664:   4.0,
	0x665:   5.0,
	0x666:   6.0,
	0x667:   7.0,
	0x668:   8.0,
	0x669:   9.0,
	0x6F0:   0.0,
	0x6F1:   1.0,
	0x6F2:   2.0,
	0x6F3:   3.0,
	0x6F4:   4.0,
	0x6F5:   5.0,
	0x6F6:   6.0,
	0x6F7:   7.0,
	0x6F8:   8.0,
	0x6F9:   9.0,
	0x7C0:   0.0,
	0x7C1:   1.0,
	0x7C2:   2.0,
	0x7C3:   3.0,
	0x7C4:   4.0,
	0x7C5:   5.0,
	0x7C6:   6.0,
	0x7C7:   7.0,
	0x7C8:   8.0,
	0x7C9:   9.0,
	0x966:   0.0,
	0x967:   1.0,
	0x968:   2.0,
	0x969:   3.0,
	0x96A:   4.0,
	0x96B:   5.0,
	0x96C:   6.0,
	0x96D:   7.0,
	0x96E:   8.0,
	0x96F:   9.0,
	0x9E6:   0.0,
	0x9E7:   1.0,
	0x9E8:   2.0,
	0x9E9:   3.0,
	0x9EA:   4.0,
	0x9EB:   5.0,
	0x9EC:   6.0,
	0x9ED:   7.0,
	0x9EE:   8.0,
	0x9EF:   9.0,
	0x9F4:   0.0625,
	0x9F5:   0.125,
	0x9F6:   0.1875,
	0x9F7:   0.25,
	0x9F8:   0.75,
	0x9F9:   16.0,
	0xA66:   0.0,
	0xA67:   1.0,
	0xA68:   2.0,
	0xA69:   3.0,
	0xA6A:   4.0,
	0xA6B:   5.0,
	0xA6C:   6.0,
	0xA6D:   7.0,
	0xA6E:   8.0,
	0xA6F:   9.0,
	0xAE6:   0.0,
	0xAE7:   1.0,
	0xAE8:   2.0,
	0xAE9:   3.0,
	0xAEA:   4.0,
	0xAEB:   5.0,
	0xAEC:   6.0,
	0xAED:   7.0,
	0xAEE:   8.0,
	0xAEF:   9.0,
	0xB66:   0.0,
	0xB67:   1.0,
	0xB68:   2.0,
	0xB69:   3.0,
	0xB6A:   4.0,
	0xB6B:   5.0,
	0xB6C:   6.0,
	0xB6D:   7.0,
	0xB6E:   8.0,
	0xB6F:   9.0,
	0xB72:   0.25,
	0xB73:   0.5,
	0xB74:   0.75,
	0xB75:   0.0625,
	0xB76:   0.125,
	0xB77:   0.1875,
	0xBE6:   0.0,
	0xBE7:   1.0,
	0xBE8:   2.0,
	0xBE9:   3.0,
	0xBEA:   4.0,
	0xBEB:   5.0,
	0xBEC:   6.0,
	0xBED:   7.0,
	0xBEE:   8.0,
	0xBEF:   9.0,
	0xBF0:   10.0,
	0xBF1:   100.0,
	0xBF2:   1000.0,
	0xC66:   0.0,
	0xC67:   1.0,
	0xC68:   2.0,
	0xC69:   3.0,
	0xC6A:   4.0,
	0xC6B:   5.0,
	0xC6C:   6.0,
	0xC6D:   7.0,
	0xC6E:   8.0,
	0xC6F:   9.0,
	0xC78:   0.0,
	0xC79:   1.0,
	0xC7A:   2.0,
	0xC7B:   3.0,
	0xC7C:   1.0,
	0xC7D:   2.0,
	0xC7E:   3.0,
	0xCE6:   0.0,
	0xCE7:   1.0,
	0xCE8:   2.0,
	0xCE9:   3.0,
	0xCEA:   4.0,
	0xCEB:   5.0,
	0xCEC:   6.0,
	0xCED:   7.0,
	0xCEE:   8.0,
	0xCEF:   9.0,
	0xD58:   0.00625,
	0xD59:   0.025,
	0xD5A:   0.0375,
	0xD5B:   0.05,
	0xD5C:   0.1,
	0xD5D:   0.15,
	0xD5E:   0.2,
	0xD66:   0.0,
	0xD67:   1.0,
	0xD68:   2.0,
	0xD69:   3.0,
	0xD6A:   4.0,
	0xD6B:   5.0,
	0xD6C:   6.0,
	0xD6D:   7.0,
	0xD6E:   8.0,
	0xD6F:   9.0,
	0xD70:   10.0,
	0xD71:   100.0,
	0xD72:   1000.0,
	0xD73:   0.25,
	0xD74:   0.5,
	0xD75:   0.75,
	0xD76:   0.0625,
	0xD77:   0.125,
	0xD78:   0.1875,
	0xDE6:   0.0,
	0xDE7:   1.0,
	0xDE8:   2.0,
	0xDE9:   3.0,
	0xDEA:   4.0,
	0xDEB:   5.0,
	0xDEC:   6.0,
	0xDED:   7.0,
	0xDEE:   8.0,
	0xDEF:   9.0,
	0xE50:   0.0,
	0xE51:   1.0,
	0xE52:   2.0,
	0xE53:   3.0,
	0xE54:   4.0,
	0xE55:   5.0,
	0xE56:   6.0,
	0xE57:   7.0,
	0xE58:   8.0,
	0xE59:   9.0,
	0xED0:   0.0,
	0xED1:   1.0,
	0xED2:   2.0,
	0xED3:   3.0,
	0xED4:   4.0,
	0xED5:   5.0,
	0xED6:   6.0,
	0xED7:   7.0,
	0xED8:   8.0,
	0xED9:   9.0,
	0xF20:   0.0,
	0xF21:   1.0,
	0xF22:   2.0,
	0xF23:   3.0,
	0xF24:   4.0,
	0xF25:   5.0,
	0xF26:   6.0,
	0xF27:   7.0,
	0xF28:   8.0,
	0xF29:   9.0,
	0xF2A:   0.5,
	0xF2B:   1.5,
	0xF2C:   2.5,
	0xF2D:   3.5,
	0xF2E:   4.5,
	0xF2F:   5.5,
	0xF30:   6.5,
	0xF31:   7.5,
	0xF32:   8.5,
	0xF33:   -0.5,
	0x1040:  0.0,
	0x1041:  1.0,
	0x1042:  2.0,
	0x1043:  3.0,
	0x1044:  4.0,
	0x1045:  5.0,
	0x1046:  6.0,
	0x1047:  7.0,
	0x1048:  8.0,
	0x1049:  9.0,
	0x1090:  0.0,
	0x1091:  1.0,
	0x1092:  2.0,
	0x1093:  3.0,
	0x1094:  4.0,
	0x1095:  5.0,
	0x1096:  6.0,
	0x1097:  7.0,
	0x1098:  8.0,
	0x1099:  9.0,
	0x1369:  1.0,
	0x136A:  2.0,
	0x136B:  3.0,
	0x136C:  4.0,
	0x136D:  5.0,
	0x136E:  6.0,
	0x136F:  7.0,
	0x1370:  8.0,
	0x1371:  9.0,
	0x1372:  10.0,
	0x1373:  20.0,
	0x1374:  30.0,
	0x1375:  40.0,
	0x1376:  50.0,
	0x1377:  60.0,
	0x1378:  70.0,
	0x1379:  80.0,
	0x137A:  90.0,
	0x137B:  100.0,
	0x137C:  10000.0,
	0x16EE:  17.0,
	0x16EF:  18.0,
	0x16F0:  19.0,
	0x17E0:  0.0,
	0x17E1:  1.0,
	0x17E2:  2.0,
	0x17E3:  3.0,
	0x17E4:  4.0,
	0x17E5:  5.0,
	0x17E6:  6.0,
	0x17E7:  7.0,
	0x17E8:  8.0,
	0x17E9:  9.0,
	0x17F0:  0.0,
	0x17F1:  1.0,
	0x17F2:  2.0,
	0x17F3:  3.0,
	0x17F4:  4.0,
	0x17F5:  5.0,
	0x17F6:  6.0,
	0x17F7:  7.0,
	0x17F8:  8.0,
	0x17F9:  9.0,
	0x1810:  0.0,
	0x1811:  1.0,
	0x1812:  2.0,
	0x1813:  3.0,
	0x1814:  4.0,
	0x1815:  5.0,
	0x1816:  6.0,
	0x1817:  7.0,
	0x1818:  8.0,
	0x1819:  9.0,
	0x1946:  0.0,
	0x1947:  1.0,
	0x1948:  2.0,
	0x1949:  3.0,
	0x194A:  4.0,
	0x194B:  5.0,
	0x194C:  6.0,
	0x194D:  7.0,
	0x194E:  8.0,
	0x194F:  9.0,
	0x19D0:  0.0,
	0x19D1:  1.0,
	0x19D2:  2.0,
	0x19D3:  3.0,
	0x19D4:  4.0,
	0x19D5:  5.0,
	0x19D6:  6.0,
	0x19D7:  7.0,
	0x19D8:  8.0,
	0x19D9:  9.0,
	0x19DA:  1.0,
	0x1A80:  0.0,
	0x1A81:  1.0,
	0x1A82:  2.0,
	0x1A83:  3.0,
	0x1A84:  4.0,
	0x1A85:  5.0,
	0x1A86:  6.0,
	0x1A87:  7.0,
	0x1A88:  8.0,
	0x1A89:  9.0,
	0x1A90:  0.0,
	0x1A91:  1.0,
	0x1A92:  2.0,
	0x1A93:  3.0,
	0x1A94:  4.0,
	0x1A95:  5.0,
	0x1A96:  6.0,
	0x1A97:  7.0,
	0x1A98:  8.0,
	0x1A99:  9.0,
	0x1B50:  0.0,
	0x1B51:  1.0,
	0x1B52:  2.0,
	0x1B53:  3.0,
	0x1B54:  4.0,
	0x1B55:  5.0,
	0x1B56:  6.0,
	0x1B57:  7.0,
	0x1B58:  8.0,
	0x1B59:  9.0,
	0x1BB0:  0.0,
	0x1BB1:  1.0,
	0x1BB2:  2.0,
	0x1BB3:  3.0,
	0x1BB4:  4.0,
	0x1BB5:  5.0,
	0x1BB6:  6.0,
	0x1BB7:  7.0,
	0x1BB8:  8.0,
	0x1BB9:  9.0,
	0x1C40:  0.0,
	0x1C41:  1.0,
	0x1C42:  2.0,
	0x1C43:  3.0,
	0x1C44:  4.0,
	0x1C45:  5.0,
	0x1C46:  6.0,
	0x1C47:  7.0,
	0x1C48:  8.0,
	0x1C49:  9.0,
	0x1C50:  0.0,
	0x1C51:  1.0,
	0x1C52:  2.0,
	0x1C53:  3.0,
	0x1C54:  4.0,
	0x1C55:  5.0,
	0x1C56:  6.0,
	0x1C57:  7.0,
	0x1C58:  8.0,
	0x1C59:  9.0,
	0x2070:  0.0,
	0x2074:  4.0,
	0x2075:  5.0,
	0x2076:  6.0,
	0x2077:  7.0,
	0x2078:  8.0,
	0x2079:  9.0,
	0x2080:  0.0,
	0x2081:  1.0,
	0x2082:  2.0,
	0x2083:  3.0,
	0x2084:  4.0,
	0x2085:  5.0,
	0x2086:  6.0,
	0x2087:  7.0,
	0x2088:  8.0,
	0x2089:  9.0,
	0x2150:  0.14285714285714285,
	0x2151:  0.1111111111111111,
	0x2152:  0.1,
	0x2153:  0.3333333333333333,
	0x2154:  0.6666666666666666,
	0x2155:  0.2,
	0x2156:  0.4,
	0x2157:  0.6,
	0x2158:  0.8,
	0x2159:  0.16666666666666666,
	0x215A:  0.8333333333333334,
	0x215B:  0.125,
	0x215C:  0.375,
	0x215D:  0.625,
	0x215E:  0.875,
	0x215F:  1.0,
	0x2160:  1.0,
	0x2161:  2.0,
	0x2162:  3.0,
	0x2163:  4.0,
	0x2164:  5.0,
	0x2165:  6.0,
	0x2166:  7.0,
	0x2167:  8.0,
	0x2168:  9.0,
	0x2169:  10.0,
	0x216A:  11.0,
	0x216B:  12.0,
	0x216C:  50.0,
	0x216D:  100.0,
	0x216E:  500.0,
	0x216F:  1000.0,
	0x2170:  1.0,
	0x2171:  2.0,
	0x2172:  3.0,
	0x2173:  4.0,
	0x2174:  5.0,
	0x2175:  6.0,
	0x2176:  7.0,
	0x2177:  8.0,
	0x2178:  9.0,
	0x2179:  10.0,
	0x217A:  11.0,
	0x217B:  12.0,
	0x217C:  50.0,
	0x217D:  100.0,
	0x217E:  500.0,
	0x217F:  1000.0,
	0x2180:  1000.0,
	0x2181:  5000.0,
	0x2182:  10000.0,
	0x2185:  6.0,
	0x2186:  50.0,
	0x2187:  50000.0,
	0x2188:  100000.0,
	0x2189:  0.0,
	0x2460:  1.0,
	0x2461:  2.0,
	0x2462:  3.0,
	0x2463:  4.0,
	0x2464:  5.0,
	0x2465:  6.0,
	0x2466:  7.0,
	0x2467:  8.0,
	0x2468:  9.0,
	0x2469:  10.0,
	0x246A:  11.0,
	0x246B:  12.0,
	0x246C:  13.0,
	0x246D:  14.0,
	0x246E:  15.0,
	0x246F:  16.0,
	0x2470:  17.0,
	0x2471:  18.0,
	0x2472:  19.0,
	0x2473:  20.0,
	0x2474:  1.0,
	0x2475:  2.0,
	0x2476:  3.0,
	0x2477:  4.0,
	0x2478:  5.0,
	0x2479:  6.0,
	0x247A:  7.0,
	0x247B:  8.0,
	0x247C:  9.0,
	0x247D:  10.0,
	0x247E:  11.0,
	0x247F:  12.0,
	0x2480:  13.0,
	0x2481:  14.0,
	0x2482:  15.0,
	0x2483:  16.0,
	0x2484:  17.0,
	0x2485:  18.0,
	0x2486:  19.0,
	0x2487:  20.0,
	0x2488:  1.0,
	0x2489:  2.0,
	0x248A:  3.0,
	0x248B:  4.0,
	0x248C:  5.0,
	0x248D:  6.0,
	0x248E:  7.0,
	0x248F:  8.0,
	0x2490:  9.0,
	0x2491:  10.0,
	0x2492:  11.0,
	0x2493:  12.0,
	0x2494:  13.0,
	0x2495:  14.0,
	0x2496:  15.0,
	0x2497:  16.0,
	0x2498:  17.0,
	0x2499:  18.0,
	0x249A:  19.0,
	0x249B:  20.0,
	0x24EA:  0.0,
	0x24EB:  11.0,
	0x24EC:  12.0,
	0x24ED:  13.0,
	0x24EE:  14.0,
	0x24EF:  15.0,
	0x24F0:  16.0,
	0x24F1:  17.0,
	0x24F2:  18.0,
	0x24F3:  19.0,
	0x24F4:  20.0,
	0x24F5:  1.0,
	0x24F6:  2.0,
	0x24F7:  3.0,
	0x24F8:  4.0,
	0x24F9:  5.0,
	0x24FA:  6.0,
	0x24FB:  7.0,
	0x24FC:  8.0,
	0x24FD:  9.0,
	0x24FE:  10.0,
	0x24FF:  0.0,
	0x2776:  1.0,
	0x2777:  2.0,
	0x2778:  3.0,
	0x2779:  4.0,
	0x277A:  5.0,
	0x277B:  6.0,
	0x277C:  7.0,
	0x277D:  8.0,
	0x277E:  9.0,
	0x277F:  10.0,
	0x2780:  1.0,
	0x2781:  2.0,
	0x2782:  3.0,
	0x2783:  4.0,
	0x2784:  5.0,
	0x2785:  6.0,
	0x2786:  7.0,
	0x2787:  8.0,
	0x2788:  9.0,
	0x2789:  10.0,
	0x278A:  1.0,
	0x278B:  2.0,
	0x278C:  3.0,
	0x278D:  4.0,
	0x278E:  5.0,
	0x278F:  6.0,
	0x2790:  7.0,
	0x2791:  8.0,
	0x2792:  9.0,
	0x2793:  10.0,
	0x2CFD:  0.5,
	0x3007:  0.0,
	0x3021:  1.0,
	0x3022:  2.0,
	0x3023:  3.0,
	0x3024:  4.0,
	0x3025:  5.0,
	0x3026:  6.0,
	0x3027:  7.0,
	0x3028:  8.0,
	0x3029:  9.0,
	0x3038:  10.0,
	0x3039:  20.0,
	0x303A:  30.0,
	0x3192:  1.0,
	0x3193:  2.0,
	0x3194:  3.0,
	0x3195:  4.0,
	0x3220:  1.0,
	0x3221:  2.0,
	0x3222:  3.0,
	0x3223:  4.0,
	0x3224:  5.0,
	0x3225:  6.0,
	0x3226:  7.0,
	0x3227:  8.0,
	0x3228:  9.0,
	0x3229:  10.0,
	0x3248:  10.0,
	0x3249:  20.0,
	0x324A:  30.0,
	0x324B:  40.0,
	0x324C:  50.0,
	0x324D:  60.0,
	0x324E:  70.0,
	0x324F:  80.0,
	0x3251:  21.0,
	0x3252:  22.0,
	0x3253:  23.0,
	0x3254:  24.0,
	0x3255:  25.0,
	0x3256:  26.0,
	0x3257:  27.0,
	0x3258:  28.0,
	0x3259:  29.0,
	0x325A:  30.0,
	0x325B:  31.0,
	0x325C:  32.0,
	0x325D:  33.0,
	0x325E:  34.0,
	0x325F:  35.0,
	0x3280:  1.0,
	0x3281:  2.0,
	0x3282:  3.0,
	0x3283:  4.0,
	0x3284:  5.0,
	0x3285:  6.0,
	0x3286:  7.0,
	0x3287:  8.0,
	0x3288:  9.0,
	0x3289:  10.0,
	0x32B1:  36.0,
	0x32B2:  37.0,
	0x32B3:  38.0,
	0x32B4:  39.0,
	0x32B5:  40.0,
	0x32B6:  41.0,
	0x32B7:  42.0,
	0x32B8:  43.0,
	0x32B9:  44.0,
	0x32BA:  45.0,
	0x32BB:  46.0,
	0x32BC:  47.0,
	0x32BD:  48.0,
	0x32BE:  49.0,
	0x32BF:  50.0,
	0x3405:  5.0,
	0x3483:  2.0,
	0x382A:  5.0,
	0x3B4D:  7.0,
	0x4E00:  1.0,
	0x4E03:  7.0,
	0x4E07:  10000.0,
	0x4E09:  3.0,
	0x4E24:  2.0,
	0x4E5D:  9.0,
	0x4E8C:  2.0,
	0x4E94:  5.0,
	0x4E96:  4.0,
	0x4EAC:  1e+16,
	0x4EBF:  100000000.0,
	0x4EC0:  10.0,
	0x4EDF:  1000.0,
	0x4EE8:  3.0,
	0x4F0D:  5.0,
	0x4F70:  100.0,
	0x4FE9:  2.0,
	0x5006:  2.0,
	0x5104:  100000000.0,
	0x5146:  1000000.0,
	0x5169:  2.0,
	0x516B:  8.0,
	0x516D:  6.0,
	0x5341:  10.0,
	0x5343:  1000.0,
	0x5344:  20.0,
	0x5345:  30.0,
	0x534C:  40.0,
	0x53C1:  3.0,
	0x53C2:  3.0,
	0x53C3:  3.0,
	0x53C4:  3.0,
	0x56DB:  4.0,
	0x58F1:  1.0,
	0x58F9:  1.0,
	0x5E7A:  1.0,
	0x5EFE:  9.0,
	0x5EFF:  20.0,
	0x5F0C:  1.0,
	0x5F0D:  2.0,
	0x5F0E:  3.0,
	0x5F10:  2.0,
	0x62D0:  7.0,
	0x62FE:  10.0,
	0x634C:  8.0,
	0x67D2:  7.0,
	0x6D1E:  0.0,
	0x6F06:  7.0,
	0x7396:  9.0,
	0x767E:  100.0,
	0x7695:  200.0,
	0x79ED:  1000000000.0,
	0x8086:  4.0,
	0x842C:  10000.0,
	0x8CAE:  2.0,
	0x8CB3:  2.0,
	0x8D30:  2.0,
	0x920E:  9.0,
	0x94A9:  9.0,
	0x9621:  1000.0,
	0x9646:  6.0,
	0x964C:  100.0,
	0x9678:  6.0,
	0x96F6:  0.0,
	0xA620:  0.0,
	0xA621:  1.0,
	0xA622:  2.0,
	0xA623:  3.0,
	0xA624:  4.0,
	0xA625:  5.0,
	0xA626:  6.0,
	0xA627:  7.0,
	0xA628:  8.0,
	0xA629:  9.0,
	0xA6E6:  1.0,
	0xA6E7:  2.0,
	0xA6E8:  3.0,
	0xA6E9:  4.0,
	0xA6EA:  5.0,
	0xA6EB:  6.0,
	0xA6EC:  7.0,
	0xA6ED:  8.0,
	0xA6EE:  9.0,
	0xA6EF:  0.0,
	0xA830:  0.25,
	0xA831:  0.5,
	0xA832:  0.75,
	0xA833:  0.0625,
	0xA834:  0.125,
	0xA835:  0.1875,
	0xA8D0:  0.0,
	0xA8D1:  1.0,
	0xA8D2:  2.0,
	0xA8D3:  3.0,
	0xA8D4:  4.0,
	0xA8D5:  5.0,
	0xA8D6:  6.0,
	0xA8D7:  7.0,
	0xA8D8:  8.0,
	0xA8D9:  9.0,
	0xA900:  0.0,
	0xA901:  1.0,
	0xA902:  2.0,
	0xA903:  3.0,
	0xA904:  4.0,
	0xA905:  5.0,
	0xA906:  6.0,
	0xA907:  7.0,
	0xA908:  8.0,
	0xA909:  9.0,
	0xA9D0:  0.0,
	0xA9D1:  1.0,
	0xA9D2:  2.0,
	0xA9D3:  3.0,
	0xA9D4:  4.0,
	0xA9D5:  5.0,
	0xA9D6:  6.0,
	0xA9D7:  7.0,
	0xA9D8:  8.0,
	0xA9D9:  9.0,
	0xA9F0:  0.0,
	0xA9F1:  1.0,
	0xA9F2:  2.0,
	0xA9F3:  3.0,
	0xA9F4:  4.0,
	0xA9F5:  5.0,
	0xA9F6:  6.0,
	0xA9F7:  7.0,
	0xA9F8:  8.0,
	0xA9F9:  9.0,
	0xAA50:  0.0,
	0xAA51:  1.0,
	0xAA52:  2.0,
	0xAA53:  3.0,
	0xAA54:  4.0,
	0xAA55:  5.0,
	0xAA56:  6.0,
	0xAA57:  7.0,
	0xAA58:  8.0,
	0xAA59:  9.0,
	0xABF0:  0.0,
	0xABF1:  1.0,
	0xABF2:  2.0,
	0xABF3:  3.0,
	0xABF4:  4.0,
	0xABF5:  5.0,
	0xABF6:  6.0,
	0xABF7:  7.0,
	0xABF8:  8.0,
	0xABF9:  9.0,
	0xF96B:  3.0,
	0xF973:  10.0,
	0xF978:  2.0,
	0xF9B2:  0.0,
	0xF9D1:  6.0,
	0xF9D3:  6.0,
	0xF9FD:  10.0,
	0xFF10:  0.0,
	0xFF11:  1.0,
	0xFF12:  2.0,
	0xFF13:  3.0,
	0xFF14:  4.0,
	0xFF15:  5.0,
	0xFF16:  6.0,
	0xFF17:  7.0,
	0xFF18:  8.0,
	0xFF19:  9.0,
	0x10107: 1.0,
	0x10108: 2.0,
	0x10109: 3.0,
	0x1010A: 4.0,
	0x1010B: 5.0,
	0x1010C: 6.0,
	0x1010D: 7.0,
	0x1010E: 8.0,
	0x1010F: 9.0,
	0x10110: 10.0,
	0x10111: 20.0,
	0x10112: 30.0,
	0x10113: 40.0,
	0x10114: 50.0,
	0x10115: 60.0,
	0x10116: 70.0,
	0x10117: 80.0,
	0x10118: 90.0,
	0x10119: 100.0,
	0x1011A: 200.0,
	0x1011B: 300.0,
	0x1011C: 400.0,
	0x1011D: 500.0,
	0x1011E: 600.0,
	0x1011F: 700.0,
	0x10120: 800.0,
	0x10121: 900.0,
	0x10122: 1000.0,
	0x10123: 2000.0,
	0x10124: 3000.0,
	0x10125: 4000.0,
	0x10126: 5000.0,
	0x10127: 6000.0,
	0x10128: 7000.0,
	0x10129: 8000.0,
	0x1012A: 9000.0,
	0x1012B: 10000.0,
	0x1012C: 20000.0,
	0x1012D: 30000.0,
	0x1012E: 40000.0,
	0x1012F: 50000.0,
	0x10130: 60000.0,
	0x10131: 70000.0,
	0x10132: 80000.0,
	0x10133: 90000.0,
	0x10140: 0.25,
	0x10141: 0.5,
	0x10142: 1.0,
	0x10143: 5.0,
	0x10144: 50.0,
	0x10145: 500.0,
	0x10146: 5000.0,
	0x10147: 50000.0,
	0x10148: 5.0,
	0x10149: 10.0,
	0x1014A: 50.0,
	0x1014B: 100.0,
	0x1014C: 500.0,
	0x1014D: 1000.0,
	0x1014E: 5000.0,
	0x1014F: 5.0,
	0x10150: 10.0,
	0x10151: 50.0,
	0x10152: 100.0,
	0x10153: 500.0,
	0x10154: 1000.0,
	0x10155: 10000.0,
	0x10156: 50000.0,
	0x10157: 10.0,
	0x10158: 1.0,
	0x10159: 1.0,
	0x1015A: 1.0,
	0x1015B: 2.0,
	0x1015C: 2.0,
	0x1015D: 2.0,
	0x1015E: 2.0,
	0x1015F: 5.0,
	0x10160: 10.0,
	0x10161: 10.0,
	0x10162: 10.0,
	0x10163: 10.0,
	0x10164: 10.0,
	0x10165: 30.0,
	0x10166: 50.0,
	0x10167: 50.0,
	0x10168: 50.0,
	0x10169: 50.0,
	0x1016A: 100.0,
	0x1016B: 300.0,
	0x1016C: 500.0,
	0x1016D: 500.0,
	0x1016E: 500.0,
	0x1016F: 500.0,
	0x10170: 500.0,
	0x10171: 1000.0,
	0x10172: 5000.0,
	0x10173: 5.0,
	0x10174: 50.0,
	0x10175: 0.5,
	0x10176: 0.5,
	0x10177: 0.6666666666666666,
	0x10178: 0.75,
	0x1018A: 0.0,
	0x1018B: 0.25,
	0x102E1: 1.0,
	0x102E2: 2.0,
	0x102E3: 3.0,
	0x102E4: 4.0,
	0x102E5: 5.0,
	0x102E6: 6.0,
	0x102E7: 7.0,
	0x102E8: 8.0,
	0x102E9: 9.0,
	0x102EA: 10.0,
	0x102EB: 20.0,
	0x102EC: 30.0,
	0x102ED: 40.0,
	0x102EE: 50.0,
	0x102EF: 60.0,
	0x102F0: 70.0,
	0x102F1: 80.0,
	0x102F2: 90.0,
	0x102F3: 100.0,
	0x102F4: 200.0,
	0x102F5: 300.0,
	0x102F6: 400.0,
	0x102F7: 500.0,
	0x102F8: 600.0,
	0x102F9: 700.0,
	0x102FA: 800.0,
	0x102FB: 900.0,
	0x10320: 1.0,
	0x10321: 5.0,
	0x10322: 10.0,
	0x10323: 50.0,
	0x10341: 90.0,
	0x1034A: 900.0,
	0x103D1: 1.0,
	0x103D2: 2.0,
	0x103D3: 10.0,
	0x103D4: 20.0,
	0x103D5: 100.0,
	0x104A0: 0.0,
	0x104A1: 1.0,
	0x104A2: 2.0,
	0x104A3: 3.0,
	0x104A4: 4.0,
	0x104A5: 5.0,
	0x104A6: 6.0,
	0x104A7: 7.0,
	0x104A8: 8.0,
	0x104A9: 9.0,
	0x10858: 1.0,
	0x10859: 2.0,
	0x1085A: 3.0,
	0x1085B: 10.0,
	0x1085C: 20.0,
	0x1085D: 100.0,
	0x1085E: 1000.0,
	0x1085F: 10000.0,
	0x10879: 1.0,
	0x1087A: 2.0,
	0x1087B: 3.0,
	0x1087C: 4.0,
	0x1087D: 5.0,
	0x1087E: 10.0,
	0x1087F: 20.0,
	0x108A7: 1.0,
	0x108A8: 2.0,
	0x108A9: 3.0,
	0x108AA: 4.0,
	0x108AB: 4.0,
	0x108AC: 5.0,
	0x108AD: 10.0,
	0x108AE: 20.0,
	0x108AF: 100.0,
	0x108FB: 1.0,
	0x108FC: 5.0,
	0x108FD: 10.0,
	0x108FE: 20.0,
	0x108FF: 100.0,
	0x10916: 1.0,
	0x10917: 10.0,
	0x10918: 20.0,
	0x10919: 100.0,
	0x1091A: 2.0,
	0x1091B: 3.0,
	0x109BC: 0.9166666666666666,
	0x109BD: 0.5,
	0x109C0: 1.0,
	0x109C1: 2.0,
	0x109C2: 3.0,
	0x109C3: 4.0,
	0x109C4: 5.0,
	0x109C5: 6.0,
	0x109C6: 7.0,
	0x109C7: 8.0,
	0x109C8: 9.0,
	0x109C9: 10.0,
	0x109CA: 20.0,
	0x109CB: 30.0,
	0x109CC: 40.0,
	0x109CD: 50.0,
	0x109CE: 60.0,
	0x109CF: 70.0,
	0x109D2: 100.0,
	0x109D3: 200.0,
	0x109D4: 300.0,
	0x109D5: 400.0,
	0x109D6: 500.0,
	0x109D7: 600.0,
	0x109D8: 700.0,
	0x109D9: 800.0,
	0x109DA: 900.0,
	0x109DB: 1000.0,
	0x109DC: 2000.0,
	0x109DD: 3000.0,
	0x109DE: 4000.0,
	0x109DF: 5000.0,
	0x109E0: 6000.0,
	0x109E1: 7000.0,
	0x109E2: 8000.0,
	0x109E3: 9000.0,
	0x109E4: 10000.0,
	0x109E5: 20000.0,
	0x109E6: 30000.0,
	0x109E7: 40000.0,
	0x109E8: 50000.0,
	0x109E9: 60000.0,
	0x109EA: 70000.0,
	0x109EB: 80000.0,
	0x109EC: 90000.0,
	0x109ED: 100000.0,
	0x109EE: 200000.0,
	0x109EF: 300000.0,
	0x109F0: 400000.0,
	0x109F1: 500000.0,
	0x109F2: 600000.0,
	0x109F3: 700000.0,
	0x109F4: 800000.0,
	0x109F5: 900000.0,
	0x109F6: 0.08333333333333333,
	0x109F7: 0.16666666666666666,
	0x109F8: 0.25,
	0x109F9: 0.3333333333333333,
	0x109FA: 0.4166666666666667,
	0x109FB: 0.5,
	0x109FC: 0.5833333333333334,
	0x109FD: 0.6666666666666666,
	0x109FE: 0.75,
	0x109FF: 0.8333333333333334,
	0x10A40: 1.0,
	0x10A41: 2.0,
	0x10A42: 3.0,
	0x10A43: 4.0,
	0x10A44: 10.0,
	0x10A45: 20.0,
	0x10A46: 100.0,
	0x10A47: 1000.0,
	0x10A48: 0.5,
	0x10A7D: 1.0,
	0x10A7E: 50.0,
	0x10A9D: 1.0,
	0x10A9E: 10.0,
	0x10A9F: 20.0,
	0x10AEB: 1.0,
	0x10AEC: 5.0,
	0x10AED: 10.0,
	0x10AEE: 20.0,
	0x10AEF: 100.0,
	0x10B58: 1.0,
	0x10B59: 2.0,
	0x10B5A: 3.0,
	0x10B5B: 4.0,
	0x10B5C: 10.0,
	0x10B5D: 20.0,
	0x10B5E: 100.0,
	0x10B5F: 1000.0,
	0x10B78: 1.0,
	0x10B79: 2.0,
	0x10B7A: 3.0,
	0x10B7B: 4.0,
	0x10B7C: 10.0,
	0x10B7D: 20.0,
	0x10B7E: 100.0,
	0x10B7F: 1000.0,
	0x10BA9: 1.0,
	0x10BAA: 2.0,
	0x10BAB: 3.0,
	0x10BAC: 4.0,
	0x10BAD: 10.0,
	0x10BAE: 20.0,
	0x10BAF: 100.0,
	0x10CFA: 1.0,
	0x10CFB: 5.0,
	0x10CFC: 10.0,
	0x10CFD: 50.0,
	0x10CFE: 100.0,
	0x10CFF: 1000.0,
	0x10D30: 0.0,
	0x10D31: 1.0,
	0x10D32: 2.0,
	0x10D33: 3.0,
	0x10D34: 4.0,
	0x10D35: 5.0,
	0x10D36: 6.0,
	0x10D37: 7.0,
	0x10D38: 8.0,
	0x10D39: 9.0,
	0x10D40: 0.0,
	0x10D41: 1.0,
	0x10D42: 2.0,
	0x10D43: 3.0,
	0x10D44: 4.0,
	0x10D45: 5.0,
	0x10D46: 6.0,
	0x10D47: 7.0,
	0x10D48: 8.0,
	0x10D49: 9.0,
	0x10E60: 1.0,
	0x10E61: 2.0,
	0x10E62: 3.0,
	0x10E63: 4.0,
	0x10E64: 5.0,
	0x10E65: 6.0,
	0x10E66: 7.0,
	0x10E67: 8.0,
	0x10E68: 9.0,
	0x10E69: 10.0,
	0x10E6A: 20.0,
	0x10E6B: 30.0,
	0x10E6C: 40.0,
	0x10E6D: 50.0,
	0x10E6E: 60.0,
	0x10E6F: 70.0,
	0x10E70: 80.0,
	0x10E71: 90.0,
	0x10E72: 100.0,
	0x10E73: 200.0,
	0x10E74: 300.0,
	0x10E75: 400.0,
	0x10E76: 500.0,
	0x10E77: 600.0,
	0x10E78: 700.0,
	0x10E79: 800.0,
	0x10E7A: 900.0,
	0x10E7B: 0.5,
	0x10E7C: 0.25,
	0x10E7D: 0.3333333333333333,
	0x10E7E: 0.6666666666666666,
	0x10F1D: 1.0,
	0x10F1E: 2.0,
	0x10F1F: 3.0,
	0x10F20: 4.0,
	0x10F21: 5.0,
	0x10F22: 10.0,
	0x10F23: 20.0,
	0x10F24: 30.0,
	0x10F25: 100.0,
	0x10F26: 0.5,
	0x10F51: 1.0,
	0x10F52: 10.0,
	0x10F53: 20.0,
	0x10F54: 100.0,
	0x10FC5: 1.0,
	0x10FC6: 2.0,
	0x10FC7: 3.0,
	0x10FC8: 4.0,
	0x10FC9: 10.0,
	0x10FCA: 20.0,
	0x10FCB: 100.0,
	0x11052: 1.0,
	0x11053: 2.0,
	0x11054: 3.0,
	0x11055: 4.0,
	0x11056: 5.0,
	0x11057: 6.0,
	0x11058: 7.0,
	0x11059: 8.0,
	0x1105A: 9.0,
	0x1105B: 10.0,
	0x1105C: 20.0,
	0x1105D: 30.0,
	0x1105E: 40.0,
	0x1105F: 50.0,
	0x11060: 60.0,
	0x11061: 70.0,
	0x11062: 80.0,
	0x11063: 90.0,
	0x11064: 100.0,
	0x11065: 1000.0,
	0x11066: 0.0,
	0x11067: 1.0,
	0x11068: 2.0,
	0x11069: 3.0,
	0x1106A: 4.0,
	0x1106B: 5.0,
	0x1106C: 6.0,
	0x1106D: 7.0,
	0x1106E: 8.0,
	0x1106F: 9.0,
	0x110F0: 0.0,
	0x110F1: 1.0,
	0x110F2: 2.0,
	0x110F3: 3.0,
	0x110F4: 4.0,
	0x110F5: 5.0,
	0x110F6: 6.0,
	0x110F7: 7.0,
	0x110F8: 8.0,
	0x110F9: 9.0,
	0x11136: 0.0,
	0x11137: 1.0,
	0x11138: 2.0,
	0x11139: 3.0,
	0x1113A: 4.0,
	0x1113B: 5.0,
	0x1113C: 6.0,
	0x1113D: 7.0,
	0x1113E: 8.0,
	0x1113F: 9.0,
	0x111D0: 0.0,
	0x111D1: 1.0,
	0x111D2: 2.0,
	0x111D3: 3.0,
	0x111D4: 4.0,
	0x111D5: 5.0,
	0x111D6: 6.0,
	0x111D7: 7.0,
	0x111D8: 8.0,
	0x111D9: 9.0,
	0x111E1: 1.0,
	0x111E2: 2.0,
	0x111E3: 3.0,
	0x111E4: 4.0,
	0x111E5: 5.0,
	0x111E6: 6.0,
	0x111E7: 7.0,
	0x111E8: 8.0,
	0x111E9: 9.0,
	0x111EA: 10.0,
	0x111EB: 20.0,
	0x111EC: 30.0,
	0x111ED: 40.0,
	0x111EE: 50.0,
	0x111EF: 60.0,
	0x111F0: 70.0,
	0x111F1: 80.0,
	0x111F2: 90.0,
	0x111F3: 100.0,
	0x111F4: 1000.0,
	0x112F0: 0.0,
	0x112F1: 1.0,
	0x112F2: 2.0,
	0x112F3: 3.0,
	0x112F4: 4.0,
	0x112F5: 5.0,
	0x112F6: 6.0,
	0x112F7: 7.0,
	0x112F8: 8.0,
	0x112F9: 9.0,
	0x11450: 0.0,
	0x11451: 1.0,
	0x11452: 2.0,
	0x11453: 3.0,
	0x11454: 4.0,
	0x11455: 5.0,
	0x11456: 6.0,
	0x11457: 7.0,
	0x11458: 8.0,
	0x11459: 9.0,
	0x114D0: 0.0,
	0x114D1: 1.0,
	0x114D2: 2.0,
	0x114D3: 3.0,
	0x114D4: 4.0,
	0x114D5: 5.0,
	0x114D6: 6.0,
	0x114D7: 7.0,
	0x114D8: 8.0,
	0x114D9: 9.0,
	0x11650: 0.0,
	0x11651: 1.0,
	0x11652: 2.0,
	0x11653: 3.0,
	0x11654: 4.0,
	0x11655: 5.0,
	0x11656: 6.0,
	0x11657: 7.0,
	0x11658: 8.0,
	0x11659: 9.0,
	0x116C0: 0.0,
	0x116C1: 1.0,
	0x116C2: 2.0,
	0x116C3: 3.0,
	0x116C4: 4.0,
	0x116C5: 5.0,
	0x116C6: 6.0,
	0x116C7: 7.0,
	0x116C8: 8.0,
	0x116C9: 9.0,
	0x116D0: 0.0,
	0x116D1: 1.0,
	0x116D2: 2.0,
	0x116D3: 3.0,
	0x116D4: 4.0,
	0x116D5: 5.0,
	0x116D6: 6.0,
	0x116D7: 7.0,
	0x116D8: 8.0,
	0x116D9: 9.0,
	0x116DA: 0.0,
	0x116DB: 1.0,
	0x116DC: 2.0,
	0x116DD: 3.0,
	0x116DE: 4.0,
	0x116DF: 5.0,
	0x116E0: 6.0,
	0x116E1: 7.0,
	0x116E2: 8.0,
	0x116E3: 9.0,
	0x11730: 0.0,
	0x11731: 1.0,
	0x11732: 2.0,
	0x11733: 3.0,
	0x11734: 4.0,
	0x11735: 5.0,
	0x11736: 6.0,
	0x11737: 7.0,
	0x11738: 8.0,
	0x11739: 9.0,
	0x1173A: 10.0,
	0x1173B: 20.0,
	0x118E0: 0.0,
	0x118E1: 1.0,
	0x118E2: 2.0,
	0x118E3: 3.0,
	0x118E4: 4.0,
	0x118E5: 5.0,
	0x118E6: 6.0,
	0x118E7: 7.0,
	0x118E8: 8.0,
	0x118E9: 9.0,
	0x118EA: 10.0,
	0x118EB: 20.0,
	0x118EC: 30.0,
	0x118ED: 40.0,
	0x118EE: 50.0,
	0x118EF: 60.0,
	0x118F0: 70.0,
	0x118F1: 80.0,
	0x118F2: 90.0,
	0x11950: 0.0,
	0x11951: 1.0,
	0x11952: 2.0,
	0x11953: 3.0,
	0x11954: 4.0,
	0x11955: 5.0,
	0x11956: 6.0,
	0x11957: 7.0,
	0x11958: 8.0,
	0x11959: 9.0,
	0x11BF0: 0.0,
	0x11BF1: 1.0,
	0x11BF2: 2.0,
	0x11BF3: 3.0,
	0x11BF4: 4.0,
	0x11BF5: 5.0,
	0x11BF6: 6.0,
	0x11BF7: 7.0,
	0x11BF8: 8.0,
	0x11BF9: 9.0,
	0x11C50: 0.0,
	0x11C51: 1.0,
	0x11C52: 2.0,
	0x11C53: 3.0,
	0x11C54: 4.0,
	0x11C55: 5.0,
	0x11C56: 6.0,
	0x11C57: 7.0,
	0x11C58: 8.0,
	0x11C59: 9.0,
	0x11C5A: 1.0,
	0x11C5B: 2.0,
	0x11C5C: 3.0,
	0x11C5D: 4.0,
	0x11C5E: 5.0,
	0x11C5F: 6.0,
	0x11C60: 7.0,
	0x11C61: 8.0,
	0x11C62: 9.0,
	0x11C63: 10.0,
	0x11C64: 20.0,
	0x11C65: 30.0,
	0x11C66: 40.0,
	0x11C67: 50.0,
	0x11C68: 60.0,
	0x11C69: 70.0,
	0x11C6A: 80.0,
	0x11C6B: 90.0,
	0x11C6C: 100.0,
	0x11D50: 0.0,
	0x11D51: 1.0,
	0x11D52: 2.0,
	0x11D53: 3.0,
	0x11D54: 4.0,
	0x11D55: 5.0,
	0x11D56: 6.0,
	0x11D57: 7.0,
	0x11D58: 8.0,
	0x11D59: 9.0,
	0x11DA0: 0.0,
	0x11DA1: 1.0,
	0x11DA2: 2.0,
	0x11DA3: 3.0,
	0x11DA4: 4.0,
	0x11DA5: 5.0,
	0x11DA6: 6.0,
	0x11DA7: 7.0,
	0x11DA8: 8.0,
	0x11DA9: 9.0,
	0x11F50: 0.0,
	0x11F51: 1.0,
	0x11F52: 2.0,
	0x11F53: 3.0,
	0x11F54: 4.0,
	0x11F55: 5.0,
	0x11F56: 6.0,
	0x11F57: 7.0,
	0x11F58: 8.0,
	0x11F59: 9.0,
	0x11FC0: 0.003125,
	0x11FC1: 0.00625,
	0x11FC2: 0.0125,
	0x11FC3: 0.015625,
	0x11FC4: 0.025,
	0x11FC5: 0.03125,
	0x11FC6: 0.0375,
	0x11FC7: 0.046875,
	0x11FC8: 0.05,
	0x11FC9: 0.0625,
	0x11FCA: 0.0625,
	0x11FCB: 0.1,
	0x11FCC: 0.125,
	0x11FCD: 0.15,
	0x11FCE: 0.1875,
	0x11FCF: 0.2,
	0x11FD0: 0.25,
	0x11FD1: 0.5,
	0x11FD2: 0.5,
	0x11FD3: 0.75,
	0x11FD4: 0.003125,
	0x12400: 2.0,
	0x12401: 3.0,
	0x12402: 4.0,
	0x12403: 5.0,
	0x12404: 6.0,
	0x12405: 7.0,
	0x12406: 8.0,
	0x12407: 9.0,
	0x12408: 3.0,
	0x12409: 4.0,
	0x1240A: 5.0,
	0x1240B: 6.0,
	0x1240C: 7.0,
	0x1240D: 8.0,
	0x1240E: 9.0,
	0x1240F: 4.0,
	0x12410: 5.0,
	0x12411: 6.0,
	0x12412: 7.0,
	0x12413: 8.0,
	0x12414: 9.0,
	0x12415: 1.0,
	0x12416: 2.0,
	0x12417: 3.0,
	0x12418: 4.0,
	0x12419: 5.0,
	0x1241A: 6.0,
	0x1241B: 7.0,
	0x1241C: 8.0,
	0x1241D: 9.0,
	0x1241E: 1.0,
	0x1241F: 2.0,
	0x12420: 3.0,
	0x12421: 4.0,
	0x12422: 5.0,
	0x12423: 2.0,
	0x12424: 3.0,
	0x12425: 3.0,
	0x12426: 4.0,
	0x12427: 5.0,
	0x12428: 6.0,
	0x12429: 7.0,
	0x1242A: 8.0,
	0x1242B: 9.0,
	0x1242C: 1.0,
	0x1242D: 2.0,
	0x1242E: 3.0,
	0x1242F: 3.0,
	0x12430: 4.0,
	0x12431: 5.0,
	0x12432: 216000.0,
	0x12433: 432000.0,
	0x12434: 1.0,
	0x12435: 2.0,
	0x12436: 3.0,
	0x12437: 3.0,
	0x12438: 4.0,
	0x12439: 5.0,
	0x1243A: 3.0,
	0x1243B: 3.0,
	0x1243C: 4.0,
	0x1243D: 4.0,
	0x1243E: 4.0,
	0x1243F: 4.0,
	0x12440: 6.0,
	0x12441: 7.0,
	0x12442: 7.0,
	0x12443: 7.0,
	0x12444: 8.0,
	0x12445: 8.0,
	0x12446: 9.0,
	0x12447: 9.0,
	0x12448: 9.0,
	0x12449: 9.0,
	0x1244A: 2.0,
	0x1244B: 3.0,
	0x1244C: 4.0,
	0x1244D: 5.0,
	0x1244E: 6.0,
	0x1244F: 1.0,
	0x12450: 2.0,
	0x12451: 3.0,
	0x12452: 4.0,
	0x12453: 4.0,
	0x12454: 5.0,
	0x12455: 5.0,
	0x12456: 2.0,
	0x12457: 3.0,
	0x12458: 1.0,
	0x12459: 2.0,
	0x1245A: 0.3333333333333333,
	0x1245B: 0.6666666666666666,
	0x1245C: 0.8333333333333334,
	0x1245D: 0.3333333333333333,
	0x1245E: 0.6666666666666666,
	0x1245F: 0.125,
	0x12460: 0.25,
	0x12461: 0.16666666666666666,
	0x12462: 0.25,
	0x12463: 0.25,
	0x12464: 0.5,
	0x12465: 0.3333333333333333,
	0x12466: 0.6666666666666666,
	0x12467: 40.0,
	0x12468: 50.0,
	0x12469: 4.0,
	0x1246A: 5.0,
	0x1246B: 6.0,
	0x1246C: 7.0,
	0x1246D: 8.0,
	0x1246E: 9.0,
	0x16130: 0.0,
	0x16131: 1.0,
	0x16132: 2.0,
	0x16133: 3.0,
	0x16134: 4.0,
	0x16135: 5.0,
	0x16136: 6.0,
	0x16137: 7.0,
	0x16138: 8.0,
	0x16139: 9.0,
	0x16A60: 0.0,
	0x16A61: 1.0,
	0x16A62: 2.0,
	0x16A63: 3.0,
	0x16A64: 4.0,
	0x16A65: 5.0,
	0x16A66: 6.0,
	0x16A67: 7.0,
	0x16A68: 8.0,
	0x16A69: 9.0,
	0x16AC0: 0.0,
	0x16AC1: 1.0,
	0x16AC2: 2.0,
	0x16AC3: 3.0,
	0x16AC4: 4.0,
	0x16AC5: 5.0,
	0x16AC6: 6.0,
	0x16AC7: 7.0,
	0x16AC8: 8.0,
	0x16AC9: 9.0,
	0x16B50: 0.0,
	0x16B51: 1.0,
	0x16B52: 2.0,
	0x16B53: 3.0,
	0x16B54: 4.0,
	0x16B55: 5.0,
	0x16B56: 6.0,
	0x16B57: 7.0,
	0x16B58: 8.0,
	0x16B59: 9.0,
	0x16B5B: 10.0,
	0x16B5C: 100.0,
	0x16B5D: 10000.0,
	0x16B5E: 1000000.0,
	0x16B5F: 100000000.0,
	0x16B60: 10000000000.0,
	0x16B61: 1000000000000.0,
	0x16D70: 0.0,
	0x16D71: 1.0,
	0x16D72: 2.0,
	0x16D73: 3.0,
	0x16D74: 4.0,
	0x16D75: 5.0,
	0x16D76: 6.0,
	0x16D77: 7.0,
	0x16D78: 8.0,
	0x16D79: 9.0,
	0x16E80: 0.0,
	0x16E81: 1.0,
	0x16E82: 2.0,
	0x16E83: 3.0,
	0x16E84: 4.0,
	0x16E85: 5.0,
	0x16E86: 6.0,
	0x16E87: 7.0,
	0x16E88: 8.0,
	0x16E89: 9.0,
	0x16E8A: 10.0,
	0x16E8B: 11.0,
	0x16E8C: 12.0,
	0x16E8D: 13.0,
	0x16E8E: 14.0,
	0x16E8F: 15.0,
	0x16E90: 16.0,
	0x16E91: 17.0,
	0x16E92: 18.0,
	0x16E93: 19.0,
	0x16E94: 1.0,
	0x16E95: 2.0,
	0x16E96: 3.0,
	0x1CCF0: 0.0,
	0x1CCF1: 1.0,
	0x1CCF2: 2.0,
	0x1CCF3: 3.0,
	0x1CCF4: 4.0,
	0x1CCF5: 5.0,
	0x1CCF6: 6.0,
	0x1CCF7: 7.0,
	0x1CCF8: 8.0,
	0x1CCF9: 9.0,
	0x1D2C0: 0.0,
	0x1D2C1: 1.0,
	0x1D2C2: 2.0,
	0x1D2C3: 3.0,
	0x1D2C4: 4.0,
	0x1D2C5: 5.0,
	0x1D2C6: 6.0,
	0x1D2C7: 7.0,
	0x1D2C8: 8.0,
	0x1D2C9: 9.0,
	0x1D2CA: 10.0,
	0x1D2CB: 11.0,
	0x1D2CC: 12.0,
	0x1D2CD: 13.0,
	0x1D2CE: 14.0,
	0x1D2CF: 15.0,
	0x1D2D0: 16.0,
	0x1D2D1: 17.0,
	0x1D2D2: 18.0,
	0x1D2D3: 19.0,
	0x1D2E0: 0.0,
	0x1D2E1: 1.0,
	0x1D2E2: 2.0,
	0x1D2E3: 3.0,
	0x1D2E4: 4.0,
	0x1D2E5: 5.0,
	0x1D2E6: 6.0,
	0x1D2E7: 7.0,
	0x1D2E8: 8.0,
	0x1D2E9: 9.0,
	0x1D2EA: 10.0,
	0x1D2EB: 11.0,
	0x1D2EC: 12.0,
	0x1D2ED: 13.0,
	0x1D2EE: 14.0,
	0x1D2EF: 15.0,
	0x1D2F0: 16.0,
	0x1D2F1: 17.0,
	0x1D2F2: 18.0,
	0x1D2F3: 19.0,
	0x1D360: 1.0,
	0x1D361: 2.0,
	0x1D362: 3.0,
	0x1D363: 4.0,
	0x1D364: 5.0,
	0x1D365: 6.0,
	0x1D366: 7.0,
	0x1D367: 8.0,
	0x1D368: 9.0,
	0x1D369: 10.0,
	0x1D36A: 20.0,
	0x1D36B: 30.0,
	0x1D36C: 40.0,
	0x1D36D: 50.0,
	0x1D36E: 60.0,
	0x1D36F: 70.0,
	0x1D370: 80.0,
	0x1D371: 90.0,
	0x1D372: 1.0,
	0x1D373: 2.0,
	0x1D374: 3.0,
	0x1D375: 4.0,
	0x1D376: 5.0,
	0x1D377: 1.0,
	0x1D378: 5.0,
	0x1D7CE: 0.0,
	0x1D7CF: 1.0,
	0x1D7D0: 2.0,
	0x1D7D1: 3.0,
	0x1D7D2: 4.0,
	0x1D7D3: 5.0,
	0x1D7D4: 6.0,
	0x1D7D5: 7.0,
	0x1D7D6: 8.0,
	0x1D7D7: 9.0,
	0x1D7D8: 0.0,
	0x1D7D9: 1.0,
	0x1D7DA: 2.0,
	0x1D7DB: 3.0,
	0x1D7DC: 4.0,
	0x1D7DD: 5.0,
	0x1D7DE: 6.0,
	0x1D7DF: 7.0,
	0x1D7E0: 8.0,
	0x1D7E1: 9.0,
	0x1D7E2: 0.0,
	0x1D7E3: 1.0,
	0x1D7E4: 2.0,
	0x1D7E5: 3.0,
	0x1D7E6: 4.0,
	0x1D7E7: 5.0,
	0x1D7E8: 6.0,
	0x1D7E9: 7.0,
	0x1D7EA: 8.0,
	0x1D7EB: 9.0,
	0x1D7EC: 0.0,
	0x1D7ED: 1.0,
	0x1D7EE: 2.0,
	0x1D7EF: 3.0,
	0x1D7F0: 4.0,
	0x1D7F1: 5.0,
	0x1D7F2: 6.0,
	0x1D7F3: 7.0,
	0x1D7F4: 8.0,
	0x1D7F5: 9.0,
	0x1D7F6: 0.0,
	0x1D7F7: 1.0,
	0x1D7F8: 2.0,
	0x1D7F9: 3.0,
	0x1D7FA: 4.0,
	0x1D7FB: 5.0,
	0x1D7FC: 6.0,
	0x1D7FD: 7.0,
	0x1D7FE: 8.0,
	0x1D7FF: 9.0,
	0x1E140: 0.0,
	0x1E141: 1.0,
	0x1E142: 2.0,
	0x1E143: 3.0,
	0x1E144: 4.0,
	0x1E145: 5.0,
	0x1E146: 6.0,
	0x1E147: 7.0,
	0x1E148: 8.0,
	0x1E149: 9.0,
	0x1E2F0: 0.0,
	0x1E2F1: 1.0,
	0x1E2F2: 2.0,
	0x1E2F3: 3.0,
	0x1E2F4: 4.0,
	0x1E2F5: 5.0,
	0x1E2F6: 6.0,
	0x1E2F7: 7.0,
	0x1E2F8: 8.0,
	0x1E2F9: 9.0,
	0x1E4F0: 0.0,
	0x1E4F1: 1.0,
	0x1E4F2: 2.0,
	0x1E4F3: 3.0,
	0x1E4F4: 4.0,
	0x1E4F5: 5.0,
	0x1E4F6: 6.0,
	0x1E4F7: 7.0,
	0x1E4F8: 8.0,
	0x1E4F9: 9.0,
	0x1E5F1: 0.0,
	0x1E5F2: 1.0,
	0x1E5F3: 2.0,
	0x1E5F4: 3.0,
	0x1E5F5: 4.0,
	0x1E5F6: 5.0,
	0x1E5F7: 6.0,
	0x1E5F8: 7.0,
	0x1E5F9: 8.0,
	0x1E5FA: 9.0,
	0x1E8C7: 1.0,
	0x1E8C8: 2.0,
	0x1E8C9: 3.0,
	0x1E8CA: 4.0,
	0x1E8CB: 5.0,
	0x1E8CC: 6.0,
	0x1E8CD: 7.0,
	0x1E8CE: 8.0,
	0x1E8CF: 9.0,
	0x1E950: 0.0,
	0x1E951: 1.0,
	0x1E952: 2.0,
	0x1E953: 3.0,
	0x1E954: 4.0,
	0x1E955: 5.0,
	0x1E956: 6.0,
	0x1E957: 7.0,
	0x1E958: 8.0,
	0x1E959: 9.0,
	0x1EC71: 1.0,
	0x1EC72: 2.0,
	0x1EC73: 3.0,
	0x1EC74: 4.0,
	0x1EC75: 5.0,
	0x1EC76: 6.0,
	0x1EC77: 7.0,
	0x1EC78: 8.0,
	0x1EC79: 9.0,
	0x1EC7A: 10.0,
	0x1EC7B: 20.0,
	0x1EC7C: 30.0,
	0x1EC7D: 40.0,
	0x1EC7E: 50.0,
	0x1EC7F: 60.0,
	0x1EC80: 70.0,
	0x1EC81: 80.0,
	0x1EC82: 90.0,
	0x1EC83: 100.0,
	0x1EC84: 200.0,
	0x1EC85: 300.0,
	0x1EC86: 400.0,
	0x1EC87: 500.0,
	0x1EC88: 600.0,
	0x1EC89: 700.0,
	0x1EC8A: 800.0,
	0x1EC8B: 900.0,
	0x1EC8C: 1000.0,
	0x1EC8D: 2000.0,
	0x1EC8E: 3000.0,
	0x1EC8F: 4000.0,
	0x1EC90: 5000.0,
	0x1EC91: 6000.0,
	0x1EC92: 7000.0,
	0x1EC93: 8000.0,
	0x1EC94: 9000.0,
	0x1EC95: 10000.0,
	0x1EC96: 20000.0,
	0x1EC97: 30000.0,
	0x1EC98: 40000.0,
	0x1EC99: 50000.0,
	0x1EC9A: 60000.0,
	0x1EC9B: 70000.0,
	0x1EC9C: 80000.0,
	0x1EC9D: 90000.0,
	0x1EC9E: 100000.0,
	0x1EC9F: 200000.0,
	0x1ECA0: 100000.0,
	0x1ECA1: 10000000.0,
	0x1ECA2: 20000000.0,
	0x1ECA3: 1.0,
	0x1ECA4: 2.0,
	0x1ECA5: 3.0,
	0x1ECA6: 4.0,
	0x1ECA7: 5.0,
	0x1ECA8: 6.0,
	0x1ECA9: 7.0,
	0x1ECAA: 8.0,
	0x1ECAB: 9.0,
	0x1ECAD: 0.25,
	0x1ECAE: 0.5,
	0x1ECAF: 0.75,
	0x1ECB1: 1.0,
	0x1ECB2: 2.0,
	0x1ECB3: 10000.0,
	0x1ECB4: 100000.0,
	0x1ED01: 1.0,
	0x1ED02: 2.0,
	0x1ED03: 3.0,
	0x1ED04: 4.0,
	0x1ED05: 5.0,
	0x1ED06: 6.0,
	0x1ED07: 7.0,
	0x1ED08: 8.0,
	0x1ED09: 9.0,
	0x1ED0A: 10.0,
	0x1ED0B: 20.0,
	0x1ED0C: 30.0,
	0x1ED0D: 40.0,
	0x1ED0E: 50.0,
	0x1ED0F: 60.0,
	0x1ED10: 70.0,
	0x1ED11: 80.0,
	0x1ED12: 90.0,
	0x1ED13: 100.0,
	0x1ED14: 200.0,
	0x1ED15: 300.0,
	0x1ED16: 400.0,
	0x1ED17: 500.0,
	0x1ED18: 600.0,
	0x1ED19: 700.0,
	0x1ED1A: 800.0,
	0x1ED1B: 900.0,
	0x1ED1C: 1000.0,
	0x1ED1D: 2000.0,
	0x1ED1E: 3000.0,
	0x1ED1F: 4000.0,
	0x1ED20: 5000.0,
	0x1ED21: 6000.0,
	0x1ED22: 7000.0,
	0x1ED23: 8000.0,
	0x1ED24: 9000.0,
	0x1ED25: 10000.0,
	0x1ED26: 20000.0,
	0x1ED27: 30000.0,
	0x1ED28: 40000.0,
	0x1ED29: 50000.0,
	0x1ED2A: 60000.0,
	0x1ED2B: 70000.0,
	0x1ED2C: 80000.0,
	0x1ED2D: 90000.0,
	0x1ED2F: 2.0,
	0x1ED30: 3.0,
	0x1ED31: 4.0,
	0x1ED32: 5.0,
	0x1ED33: 6.0,
	0x1ED34: 7.0,
	0x1ED35: 8.0,
	0x1ED36: 9.0,
	0x1ED37: 10.0,
	0x1ED38: 400.0,
	0x1ED39: 600.0,
	0x1ED3A: 2000.0,
	0x1ED3B: 10000.0,
	0x1ED3C: 0.5,
	0x1ED3D: 0.16666666666666666,
	0x1F100: 0.0,
	0x1F101: 0.0,
	0x1F102: 1.0,
	0x1F103: 2.0,
	0x1F104: 3.0,
	0x1F105: 4.0,
	0x1F106: 5.0,
	0x1F107: 6.0,
	0x1F108: 7.0,
	0x1F109: 8.0,
	0x1F10A: 9.0,
	0x1F10B: 0.0,
	0x1F10C: 0.0,
	0x1FBF0: 0.0,
	0x1FBF1: 1.0,
	0x1FBF2: 2.0,
	0x1FBF3: 3.0,
	0x1FBF4: 4.0,
	0x1FBF5: 5.0,
	0x1FBF6: 6.0,
	0x1FBF7: 7.0,
	0x1FBF8: 8.0,
	0x1FBF9: 9.0,
	0x20001: 7.0,
	0x20064: 4.0,
	0x200E2: 4.0,
	0x20121: 5.0,
	0x2092A: 1.0,
	0x20983: 30.0,
	0x2098C: 40.0,
	0x2099C: 40.0,
	0x20AEA: 6.0,
	0x20AFD: 3.0,
	0x20B19: 3.0,
	0x22390: 2.0,
	0x22998: 3.0,
	0x23B1B: 3.0,
	0x2626D: 4.0,
	0x2F890: 9.0,
}

var ucdMirrored = map[rune]bool{
	0x28:    true,
	0x29:    true,
	0x3C:    true,
	0x3E:    true,
	0x5B:    true,
	0x5D:    true,
	0x7B:    true,
	0x7D:    true,
	0xAB:    true,
	0xBB:    true,
	0xF3A:   true,
	0xF3B:   true,
	0xF3C:   true,
	0xF3D:   true,
	0x169B:  true,
	0x169C:  true,
	0x2039:  true,
	0x203A:  true,
	0x2045:  true,
	0x2046:  true,
	0x207D:  true,
	0x207E:  true,
	0x208D:  true,
	0x208E:  true,
	0x2140:  true,
	0x2201:  true,
	0x2202:  true,
	0x2203:  true,
	0x2204:  true,
	0x2208:  true,
	0x2209:  true,
	0x220A:  true,
	0x220B:  true,
	0x220C:  true,
	0x220D:  true,
	0x2211:  true,
	0x2215:  true,
	0x2216:  true,
	0x221A:  true,
	0x221B:  true,
	0x221C:  true,
	0x221D:  true,
	0x221F:  true,
	0x2220:  true,
	0x2221:  true,
	0x2222:  true,
	0x2224:  true,
	0x2226:  true,
	0x222B:  true,
	0x222C:  true,
	0x222D:  true,
	0x222E:  true,
	0x222F:  true,
	0x2230:  true,
	0x2231:  true,
	0x2232:  true,
	0x2233:  true,
	0x2239:  true,
	0x223B:  true,
	0x223C:  true,
	0x223D:  true,
	0x223E:  true,
	0x223F:  true,
	0x2240:  true,
	0x2241:  true,
	0x2242:  true,
	0x2243:  true,
	0x2244:  true,
	0x2245:  true,
	0x2246:  true,
	0x2247:  true,
	0x2248:  true,
	0x2249:  true,
	0x224A:  true,
	0x224B:  true,
	0x224C:  true,
	0x2252:  true,
	0x2253:  true,
	0x2254:  true,
	0x2255:  true,
	0x225F:  true,
	0x2260:  true,
	0x2262:  true,
	0x2264:  true,
	0x2265:  true,
	0x2266:  true,
	0x2267:  true,
	0x2268:  true,
	0x2269:  true,
	0x226A:  true,
	0x226B:  true,
	0x226D:  true,
	0x226E:  true,
	0x226F:  true,
	0x2270:  true,
	0x2271:  true,
	0x2272:  true,
	0x2273:  true,
	0x2274:  true,
	0x2275:  true,
	0x2276:  true,
	0x2277:  true,
	0x2278:  true,
	0x2279:  true,
	0x227A:  true,
	0x227B:  true,
	0x227C:  true,
	0x227D:  true,
	0x227E:  true,
	0x227F:  true,
	0x2280:  true,
	0x2281:  true,
	0x2282:  true,
	0x2283:  true,
	0x2284:  true,
	0x2285:  true,
	0x2286:  true,
	0x2287:  true,
	0x2288:  true,
	0x2289:  true,
	0x228A:  true,
	0x228B:  true,
	0x228C:  true,
	0x228F:  true,
	0x2290:  true,
	0x2291:  true,
	0x2292:  true,
	0x2298:  true,
	0x22A2:  true,
	0x22A3:  true,
	0x22A6:  true,
	0x22A7:  true,
	0x22A8:  true,
	0x22A9:  true,
	0x22AA:  true,
	0x22AB:  true,
	0x22AC:  true,
	0x22AD:  true,
	0x22AE:  true,
	0x22AF:  true,
	0x22B0:  true,
	0x22B1:  true,
	0x22B2:  true,
	0x22B3:  true,
	0x22B4:  true,
	0x22B5:  true,
	0x22B6:  true,
	0x22B7:  true,
	0x22B8:  true,
	0x22BE:  true,
	0x22BF:  true,
	0x22C9:  true,
	0x22CA:  true,
	0x22CB:  true,
	0x22CC:  true,
	0x22CD:  true,
	0x22D0:  true,
	0x22D1:  true,
	0x22D6:  true,
	0x22D7:  true,
	0x22D8:  true,
	0x22D9:  true,
	0x22DA:  true,
	0x22DB:  true,
	0x22DC:  true,
	0x22DD:  true,
	0x22DE:  true,
	0x22DF:  true,
	0x22E0:  true,
	0x22E1:  true,
	0x22E2:  true,
	0x22E3:  true,
	0x22E4:  true,
	0x22E5:  true,
	0x22E6:  true,
	0x22E7:  true,
	0x22E8:  true,
	0x22E9:  true,
	0x22EA:  true,
	0x22EB:  true,
	0x22EC:  true,
	0x22ED:  true,
	0x22F0:  true,
	0x22F1:  true,
	0x22F2:  true,
	0x22F3:  true,
	0x22F4:  true,
	0x22F5:  true,
	0x22F6:  true,
	0x22F7:  true,
	0x22F8:  true,
	0x22F9:  true,
	0x22FA:  true,
	0x22FB:  true,
	0x22FC:  true,
	0x22FD:  true,
	0x22FE:  true,
	0x22FF:  true,
	0x2308:  true,
	0x2309:  true,
	0x230A:  true,
	0x230B:  true,
	0x2320:  true,
	0x2321:  true,
	0x2329:  true,
	0x232A:  true,
	0x2768:  true,
	0x2769:  true,
	0x276A:  true,
	0x276B:  true,
	0x276C:  true,
	0x276D:  true,
	0x276E:  true,
	0x276F:  true,
	0x2770:  true,
	0x2771:  true,
	0x2772:  true,
	0x2773:  true,
	0x2774:  true,
	0x2775:  true,
	0x27C0:  true,
	0x27C3:  true,
	0x27C4:  true,
	0x27C5:  true,
	0x27C6:  true,
	0x27C8:  true,
	0x27C9:  true,
	0x27CB:  true,
	0x27CC:  true,
	0x27CD:  true,
	0x27D3:  true,
	0x27D4:  true,
	0x27D5:  true,
	0x27D6:  true,
	0x27DC:  true,
	0x27DD:  true,
	0x27DE:  true,
	0x27E2:  true,
	0x27E3:  true,
	0x27E4:  true,
	0x27E5:  true,
	0x27E6:  true,
	0x27E7:  true,
	0x27E8:  true,
	0x27E9:  true,
	0x27EA:  true,
	0x27EB:  true,
	0x27EC:  true,
	0x27ED:  true,
	0x27EE:  true,
	0x27EF:  true,
	0x2983:  true,
	0x2984:  true,
	0x2985:  true,
	0x2986:  true,
	0x2987:  true,
	0x2988:  true,
	0x2989:  true,
	0x298A:  true,
	0x298B:  true,
	0x298C:  true,
	0x298D:  true,
	0x298E:  true,
	0x298F:  true,
	0x2990:  true,
	0x2991:  true,
	0x2992:  true,
	0x2993:  true,
	0x2994:  true,
	0x2995:  true,
	0x2996:  true,
	0x2997:  true,
	0x2998:  true,
	0x299B:  true,
	0x299C:  true,
	0x299D:  true,
	0x299E:  true,
	0x299F:  true,
	0x29A0:  true,
	0x29A2:  true,
	0x29A3:  true,
	0x29A4:  true,
	0x29A5:  true,
	0x29A6:  true,
	0x29A7:  true,
	0x29A8:  true,
	0x29A9:  true,
	0x29AA:  true,
	0x29AB:  true,
	0x29AC:  true,
	0x29AD:  true,
	0x29AE:  true,
	0x29AF:  true,
	0x29B8:  true,
	0x29C0:  true,
	0x29C1:  true,
	0x29C2:  true,
	0x29C3:  true,
	0x29C4:  true,
	0x29C5:  true,
	0x29C9:  true,
	0x29CE:  true,
	0x29CF:  true,
	0x29D0:  true,
	0x29D1:  true,
	0x29D2:  true,
	0x29D4:  true,
	0x29D5:  true,
	0x29D8:  true,
	0x29D9:  true,
	0x29DA:  true,
	0x29DB:  true,
	0x29DC:  true,
	0x29E1:  true,
	0x29E3:  true,
	0x29E4:  true,
	0x29E5:  true,
	0x29E8:  true,
	0x29E9:  true,
	0x29F4:  true,
	0x29F5:  true,
	0x29F6:  true,
	0x29F7:  true,
	0x29F8:  true,
	0x29F9:  true,
	0x29FC:  true,
	0x29FD:  true,
	0x2A0A:  true,
	0x2A0B:  true,
	0x2A0C:  true,
	0x2A0D:  true,
	0x2A0E:  true,
	0x2A0F:  true,
	0x2A10:  true,
	0x2A11:  true,
	0x2A12:  true,
	0x2A13:  true,
	0x2A14:  true,
	0x2A15:  true,
	0x2A16:  true,
	0x2A17:  true,
	0x2A18:  true,
	0x2A19:  true,
	0x2A1A:  true,
	0x2A1B:  true,
	0x2A1C:  true,
	0x2A1E:  true,
	0x2A1F:  true,
	0x2A20:  true,
	0x2A21:  true,
	0x2A24:  true,
	0x2A26:  true,
	0x2A29:  true,
	0x2A2B:  true,
	0x2A2C:  true,
	0x2A2D:  true,
	0x2A2E:  true,
	0x2A34:  true,
	0x2A35:  true,
	0x2A3C:  true,
	0x2A3D:  true,
	0x2A3E:  true,
	0x2A57:  true,
	0x2A58:  true,
	0x2A64:  true,
	0x2A65:  true,
	0x2A6A:  true,
	0x2A6B:  true,
	0x2A6C:  true,
	0x2A6D:  true,
	0x2A6F:  true,
	0x2A70:  true,
	0x2A73:  true,
	0x2A74:  true,
	0x2A79:  true,
	0x2A7A:  true,
	0x2A7B:  true,
	0x2A7C:  true,
	0x2A7D:  true,
	0x2A7E:  true,
	0x2A7F:  true,
	0x2A80:  true,
	0x2A81:  true,
	0x2A82:  true,
	0x2A83:  true,
	0x2A84:  true,
	0x2A85:  true,
	0x2A86:  true,
	0x2A87:  true,
	0x2A88:  true,
	0x2A89:  true,
	0x2A8A:  true,
	0x2A8B:  true,
	0x2A8C:  true,
	0x2A8D:  true,
	0x2A8E:  true,
	0x2A8F:  true,
	0x2A90:  true,
	0x2A91:  true,
	0x2A92:  true,
	0x2A93:  true,
	0x2A94:  true,
	0x2A95:  true,
	0x2A96:  true,
	0x2A97:  true,
	0x2A98:  true,
	0x2A99:  true,
	0x2A9A:  true,
	0x2A9B:  true,
	0x2A9C:  true,
	0x2A9D:  true,
	0x2A9E:  true,
	0x2A9F:  true,
	0x2AA0:  true,
	0x2AA1:  true,
	0x2AA2:  true,
	0x2AA3:  true,
	0x2AA6:  true,
	0x2AA7:  true,
	0x2AA8:  true,
	0x2AA9:  true,
	0x2AAA:  true,
	0x2AAB:  true,
	0x2AAC:  true,
	0x2AAD:  true,
	0x2AAF:  true,
	0x2AB0:  true,
	0x2AB1:  true,
	0x2AB2:  true,
	0x2AB3:  true,
	0x2AB4:  true,
	0x2AB5:  true,
	0x2AB6:  true,
	0x2AB7:  true,
	0x2AB8:  true,
	0x2AB9:  true,
	0x2ABA:  true,
	0x2ABB:  true,
	0x2ABC:  true,
	0x2ABD:  true,
	0x2ABE:  true,
	0x2ABF:  true,
	0x2AC0:  true,
	0x2AC1:  true,
	0x2AC2:  true,
	0x2AC3:  true,
	0x2AC4:  true,
	0x2AC5:  true,
	0x2AC6:  true,
	0x2AC7:  true,
	0x2AC8:  true,
	0x2AC9:  true,
	0x2ACA:  true,
	0x2ACB:  true,
	0x2ACC:  true,
	0x2ACD:  true,
	0x2ACE:  true,
	0x2ACF:  true,
	0x2AD0:  true,
	0x2AD1:  true,
	0x2AD2:  true,
	0x2AD3:  true,
	0x2AD4:  true,
	0x2AD5:  true,
	0x2AD6:  true,
	0x2ADC:  true,
	0x2ADE:  true,
	0x2AE2:  true,
	0x2AE3:  true,
	0x2AE4:  true,
	0x2AE5:  true,
	0x2AE6:  true,
	0x2AEC:  true,
	0x2AED:  true,
	0x2AEE:  true,
	0x2AF3:  true,
	0x2AF7:  true,
	0x2AF8:  true,
	0x2AF9:  true,
	0x2AFA:  true,
	0x2AFB:  true,
	0x2AFD:  true,
	0x2BFE:  true,
	0x2E02:  true,
	0x2E03:  true,
	0x2E04:  true,
	0x2E05:  true,
	0x2E09:  true,
	0x2E0A:  true,
	0x2E0C:  true,
	0x2E0D:  true,
	0x2E1C:  true,
	0x2E1D:  true,
	0x2E20:  true,
	0x2E21:  true,
	0x2E22:  true,
	0x2E23:  true,
	0x2E24:  true,
	0x2E25:  true,
	0x2E26:  true,
	0x2E27:  true,
	0x2E28:  true,
	0x2E29:  true,
	0x2E55:  true,
	0x2E56:  true,
	0x2E57:  true,
	0x2E58:  true,
	0x2E59:  true,
	0x2E5A:  true,
	0x2E5B:  true,
	0x2E5C:  true,
	0x3008:  true,
	0x3009:  true,
	0x300A:  true,
	0x300B:  true,
	0x300C:  true,
	0x300D:  true,
	0x300E:  true,
	0x300F:  true,
	0x3010:  true,
	0x3011:  true,
	0x3014:  true,
	0x3015:  true,
	0x3016:  true,
	0x3017:  true,
	0x3018:  true,
	0x3019:  true,
	0x301A:  true,
	0x301B:  true,
	0xFE59:  true,
	0xFE5A:  true,
	0xFE5B:  true,
	0xFE5C:  true,
	0xFE5D:  true,
	0xFE5E:  true,
	0xFE64:  true,
	0xFE65:  true,
	0xFF08:  true,
	0xFF09:  true,
	0xFF1C:  true,
	0xFF1E:  true,
	0xFF3B:  true,
	0xFF3D:  true,
	0xFF5B:  true,
	0xFF5D:  true,
	0xFF5F:  true,
	0xFF60:  true,
	0xFF62:  true,
	0xFF63:  true,
	0x1D6DB: true,
	0x1D715: true,
	0x1D74F: true,
	0x1D789: true,
	0x1D7C3: true,
}
